utc_time,direction,exec_price,mid_price,impact_%,lp_fee_usd,gas_cost_usd,all_in_price
2025-05-01 00:00:23,SELL,1792.380928,1793.277166,-0.0500,0.0451,0.8286,1775.926631
2025-05-01 00:00:35,BUY,1794.517187,1793.726510,0.0441,11.0798,0.4474,1794.553417
2025-05-01 00:00:35,BUY,1794.296130,1793.520806,0.0432,13.7158,3.1040,1794.499163
2025-05-01 00:00:47,SELL,1792.828285,1793.723789,-0.0499,0.1195,0.6181,1788.190756
2025-05-01 00:02:35,BUY,1794.621170,1793.723908,0.0500,0.0052,0.1548,1821.155755
2025-05-01 00:02:35,BUY,1794.700905,1793.883205,0.0456,6.9975,0.2835,1794.737261
2025-05-01 00:03:59,SELL,1792.839249,1793.604091,-0.0426,13.2680,2.3481,1792.680607
2025-05-01 00:04:11,SELL,1792.527905,1793.423819,-0.0500,0.0905,0.7640,1784.962349
2025-05-01 00:04:11,SELL,1792.618000,1793.425428,-0.0450,10.0526,2.0553,1792.434745
2025-05-01 00:04:35,BUY,1794.321293,1793.423846,0.0500,0.0015,0.1119,1862.425511
2025-05-01 00:04:47,BUY,1794.582756,1793.981662,0.0335,27.7462,0.1251,1794.586800
2025-05-01 00:04:59,BUY,1795.445946,1794.643269,0.0447,8.3483,0.1217,1795.459031
2025-05-01 00:04:59,BUY,1795.114964,1794.453183,0.0369,20.7104,0.1217,1795.120237
2025-05-01 00:04:59,BUY,1795.546165,1794.653514,0.0497,0.4499,0.1378,1795.821185
2025-05-01 00:05:11,BUY,1795.952104,1795.454831,0.0277,35.1876,11.0021,1796.232872
2025-05-01 00:05:23,BUY,1796.521255,1795.791162,0.0407,14.7726,2.7841,1796.690542
2025-05-01 00:06:11,BUY,1796.802996,1796.018033,0.0437,9.9644,1.8753,1796.972077
2025-05-01 00:06:35,BUY,1797.038803,1796.262542,0.0432,10.7383,1.8486,1797.193482
2025-05-01 00:06:47,SELL,1795.355309,1796.244330,-0.0495,0.7994,0.1507,1795.186060
2025-05-01 00:07:23,BUY,1797.144671,1796.247864,0.0499,0.1552,0.2858,1798.799116
2025-05-01 00:07:59,SELL,1795.346701,1796.241785,-0.0498,0.2669,0.6073,1793.303776
2025-05-01 00:07:59,SELL,1795.342949,1796.240368,-0.0500,0.0622,0.6073,1786.573624
2025-05-01 00:07:59,SELL,1795.338097,1796.232062,-0.0498,0.3646,0.6073,1793.842720
2025-05-01 00:08:23,SELL,1795.322810,1796.209778,-0.0494,0.9782,0.7580,1794.627225
2025-05-01 00:08:35,BUY,1797.108833,1796.209817,0.0501,0.0017,0.1252,1862.643173
2025-05-01 00:08:47,SELL,1795.309282,1796.204958,-0.0499,0.2133,0.6094,1792.744627
2025-05-01 00:08:47,SELL,1795.305413,1796.202080,-0.0499,0.1263,0.6094,1790.975546
2025-05-01 00:08:47,SELL,1795.302457,1796.199048,-0.0499,0.1331,0.6094,1791.192428
2025-05-01 00:08:47,SELL,1795.299582,1796.196329,-0.0499,0.1193,0.6094,1790.715980
2025-05-01 00:08:47,SELL,1795.296976,1796.193826,-0.0499,0.1099,0.6094,1790.318273
2025-05-01 00:08:59,BUY,1797.175939,1796.360881,0.0454,7.3364,0.9339,1797.290323
2025-05-01 00:09:11,BUY,1797.366300,1796.574359,0.0441,9.3746,0.2818,1797.393314
2025-05-01 00:09:35,SELL,1795.675154,1796.572531,-0.0499,0.0802,0.6159,1788.781121
2025-05-01 00:09:35,SELL,1795.673334,1796.570722,-0.0500,0.0794,0.6159,1788.710757
2025-05-01 00:09:35,SELL,1795.671544,1796.568956,-0.0500,0.0775,0.6159,1788.538098
2025-05-01 00:09:35,SELL,1795.669855,1796.567334,-0.0500,0.0712,0.6159,1787.898853
2025-05-01 00:09:35,SELL,1795.668297,1796.565837,-0.0500,0.0657,0.6159,1787.255335
2025-05-01 00:09:35,SELL,1795.666956,1796.564657,-0.0500,0.0518,0.6159,1784.984705
2025-05-01 00:09:35,SELL,1795.665703,1796.563336,-0.0500,0.0580,0.6159,1786.134494
2025-05-01 00:09:35,SELL,1795.664406,1796.562043,-0.0500,0.0567,0.6159,1785.916424
2025-05-01 00:09:35,SELL,1795.663106,1796.560755,-0.0500,0.0565,0.6159,1785.881641
2025-05-01 00:09:35,SELL,1795.661847,1796.559527,-0.0500,0.0539,0.6159,1785.399746
2025-05-01 00:09:35,SELL,1795.660660,1796.558353,-0.0500,0.0516,0.6159,1784.934593
2025-05-01 00:09:35,SELL,1795.659468,1796.557167,-0.0500,0.0520,0.6159,1785.032383
2025-05-01 00:09:35,SELL,1795.658386,1796.556204,-0.0500,0.0423,0.7776,1779.149438
2025-05-01 00:09:47,SELL,1795.657351,1796.555060,-0.0500,0.0502,0.6191,1784.589189
2025-05-01 00:09:47,SELL,1795.656177,1796.553871,-0.0500,0.0522,0.6191,1784.999243
2025-05-01 00:10:47,BUY,1797.546587,1796.741760,0.0448,8.2505,1.1420,1797.670987
2025-05-01 00:10:59,BUY,1797.887157,1797.234701,0.0363,21.6438,3.2647,1798.022753
2025-05-01 00:11:35,BUY,1798.154864,1797.276871,0.0489,1.8514,0.2257,1798.264477
2025-05-01 00:11:59,BUY,1798.667171,1798.258939,0.0227,43.1207,9.0011,1798.854900
2025-05-01 00:12:11,SELL,1797.357539,1798.254401,-0.0499,0.1991,0.2883,1796.056450
2025-05-01 00:12:23,SELL,1797.089605,1797.722862,-0.0352,23.3246,0.7753,1797.059739
2025-05-01 00:12:23,SELL,1797.355200,1798.254375,-0.0500,0.0011,0.2900,1565.378403
2025-05-01 00:13:11,SELL,1796.822533,1797.720717,-0.0500,0.0603,0.7642,1785.432577
2025-05-01 00:13:11,SELL,1796.823615,1797.722090,-0.0500,0.6920,0.1171,1796.671613
2025-05-01 00:13:59,SELL,1796.440567,1796.957795,-0.0288,33.4824,0.1280,1796.437134
2025-05-01 00:14:11,SELL,1795.065679,1795.858825,-0.0442,9.2045,0.1309,1795.052911
2025-05-01 00:14:11,SELL,1795.614838,1796.068504,-0.0253,39.0322,20.1861,1795.150522
2025-05-01 00:15:11,BUY,1796.932432,1796.209125,0.0403,15.3849,0.1138,1796.939076
2025-05-01 00:15:11,SELL,1795.310952,1796.208988,-0.0500,0.0060,0.4371,1729.920843
2025-05-01 00:15:47,BUY,1797.108075,1796.209980,0.0500,0.0436,1.0937,1819.667700
2025-05-01 00:16:59,SELL,1794.866204,1795.318247,-0.0252,39.1444,0.1294,1794.863239
2025-05-01 00:18:11,SELL,1794.110720,1794.698255,-0.0327,27.2119,5.4707,1793.930376
2025-05-01 00:18:23,BUY,1795.598525,1794.703190,0.0499,0.2167,0.1261,1796.120800
2025-05-01 00:18:59,SELL,1793.805226,1794.701964,-0.0500,0.0538,0.1059,1792.039425
2025-05-01 00:20:23,BUY,1795.735916,1794.974141,0.0424,11.9526,0.1277,1795.745511
2025-05-01 00:20:35,SELL,1794.072547,1794.965925,-0.0498,0.3606,0.7676,1792.163083
2025-05-01 00:20:59,SELL,1794.067244,1794.963527,-0.0499,0.1053,0.1570,1792.729059
2025-05-01 00:21:23,SELL,1794.065810,1794.963098,-0.0500,0.0188,0.2862,1780.436767
2025-05-01 00:22:23,BUY,1795.866741,1794.974517,0.0497,0.5015,0.3174,1796.435037
2025-05-01 00:23:35,SELL,1794.060626,1794.941694,-0.0491,1.4406,0.1367,1793.975531
2025-05-01 00:24:11,BUY,1795.929649,1795.121679,0.0450,7.9036,0.1229,1795.943611
2025-05-01 00:24:23,BUY,1796.077476,1795.237197,0.0468,5.0725,25.7566,1800.637458
2025-05-01 00:24:59,BUY,1796.135835,1795.238336,0.0500,0.0500,0.2845,1801.246278
2025-05-01 00:25:11,SELL,1794.336436,1795.229770,-0.0498,0.3759,0.1635,1793.946210
2025-05-01 00:26:23,BUY,1796.204737,1795.383503,0.0457,6.7503,0.4695,1796.267205
2025-05-01 00:26:35,BUY,1796.646690,1796.113269,0.0297,32.0514,3.6644,1796.749395
2025-05-01 00:26:59,SELL,1795.213690,1796.110226,-0.0499,0.1336,0.1342,1794.311930
2025-05-01 00:27:35,SELL,1794.805650,1795.296808,-0.0274,35.7066,0.1236,1794.802544
2025-05-01 00:28:11,SELL,1794.398919,1795.296328,-0.0500,0.0211,0.2857,1782.226108
2025-05-01 00:28:11,SELL,1794.398395,1795.295758,-0.0500,0.0250,0.1564,1788.785384
2025-05-01 00:28:23,SELL,1794.398019,1795.295576,-0.0500,0.0080,0.2891,1761.951902
2025-05-01 00:28:47,SELL,1794.395959,1795.291642,-0.0499,0.1726,0.1212,1793.765975
2025-05-01 00:29:11,SELL,1794.373253,1795.270591,-0.0500,0.0267,0.1199,1790.345311
2025-05-01 00:29:11,SELL,1794.383779,1795.271199,-0.0494,0.8972,0.1520,1794.231748
2025-05-01 00:29:35,SELL,1794.135301,1794.795075,-0.0368,20.8706,0.4253,1794.117020
2025-05-01 00:29:59,SELL,1793.896725,1794.793180,-0.0499,0.0832,0.1269,1792.529203
2025-05-01 00:30:11,BUY,1795.825255,1795.061515,0.0425,11.7836,0.1838,1795.839262
2025-05-01 00:30:47,SELL,1794.107382,1794.948257,-0.0468,4.9710,0.1254,1794.084745
2025-05-01 00:30:59,SELL,1794.027119,1794.900906,-0.0487,2.0783,0.8187,1793.673744
2025-05-01 00:31:23,SELL,1793.861632,1794.617128,-0.0421,12.4561,1.6532,1793.742589
2025-05-01 00:31:59,SELL,1793.714085,1794.605654,-0.0497,0.5036,0.1708,1793.409893
2025-05-01 00:32:59,BUY,1795.503697,1794.606235,0.0500,0.0255,0.7634,1822.381063
2025-05-01 00:33:35,BUY,1795.504500,1794.607229,0.0500,0.0436,0.1109,1797.785927
2025-05-01 00:33:59,SELL,1793.619625,1794.426543,-0.0450,7.9315,0.1250,1793.605492
2025-05-01 00:34:47,BUY,1795.374090,1794.526265,0.0472,4.3797,0.1231,1795.399314
2025-05-01 00:35:23,BUY,1795.764954,1794.871385,0.0498,0.3790,0.7769,1797.605465
2025-05-01 00:35:23,BUY,1795.592298,1794.862754,0.0406,14.7775,0.1307,1795.600241
2025-05-01 00:35:59,BUY,1795.776944,1794.886727,0.0496,0.6737,0.4503,1796.377014
2025-05-01 00:36:47,SELL,1793.985233,1794.878623,-0.0498,0.3557,0.1464,1793.616103
2025-05-01 00:37:47,SELL,1793.981543,1794.878922,-0.0500,0.0053,0.1660,1765.694342
2025-05-01 00:37:47,BUY,1795.776753,1794.879042,0.0500,0.0184,0.2027,1805.649555
2025-05-01 00:37:59,SELL,1793.981345,1794.878750,-0.0500,0.0076,0.1274,1778.888338
2025-05-01 00:38:59,BUY,1795.816469,1794.965839,0.0474,4.1523,0.4233,1795.907998
2025-05-01 00:38:59,SELL,1793.977577,1794.871283,-0.0498,0.3277,2.0354,1788.406935
2025-05-01 00:41:11,BUY,1795.971425,1795.181046,0.0440,9.4502,1.4651,1796.110641
2025-05-01 00:41:47,BUY,1796.174598,1795.371980,0.0447,8.3838,1.1230,1796.294901
2025-05-01 00:42:11,BUY,1796.324442,1795.480582,0.0470,4.7685,0.6727,1796.451148
2025-05-01 00:42:47,SELL,1794.579651,1795.474203,-0.0498,0.2800,0.7697,1792.112521
2025-05-01 00:42:59,SELL,1794.569709,1795.460684,-0.0496,3.4806,0.4848,1794.444735
2025-05-01 00:43:23,BUY,1796.359748,1795.462448,0.0500,0.0774,0.7728,1805.322904
2025-05-01 00:43:35,BUY,1796.476623,1795.694322,0.0436,10.1847,1.0659,1796.570629
2025-05-01 00:43:59,BUY,1796.703068,1795.915117,0.0439,9.6978,1.5161,1796.843511
2025-05-01 00:44:23,BUY,1796.813790,1795.915204,0.0500,0.0038,0.1464,1831.306561
2025-05-01 00:44:59,SELL,1795.016108,1795.912926,-0.0499,0.1000,0.2822,1792.483451
2025-05-01 00:44:59,SELL,1795.014287,1795.911559,-0.0500,0.0600,0.1461,1792.828957
2025-05-01 00:45:11,BUY,1796.813122,1795.917870,0.0498,0.2772,0.3098,1797.817436
2025-05-01 00:45:47,BUY,1796.852596,1795.990470,0.0480,3.1886,0.3371,1796.947586
2025-05-01 00:45:59,BUY,1796.918027,1796.048665,0.0484,2.5559,3.5417,1798.163019
2025-05-01 00:46:23,BUY,1797.345341,1796.844761,0.0279,34.9598,0.1097,1797.348162
2025-05-01 00:46:23,BUY,1797.743862,1796.845172,0.0500,0.0181,0.7566,1835.346767
2025-05-01 00:46:35,SELL,1795.946323,1796.844318,-0.0500,0.0375,0.4370,1785.481007
2025-05-01 00:47:11,BUY,1797.743455,1796.844733,0.0500,0.0182,0.7561,1835.091994
2025-05-01 00:47:59,BUY,1797.743619,1796.844761,0.0500,0.0012,0.2878,2004.691415
2025-05-01 00:47:59,BUY,1797.861494,1797.080373,0.0435,10.3452,1.8117,1798.018915
2025-05-01 00:48:11,BUY,1798.031940,1797.185946,0.0471,4.6558,0.2590,1798.081943
2025-05-01 00:48:11,SELL,1796.181598,1797.079904,-0.0500,0.0206,0.2879,1783.630672
2025-05-01 00:48:11,SELL,1796.286753,1797.184746,-0.0500,0.0526,0.2879,1791.374066
2025-05-01 00:48:23,BUY,1798.140740,1797.298591,0.0469,4.9985,1.2862,1798.372093
2025-05-01 00:49:23,SELL,1796.399914,1797.298535,-0.0500,0.0025,0.2727,1697.423805
2025-05-01 00:50:23,BUY,1798.197808,1797.298883,0.0500,1.8005,0.7819,1798.588250
2025-05-01 00:50:35,SELL,1796.400167,1797.298760,-0.0500,0.0054,0.2919,1747.749139
2025-05-01 00:50:47,BUY,1798.198022,1797.299085,0.0500,1.6807,0.7715,1798.610731
2025-05-01 00:51:11,SELL,1796.352289,1797.202742,-0.0473,4.2280,0.1348,1796.323654
2025-05-01 00:53:11,SELL,1796.306484,1797.198321,-0.0496,0.5938,0.2657,1795.904576
2025-05-01 00:53:11,BUY,1798.106352,1797.211852,0.0498,0.4000,0.7509,1799.794280
2025-05-01 00:53:35,BUY,1798.134942,1797.236355,0.0500,0.0430,0.1439,1801.143269
2025-05-01 00:53:35,BUY,1798.115907,1797.235376,0.0490,1.6269,0.1757,1798.212991
2025-05-01 00:53:59,SELL,1796.298486,1797.157814,-0.0478,3.4466,0.4420,1796.183317
2025-05-01 00:54:23,SELL,1796.171785,1796.982832,-0.0451,7.6790,0.1336,1796.156157
2025-05-01 00:54:35,SELL,1796.075805,1796.965753,-0.0495,0.7495,0.1637,1795.879669
2025-05-01 00:55:35,SELL,1796.068939,1796.966860,-0.0500,0.0505,0.1146,1794.033637
2025-05-01 00:55:35,BUY,1797.865824,1796.968012,0.0500,0.0992,0.1146,1798.903981
2025-05-01 00:56:35,SELL,1796.031865,1796.893800,-0.0480,3.2063,0.1298,1795.995499
2025-05-01 00:58:23,SELL,1795.995023,1796.893162,-0.0500,0.0269,0.1273,1791.751648
2025-05-01 00:58:23,SELL,1795.994868,1796.893776,-0.0500,0.0010,0.2890,1547.232613
2025-05-01 00:59:47,BUY,1797.871602,1797.052174,0.0456,6.9818,0.4865,1797.934247
2025-05-01 00:59:59,SELL,1796.153591,1797.052060,-0.0500,0.0050,0.2879,1744.434517
2025-05-01 01:00:23,BUY,1798.041326,1797.149352,0.0496,0.6188,0.1582,1798.271150
2025-05-01 01:00:23,BUY,1797.992656,1797.135259,0.0477,3.6530,2.5046,1798.609032
2025-05-01 01:00:35,BUY,1798.076611,1797.205794,0.0485,2.4781,0.4474,1798.238936
2025-05-01 01:00:47,BUY,1798.378577,1797.753008,0.0348,24.0283,8.8950,1798.711446
2025-05-01 01:00:59,BUY,1798.770258,1797.999490,0.0429,11.2940,4.6903,1799.143768
2025-05-01 01:00:59,SELL,1796.848762,1797.742264,-0.0497,3.3338,0.7676,1796.641905
2025-05-01 01:01:11,BUY,1799.057833,1798.317132,0.0412,13.9455,5.8716,1799.436572
2025-05-01 01:01:23,BUY,1799.364853,1798.613221,0.0418,12.9982,0.9398,1799.429902
2025-05-01 01:01:35,BUY,1799.518215,1798.623690,0.0497,0.4596,0.4547,1800.408442
2025-05-01 01:01:35,BUY,1799.619500,1798.815695,0.0447,8.4284,3.3688,1799.979156
2025-05-01 01:01:47,BUY,1799.722522,1798.829626,0.0496,0.6115,0.7767,1800.865504
2025-05-01 01:02:11,SELL,1798.018352,1798.913827,-0.0498,0.3497,0.2076,1797.484804
2025-05-01 01:02:11,BUY,1799.775600,1798.921799,0.0475,4.0459,0.3967,1799.863825
2025-05-01 01:02:23,BUY,1799.813892,1798.914057,0.0500,0.0101,0.1349,1811.804060
2025-05-01 01:02:35,BUY,1799.963910,1799.087080,0.0487,1.8489,0.7787,1800.342940
2025-05-01 01:02:35,BUY,1799.878263,1799.042592,0.0465,5.6418,5.0895,1800.690110
2025-05-01 01:02:47,SELL,1798.187332,1799.086777,-0.0500,0.0107,0.1307,1787.203768
2025-05-01 01:03:11,SELL,1798.187078,1799.086713,-0.0500,0.0023,0.1219,1749.608389
2025-05-01 01:03:23,BUY,1800.195517,1799.507013,0.0383,14.9494,12.3281,1800.937784
2025-05-01 01:03:23,SELL,1798.185738,1799.083850,-0.0499,0.7934,0.3106,1797.833751
2025-05-01 01:03:35,SELL,1798.856216,1799.752723,-0.0498,0.2383,0.2911,1797.757500
2025-05-01 01:03:35,BUY,1800.533505,1799.759473,0.0430,8.9180,0.9186,1800.626237
2025-05-01 01:03:47,BUY,1800.653232,1799.753006,0.0500,0.0100,0.3030,1827.880382
2025-05-01 01:03:59,BUY,1800.871278,1800.188704,0.0379,15.3894,0.1768,1800.881625
2025-05-01 01:04:11,SELL,1799.286246,1800.183979,-0.0499,0.1668,0.2801,1797.775836
2025-05-01 01:04:23,BUY,1801.875335,1801.764517,0.0062,55.8632,16.2340,1802.137151
2025-05-01 01:04:47,SELL,1800.746614,1801.530367,-0.0435,8.2762,0.1558,1800.729661
2025-05-01 01:04:47,SELL,1800.629531,1801.530225,-0.0500,0.0050,0.1558,1772.569931
2025-05-01 01:05:23,SELL,1800.628046,1801.527396,-0.0499,0.1000,0.3762,1797.240748
2025-05-01 01:06:11,SELL,1800.338087,1800.950063,-0.0340,20.4086,0.1245,1800.332595
2025-05-01 01:06:47,BUY,1802.217919,1801.683633,0.0297,25.9440,5.5929,1802.412176
2025-05-01 01:07:11,BUY,1802.755298,1802.024225,0.0406,12.0438,1.4801,1802.866074
2025-05-01 01:07:11,SELL,1801.032404,1801.842522,-0.0450,6.4219,0.6038,1800.947742
2025-05-01 01:07:47,BUY,1802.873542,1802.101698,0.0428,9.1646,1.9534,1803.065680
2025-05-01 01:08:11,SELL,1801.196635,1802.093671,-0.0498,0.2837,0.7813,1798.716240
2025-05-01 01:08:23,BUY,1803.052741,1802.208761,0.0468,4.0694,0.5963,1803.184846
2025-05-01 01:08:35,BUY,1803.460540,1802.902507,0.0310,24.8683,3.3903,1803.583472
2025-05-01 01:08:47,SELL,1801.999680,1802.899766,-0.0499,0.1010,0.1308,1800.833107
2025-05-01 01:09:11,BUY,1805.160266,1805.616622,-0.0253,100.1082,0.1304,1805.161442
2025-05-01 01:09:35,SELL,1804.713698,1805.616479,-0.0500,0.0053,0.1057,1786.693250
2025-05-01 01:09:35,SELL,1804.688896,1805.591334,-0.0500,0.0264,0.1057,1801.074884
2025-05-01 01:09:35,SELL,1804.696216,1805.596710,-0.0499,0.1701,0.3212,1802.992625
2025-05-01 01:09:35,SELL,1804.706100,1805.601331,-0.0496,0.5577,0.1181,1804.515024
2025-05-01 01:09:35,SELL,1804.691579,1805.592051,-0.0499,0.1715,0.1057,1804.135360
2025-05-01 01:09:59,SELL,1804.435395,1805.084829,-0.0360,18.6484,0.1318,1804.429020
2025-05-01 01:09:59,SELL,1804.161013,1805.042261,-0.0488,1.5674,0.1612,1804.068248
2025-05-01 01:10:23,SELL,1804.058240,1804.879183,-0.0455,6.0048,0.1327,1804.038302
2025-05-01 01:10:59,SELL,1803.976607,1804.878911,-0.0500,0.0100,0.3094,1776.058969
2025-05-01 01:10:59,SELL,1803.913852,1804.753612,-0.0465,4.6139,0.1109,1803.892172
2025-05-01 01:10:59,BUY,1805.659835,1804.760398,0.0498,0.2500,1.6706,1811.692892
2025-05-01 01:11:11,SELL,1803.593815,1804.231766,-0.0354,19.4675,6.7315,1803.281992
2025-05-01 01:11:23,SELL,1803.126106,1803.824498,-0.0387,15.0000,0.1225,1803.118743
2025-05-01 01:11:35,SELL,1802.853512,1803.663505,-0.0449,6.7691,0.5183,1802.784493
2025-05-01 01:11:35,BUY,1804.738259,1803.847280,0.0494,0.8395,3.0581,1808.025178
2025-05-01 01:11:47,SELL,1802.703056,1803.545931,-0.0467,4.3413,0.4888,1802.601578
2025-05-01 01:11:47,BUY,1804.565998,1803.663788,0.0500,0.0104,0.1338,1816.139410
2025-05-01 01:12:59,SELL,1802.593229,1803.444024,-0.0472,3.7539,0.4366,1802.488404
2025-05-01 01:13:59,BUY,1804.354408,1803.460436,0.0496,0.6049,0.1209,1804.534735
2025-05-01 01:14:11,SELL,1802.419217,1803.181330,-0.0423,10.2817,1.3057,1802.304771
2025-05-01 01:14:23,SELL,1802.022287,1802.920083,-0.0498,0.2703,0.1213,1801.617973
2025-05-01 01:14:23,SELL,1802.152843,1802.927419,-0.0430,9.3543,1.9567,1801.964357
2025-05-01 01:15:11,BUY,1803.822265,1802.920362,0.0500,0.0103,0.1081,1813.287788
2025-05-01 01:15:59,BUY,1804.034519,1803.344666,0.0383,15.6392,5.7390,1804.365527
2025-05-01 01:16:23,BUY,1804.536939,1803.924722,0.0339,21.3770,12.0565,1805.045814
2025-05-01 01:16:35,BUY,1805.077275,1804.424786,0.0362,18.4262,9.9709,1805.565662
2025-05-01 01:16:47,BUY,1805.666011,1805.101634,0.0313,24.9365,12.5318,1806.119730
2025-05-01 01:17:11,SELL,1804.198575,1805.100654,-0.0500,0.0361,0.1314,1800.913837
2025-05-01 01:17:35,SELL,1804.194860,1805.094164,-0.0498,0.2390,0.5337,1802.180124
2025-05-01 01:18:35,BUY,1806.019942,1805.139699,0.0488,1.6774,0.7677,1806.433228
2025-05-01 01:18:47,BUY,1806.295436,1805.644912,0.0360,18.6099,8.2040,1806.693583
2025-05-01 01:19:11,SELL,1804.616121,1805.392858,-0.0430,9.2827,0.4376,1804.573586
2025-05-01 01:19:47,SELL,1804.422507,1805.257484,-0.0463,4.9858,0.3080,1804.366779
2025-05-01 01:19:59,SELL,1804.266329,1805.168187,-0.0500,0.0540,0.1407,1801.917055
2025-05-01 01:19:59,SELL,1804.310962,1805.169654,-0.0476,3.2349,0.2911,1804.229778
2025-05-01 01:20:35,SELL,1804.242785,1805.122528,-0.0487,1.6817,0.1400,1804.167702
2025-05-01 01:20:47,SELL,1804.219801,1805.122229,-0.0500,0.0110,0.1398,1792.756658
2025-05-01 01:21:59,SELL,1804.057516,1804.801182,-0.0412,11.7000,0.2803,1804.035907
2025-05-01 01:21:59,SELL,1803.898442,1804.800503,-0.0500,0.0250,0.4427,1787.925753
2025-05-01 01:21:59,SELL,1804.217964,1805.118825,-0.0499,0.1254,0.7677,1798.694752
2025-05-01 01:23:11,BUY,1805.810874,1805.015441,0.0441,7.9210,20.9598,1808.200049
2025-05-01 01:23:11,BUY,1805.981356,1805.141292,0.0465,4.6378,20.9613,1810.062607
2025-05-01 01:23:23,SELL,1804.237811,1805.139490,-0.0500,0.0664,0.7667,1793.818223
2025-05-01 01:23:59,SELL,1803.478592,1803.622391,-0.0080,55.8892,12.9173,1803.270179
2025-05-01 01:24:11,SELL,1802.502298,1803.185636,-0.0379,16.0941,3.1476,1802.326038
2025-05-01 01:24:23,BUY,1803.955516,1803.056982,0.0498,0.2540,0.2713,1804.918828
2025-05-01 01:24:23,SELL,1802.216304,1803.050093,-0.0462,4.9950,0.4484,1802.135419
2025-05-01 01:24:59,SELL,1801.999190,1802.744312,-0.0413,11.5233,2.2475,1801.823461
2025-05-01 01:25:35,BUY,1803.647267,1802.746541,0.0500,0.0822,0.7636,1812.024715
2025-05-01 01:25:47,BUY,1803.654606,1802.759016,0.0497,0.4600,0.7567,1805.138115
2025-05-01 01:25:47,SELL,1801.828161,1802.700036,-0.0484,2.1738,0.1132,1801.781236
2025-05-01 01:25:59,SELL,1801.594237,1802.290014,-0.0386,14.5296,1.7200,1801.487599
2025-05-01 01:26:11,SELL,1801.234415,1801.980964,-0.0414,10.9259,2.9503,1800.991221
2025-05-01 01:27:23,SELL,1801.079631,1801.980279,-0.0500,0.0242,0.1492,1795.530897
2025-05-01 01:27:47,BUY,1803.020941,1802.120143,0.0500,0.0512,0.1417,1805.516952
2025-05-01 01:27:47,BUY,1802.950962,1802.118696,0.0462,4.8961,0.4404,1803.032052
2025-05-01 01:28:47,BUY,1803.021815,1802.120185,0.0500,0.0015,0.1204,1875.423599
2025-05-01 01:28:59,SELL,1801.550642,1802.451440,-0.0500,0.0318,0.7649,1779.911910
2025-05-01 01:28:59,BUY,1803.187849,1802.452341,0.0408,11.7482,0.1160,1803.196750
2025-05-01 01:30:23,BUY,1803.373450,1802.492087,0.0489,1.4376,0.1071,1803.440632
2025-05-01 01:32:23,SELL,1801.590342,1802.491116,-0.0500,0.0343,0.7685,1781.424497
2025-05-01 01:32:47,BUY,1803.593038,1802.887272,0.0391,14.3284,0.8098,1803.644008
2025-05-01 01:32:47,BUY,1803.791626,1802.892176,0.0499,0.1808,0.1287,1804.433577
2025-05-01 01:33:11,BUY,1803.978087,1803.260038,0.0398,13.5635,4.0616,1804.248189
2025-05-01 01:33:23,BUY,1804.301600,1803.538870,0.0423,10.2799,3.6720,1804.623846
2025-05-01 01:33:35,BUY,1804.441759,1803.540197,0.0500,0.0489,0.2895,1809.782816
2025-05-01 01:33:47,BUY,1804.533441,1803.722156,0.0450,6.7080,0.9164,1804.656700
2025-05-01 01:34:11,BUY,1804.687915,1803.848988,0.0465,4.6755,0.7007,1804.823141
2025-05-01 01:34:47,BUY,1804.752076,1803.850406,0.0500,0.0523,0.4363,1812.281605
2025-05-01 01:34:59,BUY,1804.752810,1803.850460,0.0500,0.0020,0.1417,1869.333691
2025-05-01 01:35:11,BUY,1804.658961,1803.786600,0.0484,2.2095,0.1041,1804.701483
2025-05-01 01:35:11,SELL,1802.886666,1803.726663,-0.0466,4.5614,0.4288,1802.801926
2025-05-01 01:35:23,BUY,1804.716683,1803.842050,0.0485,2.0441,0.2233,1804.815272
2025-05-01 01:36:11,SELL,1802.940025,1803.842033,-0.0500,0.0006,0.4333,1196.932268
2025-05-01 01:36:23,BUY,1805.037932,1804.428841,0.0338,21.6299,2.6501,1805.148510
2025-05-01 01:36:23,BUY,1805.343759,1804.453333,0.0493,0.9027,0.1478,1805.491520
2025-05-01 01:36:47,SELL,1803.550861,1804.452876,-0.0500,0.0168,0.1234,1796.936452
2025-05-01 01:37:23,BUY,1805.455387,1804.652448,0.0445,7.3555,0.9147,1805.567647
2025-05-01 01:38:47,BUY,1805.752509,1805.046839,0.0391,14.5347,4.6436,1806.040963
2025-05-01 01:38:59,BUY,1805.950493,1805.048196,0.0500,0.0500,0.7659,1819.782245
2025-05-01 01:39:23,SELL,1803.761073,1804.278694,-0.0287,28.3460,0.1192,1803.757282
2025-05-01 01:39:35,SELL,1803.333500,1804.192543,-0.0476,3.1738,0.1122,1803.301616
2025-05-01 01:39:47,BUY,1805.097186,1804.196729,0.0499,0.1543,0.1149,1805.769211
2025-05-01 01:39:59,SELL,1802.850610,1803.749460,-0.0498,0.2231,0.7541,1799.803803
2025-05-01 01:39:59,SELL,1802.835481,1803.725240,-0.0493,0.8924,0.4440,1802.387013
2025-05-01 01:39:59,SELL,1803.074120,1803.755515,-0.0378,16.2558,3.4629,1802.882073
2025-05-01 01:40:11,SELL,1802.790705,1803.659863,-0.0482,2.4089,0.1489,1802.734976
2025-05-01 01:40:35,SELL,1802.612624,1803.368911,-0.0419,10.7210,0.4324,1802.576273
2025-05-01 01:40:47,SELL,1802.201125,1803.030365,-0.0460,5.3298,0.4311,1802.128233
2025-05-01 01:40:47,SELL,1802.370312,1803.174990,-0.0446,7.1461,0.4312,1802.315938
2025-05-01 01:40:59,SELL,1801.612092,1801.986644,-0.0208,37.4289,0.1198,1801.609208
2025-05-01 01:41:23,SELL,1800.725136,1801.595677,-0.0483,2.1407,0.1423,1800.665280
2025-05-01 01:41:23,SELL,1800.920528,1801.656221,-0.0408,11.6835,4.6470,1800.562374
2025-05-01 01:41:23,BUY,1802.888939,1801.986671,0.0501,0.0009,0.1214,1918.798923
2025-05-01 01:41:59,SELL,1800.693079,1801.592077,-0.0499,0.1273,0.7614,1795.307954
2025-05-01 01:42:35,BUY,1802.526538,1801.658472,0.0482,2.3488,0.7532,1802.815559
2025-05-01 01:42:47,SELL,1800.754463,1801.652109,-0.0498,0.2250,0.2792,1799.637097
2025-05-01 01:42:59,SELL,1800.751208,1801.651960,-0.0500,0.0053,0.2786,1753.112561
2025-05-01 01:43:11,BUY,1802.553333,1801.652126,0.0500,0.0059,0.7632,1919.216422
2025-05-01 01:43:23,SELL,1800.641864,1801.433151,-0.0439,7.7428,0.2737,1800.610037
2025-05-01 01:43:35,SELL,1800.530662,1801.429619,-0.0499,0.1249,0.1082,1799.750524
2025-05-01 01:43:47,BUY,1802.331032,1801.430114,0.0500,3.6277,0.7641,1802.520835
2025-05-01 01:44:47,BUY,1804.011040,1803.314828,0.0386,15.1747,0.1138,1804.017802
2025-05-01 01:44:47,BUY,1803.072141,1802.903265,0.0094,52.4485,30.8842,1803.603010
2025-05-01 01:45:11,BUY,1804.233234,1803.314829,0.0509,0.0001,0.2959,7133.318607
2025-05-01 01:45:47,BUY,1804.217615,1803.316159,0.0500,0.0490,0.1401,1806.796118
2025-05-01 01:45:59,SELL,1802.286409,1803.059857,-0.0429,9.4451,0.6154,1802.227695
2025-05-01 01:46:11,SELL,1802.118928,1802.981020,-0.0478,2.9054,0.1182,1802.082264
2025-05-01 01:46:23,SELL,1802.073297,1802.968550,-0.0497,0.4596,0.1732,1801.733792
2025-05-01 01:46:35,SELL,1802.048371,1802.931144,-0.0490,1.3786,0.1212,1801.969156
2025-05-01 01:47:11,SELL,1801.957033,1802.785784,-0.0460,5.3572,28.3977,1797.181080
2025-05-01 01:47:23,SELL,1801.869610,1802.756206,-0.0492,1.0901,0.1104,1801.778391
2025-05-01 01:47:35,SELL,1801.819414,1802.685344,-0.0480,2.6117,0.5882,1801.616503
2025-05-01 01:48:23,BUY,1803.587816,1802.686700,0.0500,0.0500,0.7729,1817.527672
2025-05-01 01:49:35,SELL,1801.642256,1802.399948,-0.0420,10.1518,5.0395,1801.195075
2025-05-01 01:50:11,SELL,1801.426717,1802.325249,-0.0499,0.1861,0.7636,1797.730515
2025-05-01 01:50:11,SELL,1801.464047,1802.330513,-0.0481,2.4546,0.4537,1801.297552
2025-05-01 01:50:35,BUY,1803.447692,1802.763757,0.0379,15.6403,0.1274,1803.455040
2025-05-01 01:50:47,BUY,1803.832950,1803.098327,0.0407,12.3365,0.1251,1803.842096
2025-05-01 01:52:11,SELL,1802.171263,1803.047273,-0.0486,1.8815,0.7505,1801.811824
2025-05-01 01:52:35,BUY,1803.949599,1803.047976,0.0500,4.4998,0.7566,1804.101256
2025-05-01 01:52:59,SELL,1802.087586,1802.988827,-0.0500,0.0196,0.1937,1793.192102
2025-05-01 01:52:59,SELL,1802.117158,1802.989360,-0.0484,2.1602,0.9269,1801.730516
2025-05-01 01:53:23,SELL,1801.934431,1802.682885,-0.0415,11.2756,0.2723,1801.912672
2025-05-01 01:53:23,SELL,1801.753650,1802.626832,-0.0484,1.9909,0.1101,1801.703842
2025-05-01 01:53:47,BUY,1803.984834,1803.537037,0.0248,33.4852,0.1151,1803.987935
2025-05-01 01:53:47,BUY,1804.660522,1803.979374,0.0378,16.3064,0.1152,1804.666895
2025-05-01 01:53:47,SELL,1803.076157,1803.976932,-0.0499,0.0900,0.7646,1795.416727
2025-05-01 01:53:59,SELL,1803.008012,1803.843004,-0.0463,4.9344,0.1095,1802.988003
2025-05-01 01:53:59,BUY,1804.791054,1803.934313,0.0475,3.3659,0.1079,1804.819979
2025-05-01 01:54:23,BUY,1804.923573,1804.385424,0.0298,26.8555,0.1153,1804.927447
2025-05-01 01:54:23,SELL,1802.893689,1803.656872,-0.0423,10.2224,0.2776,1802.869213
2025-05-01 01:54:35,BUY,1805.650232,1805.109461,0.0300,26.6840,0.1086,1805.653907
2025-05-01 01:54:59,BUY,1807.272341,1807.630564,-0.0198,92.7352,35.6499,1807.619724
2025-05-01 01:54:59,SELL,1806.650173,1807.477340,-0.0458,5.6242,0.2473,1806.610451
2025-05-01 01:54:59,BUY,1808.418823,1807.551888,0.0480,2.7377,0.1337,1808.462997
2025-05-01 01:55:11,SELL,1807.327707,1808.135329,-0.0447,7.0826,2.2439,1807.041403
2025-05-01 01:55:11,BUY,1808.844485,1808.328323,0.0285,28.5107,0.1043,1808.847794
2025-05-01 01:55:23,SELL,1808.658053,1809.550523,-0.0493,0.9033,0.7587,1807.898453
2025-05-01 01:55:23,SELL,1808.670973,1809.569024,-0.0496,0.4943,0.1844,1808.333563
2025-05-01 01:55:23,BUY,1809.759974,1809.575147,0.0102,52.8564,58.5904,1810.763018
2025-05-01 01:55:23,SELL,1808.662779,1809.566115,-0.0499,0.1067,0.1082,1807.746258
2025-05-01 01:55:23,BUY,1810.471747,1809.582499,0.0491,1.1736,0.7498,1811.050112
2025-05-01 01:55:35,SELL,1808.602086,1809.499391,-0.0496,0.5465,0.1012,1808.434661
2025-05-01 01:55:35,SELL,1808.659646,1809.562742,-0.0499,0.1238,0.7526,1803.160278
2025-05-01 01:55:35,SELL,1808.657798,1809.562422,-0.0500,0.0117,0.7526,1750.554879
2025-05-01 01:55:35,SELL,1808.614382,1809.514288,-0.0497,0.3563,0.1012,1808.357561
2025-05-01 01:55:35,SELL,1808.629012,1809.524000,-0.0495,0.7176,0.4577,1808.052225
2025-05-01 01:55:35,SELL,1808.648214,1809.543560,-0.0495,0.6920,0.1110,1808.503207
2025-05-01 01:55:47,SELL,1808.513383,1809.417480,-0.0500,0.0453,0.4368,1799.797184
2025-05-01 01:55:47,SELL,1808.509254,1809.413046,-0.0499,0.0671,0.1541,1806.434250
2025-05-01 01:55:47,SELL,1808.503450,1809.408385,-0.0500,0.0031,0.2740,1729.821892
2025-05-01 01:55:47,SELL,1808.515633,1809.418715,-0.0499,0.1195,0.1111,1807.674411
2025-05-01 01:55:47,SELL,1808.511467,1809.414876,-0.0499,0.0955,0.1209,1807.366767
2025-05-01 01:55:47,SELL,1808.506050,1809.408471,-0.0499,0.1679,0.2130,1807.358551
2025-05-01 01:55:47,SELL,1808.574735,1809.459559,-0.0489,1.4613,0.1111,1808.505963
2025-05-01 01:55:47,SELL,1808.549886,1809.449669,-0.0497,0.3628,0.1111,1808.272918
2025-05-01 01:55:47,SELL,1808.538378,1809.436530,-0.0496,0.4820,0.1111,1808.329888
2025-05-01 01:55:47,SELL,1808.524536,1809.421971,-0.0496,0.5341,0.1111,1808.336401
2025-05-01 01:55:59,SELL,1808.503017,1809.407060,-0.0500,0.0486,0.7709,1794.165558
2025-05-01 01:56:11,SELL,1808.501890,1809.406133,-0.0500,0.0340,0.1233,1805.226065
2025-05-01 01:56:11,SELL,1808.501169,1809.405625,-0.0500,0.0186,0.1233,1802.510286
2025-05-01 01:56:23,SELL,1808.361711,1809.127074,-0.0423,10.2195,2.0707,1808.178501
2025-05-01 01:56:35,SELL,1808.215745,1809.113537,-0.0496,0.4967,0.1610,1807.922673
2025-05-01 01:56:47,SELL,1808.208171,1809.111930,-0.0500,0.0590,0.1517,1805.881680
2025-05-01 01:56:59,SELL,1808.206945,1809.111119,-0.0500,0.0297,0.1183,1804.610391
2025-05-01 01:57:11,SELL,1808.070938,1808.871027,-0.0442,7.6612,0.2803,1808.037864
2025-05-01 01:57:11,SELL,1808.190927,1809.079830,-0.0491,1.1480,0.1175,1808.098390
2025-05-01 01:57:11,SELL,1807.966056,1808.869974,-0.0500,0.0386,0.7687,1789.985833
2025-05-01 01:57:23,SELL,1807.963780,1808.866461,-0.0499,0.1289,1.2771,1799.006366
2025-05-01 01:57:35,SELL,1807.961347,1808.865099,-0.0500,0.0500,0.2697,1803.084591
2025-05-01 01:57:59,SELL,1807.949910,1808.835732,-0.0490,1.3653,0.2734,1807.768885
2025-05-01 01:57:59,BUY,1809.773908,1808.872942,0.0498,1.4164,0.1176,1809.849059
2025-05-01 01:58:11,SELL,1807.880806,1808.734667,-0.0472,3.7084,0.2077,1807.830183
2025-05-01 01:58:35,SELL,1807.827880,1808.729826,-0.0499,0.1776,0.2835,1806.385601
2025-05-01 01:59:23,SELL,1807.710707,1808.500211,-0.0437,8.4256,0.2750,1807.681210
2025-05-01 01:59:23,BUY,1809.558274,1808.806792,0.0415,11.2554,16.2725,1810.866366
2025-05-01 01:59:35,SELL,1808.366897,1809.238813,-0.0482,2.4009,0.7599,1808.080698
2025-05-01 01:59:35,BUY,1809.960486,1809.304253,0.0363,18.2611,6.0443,1810.260030
2025-05-01 02:00:11,BUY,1810.314718,1809.580325,0.0406,12.5352,3.7067,1810.582377
2025-05-01 02:00:23,BUY,1810.493666,1809.580327,0.0505,0.0001,0.2741,4288.885969
2025-05-01 02:00:35,BUY,1810.909320,1810.427527,0.0266,31.0889,18.6464,1811.452392
2025-05-01 02:00:47,BUY,1811.377979,1810.517054,0.0476,3.2847,0.4857,1811.511901
2025-05-01 02:01:23,SELL,1809.344295,1809.981824,-0.0352,19.6287,0.1106,1809.339198
2025-05-01 02:01:35,SELL,1809.042713,1809.913550,-0.0481,2.5041,0.1061,1809.004395
2025-05-01 02:01:35,SELL,1808.494499,1808.884994,-0.0216,37.7342,0.7572,1808.476353
2025-05-01 02:01:47,SELL,1807.948755,1808.821370,-0.0482,2.3345,0.1518,1807.889965
2025-05-01 02:02:47,SELL,1807.679239,1808.345723,-0.0369,17.4538,0.1236,1807.672840
2025-05-01 02:03:59,SELL,1807.405792,1808.274173,-0.0480,2.6257,0.2739,1807.311521
2025-05-01 02:03:59,BUY,1809.179552,1808.275706,0.0500,0.0563,1.4131,1831.880956
2025-05-01 02:04:11,BUY,1809.211862,1808.338804,0.0483,2.3167,0.6770,1809.476203
2025-05-01 02:04:23,BUY,1809.460079,1808.771920,0.0380,15.9012,0.1196,1809.466887
2025-05-01 02:04:35,BUY,1809.962606,1809.058306,0.0500,0.0500,0.7715,1823.926915
2025-05-01 02:04:35,BUY,1809.819336,1809.056944,0.0421,10.4632,0.9768,1809.903819
2025-05-01 02:05:23,BUY,1810.243338,1809.618170,0.0345,20.5501,8.9666,1810.638267
2025-05-01 02:05:35,BUY,1810.842886,1810.256835,0.0324,23.4371,3.5469,1810.979908
2025-05-01 02:05:47,BUY,1811.475984,1810.883712,0.0327,22.9992,17.1178,1812.150105
2025-05-01 02:05:47,BUY,1811.789830,1810.883873,0.0500,0.0059,0.3155,1860.277002
2025-05-01 02:05:59,BUY,1811.951722,1811.207634,0.0411,11.8767,1.1330,1812.038147
2025-05-01 02:06:11,BUY,1812.114702,1811.209652,0.0500,0.0740,0.7723,1821.565316
2025-05-01 02:06:47,SELL,1810.302409,1811.206378,-0.0499,0.1200,0.1278,1809.338725
2025-05-01 02:07:11,SELL,1809.898490,1810.677888,-0.0430,9.2409,0.1083,1809.887887
2025-05-01 02:07:11,SELL,1810.162602,1810.929905,-0.0424,10.1369,0.5095,1810.117113
2025-05-01 02:07:35,BUY,1811.751685,1811.013746,0.0407,12.3212,3.6697,1812.021485
2025-05-01 02:07:47,BUY,1813.450857,1814.050698,-0.0331,134.8947,63.8607,1813.880111
2025-05-01 02:07:47,SELL,1813.043479,1813.850217,-0.0445,7.2331,0.1148,1813.029087
2025-05-01 02:07:47,BUY,1814.810230,1813.955434,0.0471,3.7980,0.4413,1814.915663
2025-05-01 02:07:59,SELL,1812.956970,1813.859622,-0.0498,0.3088,0.1272,1812.583534
2025-05-01 02:07:59,SELL,1813.004851,1813.868181,-0.0476,3.1480,0.1174,1812.971040
2025-05-01 02:08:23,SELL,1813.038393,1813.937744,-0.0496,0.5500,0.2738,1812.587090
2025-05-01 02:08:23,SELL,1812.925346,1813.804903,-0.0485,1.9743,0.4558,1812.716054
2025-05-01 02:08:23,BUY,1814.786337,1813.952988,0.0459,5.3455,0.3574,1814.847013
2025-05-01 02:08:59,BUY,1815.247923,1814.742944,0.0278,29.0621,9.0104,1815.529324
2025-05-01 02:09:35,SELL,1813.833425,1814.738647,-0.0499,0.1550,0.1576,1812.911093
2025-05-01 02:09:47,SELL,1813.600820,1814.277530,-0.0373,16.6340,0.1221,1813.594165
2025-05-01 02:09:59,SELL,1813.203567,1814.109325,-0.0499,0.0936,0.1098,1812.140198
2025-05-01 02:09:59,SELL,1813.280684,1814.111919,-0.0458,5.4735,0.4363,1813.208414
2025-05-01 02:09:59,SELL,1813.363448,1814.263639,-0.0496,0.5011,0.1383,1813.113210
2025-05-01 02:10:35,SELL,1813.202236,1814.109256,-0.0500,0.0025,0.5262,1622.379664
2025-05-01 02:10:47,BUY,1815.231110,1814.537758,0.0382,15.4660,1.4186,1815.314360
2025-05-01 02:11:11,BUY,1815.503041,1814.652824,0.0469,4.1528,0.3584,1815.581386
2025-05-01 02:11:59,BUY,1815.734093,1814.999644,0.0405,12.5161,3.8825,1816.015717
2025-05-01 02:11:59,SELL,1814.092110,1814.999575,-0.0500,0.0025,0.2852,1710.610109
2025-05-01 02:12:59,SELL,1814.091396,1814.998242,-0.0500,0.0481,0.4356,1805.873213
2025-05-01 02:12:59,SELL,1814.017794,1814.852389,-0.0460,5.2566,0.4355,1813.942646
2025-05-01 02:12:59,SELL,1814.090686,1814.998128,-0.0500,0.0041,0.1124,1789.405726
2025-05-01 02:13:11,SELL,1813.708641,1814.379540,-0.0370,17.0567,0.1125,1813.702662
2025-05-01 02:13:11,SELL,1813.472131,1814.379184,-0.0500,0.0129,0.2758,1794.035035
2025-05-01 02:13:23,SELL,1813.345117,1814.125312,-0.0430,9.1586,0.4398,1813.301583
2025-05-01 02:13:47,SELL,1813.076779,1813.842240,-0.0422,10.2128,1.5082,1812.942902
2025-05-01 02:13:47,SELL,1812.811097,1813.608592,-0.0440,7.8922,0.4270,1812.762054
2025-05-01 02:13:47,SELL,1812.931882,1813.835366,-0.0498,0.2480,0.4271,1811.370828
2025-05-01 02:13:47,SELL,1812.924428,1813.827327,-0.0498,0.2901,0.1006,1812.610084
2025-05-01 02:13:59,SELL,1812.525974,1813.275379,-0.0413,15.4357,0.1026,1812.519950
2025-05-01 02:14:11,SELL,1812.023027,1812.583670,-0.0309,34.4364,0.1154,1812.019991
2025-05-01 02:14:23,SELL,1811.527539,1812.283855,-0.0417,14.9281,3.5598,1811.311548
2025-05-01 02:14:47,SELL,1810.822712,1811.081660,-0.0143,51.5858,31.9074,1810.262688
2025-05-01 02:14:59,SELL,1810.176086,1811.081592,-0.0500,0.0025,0.5185,1622.475445
2025-05-01 02:14:59,SELL,1810.135090,1810.999628,-0.0477,3.0052,0.4537,1809.998460
2025-05-01 02:14:59,SELL,1810.064004,1810.939349,-0.0483,2.2102,0.4537,1809.878240
2025-05-01 02:15:11,BUY,1812.048407,1811.345439,0.0388,14.8965,5.3992,1812.376792
2025-05-01 02:15:11,BUY,1812.342500,1811.527224,0.0450,6.6678,0.4354,1812.401672
2025-05-01 02:15:11,BUY,1812.501410,1811.663098,0.0463,4.9836,0.4354,1812.580591
2025-05-01 02:15:23,SELL,1810.757195,1811.662955,-0.0500,0.0053,0.2736,1763.702014
2025-05-01 02:17:23,SELL,1810.722910,1811.594496,-0.0481,2.5097,0.5980,1810.507170
2025-05-01 02:17:23,SELL,1810.688617,1811.594332,-0.0500,0.0060,0.2719,1769.654111
2025-05-01 02:17:35,BUY,1812.940033,1812.445112,0.0273,40.8398,0.1058,1812.942382
2025-05-01 02:17:47,BUY,1813.795488,1813.332177,0.0256,44.1846,35.3997,1814.522075
2025-05-01 02:17:59,SELL,1813.746268,1814.527895,-0.0431,9.0687,0.1279,1813.733479
2025-05-01 02:17:59,BUY,1814.932924,1814.779303,0.0085,54.8709,0.1024,1814.934618
2025-05-01 02:18:11,SELL,1813.618823,1814.525663,-0.0500,0.0305,0.2696,1805.608880
2025-05-01 02:18:11,SELL,1813.619939,1814.526509,-0.0500,0.0500,0.2696,1808.730503
2025-05-01 02:18:35,SELL,1813.616170,1814.521201,-0.0499,0.1609,0.2373,1812.279425
2025-05-01 02:18:59,SELL,1813.443229,1814.179622,-0.0406,12.3224,0.1095,1813.435168
2025-05-01 02:20:11,BUY,1815.261832,1814.528796,0.0404,12.6027,1.0090,1815.334502
2025-05-01 02:22:11,SELL,1813.621386,1814.528504,-0.0500,0.0105,0.2766,1789.797772
2025-05-01 02:22:35,SELL,1813.490383,1814.266669,-0.0428,9.4456,0.1198,1813.478882
2025-05-01 02:22:47,SELL,1812.792695,1813.613464,-0.0453,6.2120,0.1163,1812.775726
2025-05-01 02:22:47,SELL,1813.119120,1813.785630,-0.0367,17.3549,3.9928,1812.910551
2025-05-01 02:22:59,SELL,1812.650596,1813.506614,-0.0472,4.1011,1.9757,1812.213982
2025-05-01 02:22:59,SELL,1812.577986,1813.462844,-0.0488,2.1787,0.1560,1812.513094
2025-05-01 02:23:11,SELL,1812.499441,1813.349445,-0.0469,5.6448,0.1112,1812.481589
2025-05-01 02:23:23,SELL,1812.440253,1813.344408,-0.0499,0.2507,0.1191,1812.009828
2025-05-01 02:23:47,SELL,1812.358384,1813.265019,-0.0500,0.0080,0.1387,1796.617435
2025-05-01 02:23:47,SELL,1812.398141,1813.265180,-0.0478,3.9439,0.4325,1812.298772
2025-05-01 02:23:47,SELL,1812.355888,1813.260025,-0.0499,0.2486,0.1124,1811.946013
2025-05-01 02:23:59,SELL,1812.200005,1812.953105,-0.0415,15.2791,3.4858,1811.993289
2025-05-01 02:23:59,SELL,1811.972003,1812.803784,-0.0459,7.4339,0.1149,1811.958002
2025-05-01 02:24:23,SELL,1811.872938,1812.754873,-0.0487,2.4351,0.4298,1811.713038
2025-05-01 02:24:35,SELL,1811.848331,1812.754545,-0.0500,3.2939,0.2796,1811.771433
2025-05-01 02:25:23,BUY,1813.662939,1812.757670,0.0499,0.1557,0.1059,1814.279604
2025-05-01 02:26:47,BUY,1813.807220,1813.042973,0.0422,14.2109,3.7240,1814.044874
2025-05-01 02:27:11,BUY,1814.477376,1814.188858,0.0159,47.9653,44.1210,1815.311903
2025-05-01 02:27:23,BUY,1815.242488,1814.480888,0.0420,10.5404,0.1351,1815.254124
2025-05-01 02:28:47,SELL,1813.572123,1814.477847,-0.0499,0.1097,0.7666,1807.235327
2025-05-01 02:29:35,SELL,1813.563445,1814.463516,-0.0496,0.5170,0.7587,1812.232714
2025-05-01 02:30:11,SELL,1813.555938,1814.462823,-0.0500,0.0250,0.2643,1803.969530
2025-05-01 02:30:23,BUY,1815.482887,1814.687475,0.0438,8.1079,1.3292,1815.631702
2025-05-01 02:30:47,BUY,1815.597353,1814.691629,0.0499,0.1499,0.1207,1816.327990
2025-05-01 02:31:11,BUY,1815.667463,1814.827632,0.0463,4.9082,0.6157,1815.781339
2025-05-01 02:31:59,SELL,1813.876636,1814.740427,-0.0476,3.1456,0.7585,1813.657935
2025-05-01 02:31:59,SELL,1813.831908,1814.738140,-0.0499,0.0825,0.4449,1808.940803
2025-05-01 02:31:59,SELL,1813.824389,1814.725372,-0.0496,0.4605,0.1310,1813.566356
2025-05-01 02:32:11,SELL,1813.568028,1814.225193,-0.0362,18.0435,8.0189,1813.165033
2025-05-01 02:32:47,BUY,1815.145580,1814.250821,0.0493,0.9250,0.7531,1815.884510
2025-05-01 02:32:47,SELL,1813.312728,1814.188855,-0.0483,2.2355,0.1087,1813.268634
2025-05-01 02:33:23,SELL,1812.761139,1813.650377,-0.0490,1.2698,0.2633,1812.573177
2025-05-01 02:33:23,SELL,1812.919867,1813.685568,-0.0422,10.1904,0.4266,1812.881924
2025-05-01 02:33:23,SELL,1813.171387,1813.968004,-0.0439,7.9679,0.2634,1813.141421
2025-05-01 02:33:35,SELL,1812.739842,1813.650374,-0.0502,0.0001,0.1305,826.366505
2025-05-01 02:33:47,SELL,1812.743188,1813.649682,-0.0500,0.0250,0.7676,1784.885902
2025-05-01 02:34:11,SELL,1812.745263,1813.651842,-0.0500,0.0178,0.1318,1806.035074
2025-05-01 02:34:11,BUY,1814.558288,1813.652335,0.0500,15.0000,0.1148,1814.565231
2025-05-01 02:35:11,BUY,1814.831208,1814.058575,0.0426,9.7303,0.4433,1814.872547
2025-05-01 02:35:11,BUY,1814.627743,1813.789019,0.0462,4.9520,6.9976,1815.909850
2025-05-01 02:35:23,BUY,1815.145756,1814.298558,0.0467,4.3584,0.1120,1815.169069
2025-05-01 02:35:23,BUY,1815.025704,1814.177809,0.0467,4.3038,1.3435,1815.309006
2025-05-01 02:35:35,SELL,1813.352442,1814.220585,-0.0479,2.8130,0.7629,1813.106558
2025-05-01 02:35:47,BUY,1815.348015,1814.660123,0.0379,15.8640,3.1876,1815.530398
2025-05-01 02:35:59,BUY,1815.591097,1814.706480,0.0487,1.6730,0.1146,1815.653265
2025-05-01 02:36:11,BUY,1815.773727,1814.872458,0.0497,0.4778,0.1147,1815.991601
2025-05-01 02:36:11,BUY,1815.690693,1814.859218,0.0458,5.5122,0.3773,1815.752835
2025-05-01 02:37:11,BUY,1815.964933,1815.241461,0.0399,13.3159,4.0189,1816.238971
2025-05-01 02:37:35,BUY,1817.095711,1817.133298,-0.0021,68.2857,32.0594,1817.522265
2025-05-01 02:37:47,SELL,1817.079571,1817.981617,-0.0496,0.4997,0.8109,1815.605171
2025-05-01 02:37:47,BUY,1818.473562,1817.995514,0.0263,31.0240,0.1016,1818.476540
2025-05-01 02:37:59,SELL,1817.039066,1817.946282,-0.0499,0.1269,0.1503,1815.963248
2025-05-01 02:37:59,SELL,1817.048478,1817.953954,-0.0498,0.2519,0.1241,1816.600742
2025-05-01 02:37:59,SELL,1817.042906,1817.949811,-0.0499,0.1490,0.1241,1816.285752
2025-05-01 02:37:59,SELL,1817.060935,1817.960960,-0.0495,0.6444,0.1143,1816.899732
2025-05-01 02:37:59,SELL,1817.071252,1817.978880,-0.0499,0.0984,0.1143,1816.015810
2025-05-01 02:38:11,SELL,1816.887060,1817.645647,-0.0417,10.8105,0.4498,1816.849266
2025-05-01 02:38:11,SELL,1816.734608,1817.641224,-0.0499,0.1590,0.1512,1815.871054
2025-05-01 02:38:23,BUY,1818.687722,1817.915542,0.0425,9.8691,2.5443,1818.922156
2025-05-01 02:40:35,SELL,1816.710542,1817.323210,-0.0337,21.3006,0.1210,1816.705385
2025-05-01 02:40:47,SELL,1815.895150,1816.284446,-0.0214,37.4528,16.5496,1815.493947
2025-05-01 02:40:59,SELL,1815.012896,1815.557339,-0.0300,26.2345,17.9247,1814.392843
2025-05-01 02:41:23,SELL,1813.790936,1814.547888,-0.0417,10.8501,0.1228,1813.780670
2025-05-01 02:41:23,SELL,1814.295429,1814.848696,-0.0305,25.5621,4.4270,1814.138325
2025-05-01 02:43:11,SELL,1813.516950,1814.300445,-0.0432,8.9259,1.7080,1813.343442
2025-05-01 02:43:23,SELL,1813.392859,1814.299580,-0.0500,0.0312,0.1455,1809.162164
2025-05-01 02:43:59,SELL,1813.205698,1813.925948,-0.0397,13.4790,0.1073,1813.198479
2025-05-01 02:43:59,SELL,1813.018472,1813.924958,-0.0500,0.0357,0.1400,1809.466010
2025-05-01 02:44:47,BUY,1814.898509,1814.057164,0.0464,4.7720,0.1495,1814.926936
2025-05-01 02:46:23,SELL,1813.106062,1813.968974,-0.0476,3.1816,0.7696,1812.886780
2025-05-01 02:46:47,SELL,1813.061600,1813.968220,-0.0500,0.0272,0.2869,1803.496889
2025-05-01 02:47:11,SELL,1812.922713,1813.691046,-0.0424,10.0000,0.1130,1812.912471
2025-05-01 02:47:23,SELL,1812.712140,1813.546856,-0.0460,5.2025,0.2783,1812.663654
2025-05-01 02:47:59,SELL,1812.704511,1813.610624,-0.0500,0.0500,0.1394,1810.178267
2025-05-01 02:47:59,BUY,1814.486676,1813.612010,0.0482,2.3520,2.7394,1815.543354
2025-05-01 02:48:11,SELL,1812.703180,1813.609368,-0.0500,0.0453,0.7727,1797.248207
2025-05-01 02:48:23,BUY,1814.518145,1813.612399,0.0499,0.1094,0.7665,1820.872920
2025-05-01 02:48:23,SELL,1812.683038,1813.567267,-0.0488,1.6284,0.1135,1812.619840
2025-05-01 02:48:59,SELL,1812.565957,1813.387706,-0.0453,8.3528,0.6906,1812.491027
2025-05-01 02:49:11,SELL,1812.368652,1813.162881,-0.0438,11.1914,2.5537,1812.161874
2025-05-01 02:49:23,SELL,1812.239845,1813.129956,-0.0491,1.6390,0.1117,1812.178065
2025-05-01 02:49:35,SELL,1812.151758,1812.986622,-0.0460,7.1353,0.7707,1812.053895
2025-05-01 02:49:59,SELL,1812.079625,1812.985615,-0.0500,0.0501,0.7638,1798.273179
2025-05-01 02:49:59,SELL,1811.921330,1812.669886,-0.0413,15.7183,0.1178,1811.914543
2025-05-01 02:50:11,SELL,1811.737438,1812.617635,-0.0486,2.6014,0.2734,1811.642220
2025-05-01 02:50:23,BUY,1813.549505,1812.667825,0.0486,2.5000,0.7564,1813.823853
2025-05-01 02:50:47,SELL,1811.761140,1812.667123,-0.0500,0.0350,0.1305,1808.377504
2025-05-01 02:50:59,SELL,1811.755757,1812.657055,-0.0497,0.5012,0.7698,1810.364457
2025-05-01 02:50:59,BUY,1813.599079,1812.727505,0.0481,3.5092,0.6067,1813.755863
2025-05-01 02:51:23,BUY,1813.734041,1812.926849,0.0445,9.9292,0.6109,1813.789841
2025-05-01 02:51:35,SELL,1812.007415,1812.900894,-0.0493,1.2921,0.1166,1811.925669
2025-05-01 02:51:59,SELL,1811.714630,1812.341031,-0.0346,27.8740,15.6362,1811.206480
2025-05-01 02:52:11,SELL,1811.181463,1812.079187,-0.0495,0.8285,0.4578,1810.681070
2025-05-01 02:52:11,SELL,1811.312315,1812.095826,-0.0432,12.2094,2.9919,1811.090382
2025-05-01 02:52:11,SELL,1811.167741,1812.068371,-0.0497,0.5386,0.4372,1810.432611
2025-05-01 02:52:23,BUY,1812.324083,1811.421329,0.0498,0.2500,0.7770,1815.140383
2025-05-01 02:52:23,SELL,1810.859845,1811.414513,-0.0306,28.6513,6.4627,1810.655614
2025-05-01 02:52:35,SELL,1810.327303,1811.044530,-0.0396,13.8142,4.4613,1810.034977
2025-05-01 02:53:35,SELL,1809.840972,1810.448210,-0.0335,21.8651,9.9842,1809.427762
2025-05-01 02:54:11,BUY,1810.968705,1810.065667,0.0499,0.1797,0.3023,1812.492220
2025-05-01 02:54:11,SELL,1809.162663,1810.060770,-0.0496,0.5082,0.4567,1808.349644
2025-05-01 02:54:11,SELL,1809.356278,1810.074627,-0.0397,13.7000,4.3896,1809.066412
2025-05-01 02:54:23,SELL,1809.083529,1809.911384,-0.0457,5.6583,0.8481,1808.947957
2025-05-01 02:54:35,SELL,1808.763966,1809.426251,-0.0366,17.7957,6.1165,1808.453126
2025-05-01 02:54:47,BUY,1810.333271,1809.429955,0.0499,0.1359,0.2217,1811.809976
2025-05-01 02:55:47,SELL,1808.521153,1809.421777,-0.0498,0.3000,0.1507,1808.067053
2025-05-01 02:56:23,SELL,1808.485418,1809.358450,-0.0483,2.3232,0.5358,1808.276859
2025-05-01 02:56:47,SELL,1808.288572,1809.027903,-0.0409,12.1268,2.6732,1808.089266
2025-05-01 02:57:23,SELL,1807.990479,1808.761960,-0.0427,9.7575,2.6328,1807.746562
2025-05-01 02:57:35,SELL,1807.463226,1807.972946,-0.0282,28.9533,22.1381,1806.772220
2025-05-01 02:57:47,SELL,1806.988567,1807.812084,-0.0456,5.9038,2.6194,1806.587703
2025-05-01 02:58:35,BUY,1808.717097,1807.813357,0.0500,0.0467,0.3565,1815.615899
2025-05-01 02:58:47,SELL,1806.909422,1807.813301,-0.0500,0.3750,0.2696,1806.259945
2025-05-01 02:58:59,BUY,1808.718775,1807.815508,0.0500,0.0810,0.1208,1810.066581
2025-05-01 02:59:11,BUY,1808.724296,1807.824359,0.0498,0.3250,0.2686,1809.471810
2025-05-01 02:59:59,BUY,1808.729005,1807.824668,0.0500,0.0113,0.1842,1823.418989
2025-05-01 03:00:59,SELL,1806.915649,1807.814450,-0.0497,0.3750,0.2710,1806.262788
2025-05-01 03:01:23,BUY,1808.907443,1808.191548,0.0396,13.8462,0.1169,1808.915081
2025-05-01 03:01:23,BUY,1809.102022,1808.203393,0.0497,0.4349,0.1196,1809.350832
2025-05-01 03:01:35,BUY,1809.110022,1808.207536,0.0499,0.1521,0.1491,1809.996388
2025-05-01 03:01:59,BUY,1809.114418,1808.212182,0.0499,0.1706,0.2650,1810.519539
2025-05-01 03:02:35,BUY,1809.117773,1808.214233,0.0500,0.0753,0.1771,1811.244758
2025-05-01 03:03:23,SELL,1807.309859,1808.213785,-0.0500,0.0164,0.1399,1799.625519
2025-05-01 03:03:35,BUY,1809.510134,1808.997070,0.0284,28.7560,9.7329,1809.816363
2025-05-01 03:03:35,SELL,1807.308000,1808.213773,-0.0501,0.0005,0.2939,1219.412111
2025-05-01 03:03:35,BUY,1810.045981,1809.284857,0.0421,10.5635,0.1770,1810.061144
2025-05-01 03:03:47,SELL,1808.345727,1809.215848,-0.0481,2.5317,0.7780,1808.067868
2025-05-01 03:03:59,BUY,1810.295318,1809.564509,0.0404,12.7970,1.1441,1810.376238
2025-05-01 03:04:11,SELL,1808.658726,1809.562506,-0.0499,9.0433,0.1485,1808.643874
2025-05-01 03:04:47,SELL,1808.657084,1809.561263,-0.0500,0.0456,0.2583,1803.533958
2025-05-01 03:04:47,BUY,1810.504581,1809.637396,0.0479,2.7942,0.1589,1810.556065
2025-05-01 03:05:23,BUY,1810.967748,1810.487255,0.0265,31.1843,0.1251,1810.971381
2025-05-01 03:05:35,BUY,1811.699414,1811.099926,0.0331,22.4756,12.7586,1812.213634
2025-05-01 03:06:23,BUY,1812.400128,1811.850118,0.0304,29.3311,15.9708,1812.893555
2025-05-01 03:06:47,BUY,1812.756546,1811.850218,0.0500,0.0050,0.1779,1845.001600
2025-05-01 03:07:59,SELL,1810.943086,1811.847818,-0.0499,0.1195,0.7857,1804.990305
2025-05-01 03:07:59,BUY,1812.751809,1811.845429,0.0500,0.0060,0.1507,1835.498592
2025-05-01 03:07:59,SELL,1810.940640,1811.845308,-0.0499,0.1250,0.2974,1808.786145
2025-05-01 03:08:11,BUY,1812.776139,1811.894054,0.0487,2.4216,0.7816,1813.068676
2025-05-01 03:08:11,BUY,1812.752098,1811.845449,0.0500,0.0010,0.1293,1928.581881
2025-05-01 03:09:59,BUY,1812.800740,1811.894110,0.0500,0.0028,0.4322,1953.770032
2025-05-01 03:10:59,SELL,1810.928775,1811.775278,-0.0467,5.9176,0.1488,1810.906004
2025-05-01 03:11:35,SELL,1810.868480,1811.773459,-0.0499,0.0905,0.1820,1809.048739
2025-05-01 03:11:35,SELL,1810.866663,1811.771657,-0.0500,0.0898,0.4295,1806.533603
2025-05-01 03:12:23,SELL,1810.835979,1811.712043,-0.0484,2.9687,0.7690,1810.601432
2025-05-01 03:12:35,BUY,1812.962711,1812.400481,0.0310,34.2977,9.2829,1813.208056
2025-05-01 03:13:11,SELL,1811.318167,1812.048096,-0.0403,17.5461,0.1160,1811.312178
2025-05-01 03:13:11,SELL,1811.141068,1812.046087,-0.0499,0.1000,0.2791,1808.613352
2025-05-01 03:13:23,SELL,1811.047404,1811.860679,-0.0449,9.2326,0.9168,1810.957488
2025-05-01 03:13:23,SELL,1810.954294,1811.859769,-0.0500,0.0453,0.1305,1808.344149
2025-05-01 03:13:35,SELL,1810.777150,1811.477702,-0.0387,15.9472,1.1078,1810.714253
2025-05-01 03:13:47,SELL,1809.747435,1809.828205,-0.0045,60.4836,0.1291,1809.745503
2025-05-01 03:13:47,SELL,1808.605899,1809.193160,-0.0325,23.2959,0.7804,1808.575606
2025-05-01 03:13:59,SELL,1808.277260,1809.170542,-0.0494,0.8298,1.4626,1806.683615
2025-05-01 03:14:35,BUY,1810.079030,1809.177435,0.0498,0.2530,0.2867,1811.104740
2025-05-01 03:15:11,BUY,1810.083318,1809.179275,0.0500,0.0740,0.1400,1811.794290
2025-05-01 03:15:11,SELL,1808.272757,1809.177258,-0.0500,0.0065,0.1400,1788.789268
2025-05-01 03:15:35,BUY,1810.186322,1809.383188,0.0444,7.4846,1.3807,1810.353289
2025-05-01 03:15:35,BUY,1810.337850,1809.482175,0.0473,3.6331,0.1062,1810.364313
2025-05-01 03:15:47,SELL,1808.576407,1809.480139,-0.0499,0.0747,0.7696,1799.259728
2025-05-01 03:15:47,SELL,1808.574420,1809.478183,-0.0499,0.0718,0.1183,1807.083611
2025-05-01 03:15:59,BUY,1810.385149,1809.481714,0.0499,0.1296,0.2115,1811.862539
2025-05-01 03:16:11,BUY,1810.387366,1809.481740,0.0500,0.0009,0.1239,1929.034558
2025-05-01 03:17:59,SELL,1808.576863,1809.481467,-0.0500,0.0100,0.4433,1768.468912
2025-05-01 03:18:35,SELL,1808.443360,1809.214610,-0.0426,9.7898,1.3047,1808.322856
2025-05-01 03:19:35,SELL,1808.309713,1809.214052,-0.0500,0.0205,0.1715,1800.737222
2025-05-01 03:19:59,SELL,1808.251757,1809.098620,-0.0468,4.2349,0.4346,1808.158975
2025-05-01 03:19:59,BUY,1810.004095,1809.099554,0.0500,0.0343,0.4346,1821.479391
2025-05-01 03:20:23,BUY,1810.005579,1809.101597,0.0500,0.0750,0.4492,1815.426355
2025-05-01 03:21:35,SELL,1808.176486,1809.060456,-0.0489,1.5094,0.1505,1808.086351
2025-05-01 03:21:59,SELL,1808.152504,1809.053611,-0.0498,0.2511,0.1452,1807.629938
2025-05-01 03:22:47,BUY,1810.125660,1809.387600,0.0408,12.2591,0.1148,1810.134135
2025-05-01 03:22:59,BUY,1810.334379,1809.470824,0.0477,3.0546,1.6613,1810.826655
2025-05-01 03:23:11,BUY,1810.469424,1809.657558,0.0449,6.8534,1.0472,1810.607749
2025-05-01 03:23:35,BUY,1810.683345,1809.898456,0.0434,8.8408,1.7302,1810.860529
2025-05-01 03:24:11,SELL,1808.830682,1809.572659,-0.0410,11.9508,0.1121,1808.822198
2025-05-01 03:24:11,BUY,1810.485305,1809.587463,0.0496,0.5433,0.1193,1810.684119
2025-05-01 03:24:23,SELL,1808.679883,1809.581888,-0.0498,0.2045,0.2837,1807.425418
2025-05-01 03:24:35,BUY,1810.609648,1809.826807,0.0433,8.9886,0.7899,1810.689209
2025-05-01 03:24:35,SELL,1808.920513,1809.824056,-0.0499,0.1009,0.7145,1802.514479
2025-05-01 03:24:47,BUY,1810.735962,1809.837131,0.0497,0.4798,0.7573,1812.164835
2025-05-01 03:24:59,SELL,1808.924818,1809.822336,-0.0496,0.5427,0.7704,1807.640756
2025-05-01 03:25:23,BUY,1810.840867,1810.048133,0.0438,8.2695,1.1293,1810.964516
2025-05-01 03:25:23,BUY,1810.727954,1809.822774,0.0500,0.0161,0.2823,1826.648256
2025-05-01 03:25:47,BUY,1810.959743,1810.061007,0.0497,0.4950,0.1540,1811.241437
2025-05-01 03:25:47,SELL,1809.142800,1810.047516,-0.0500,0.0226,0.2843,1797.770156
2025-05-01 03:26:35,BUY,1811.141135,1810.410138,0.0404,12.8097,3.2292,1811.369420
2025-05-01 03:27:11,BUY,1811.329725,1810.437979,0.0493,1.0214,0.7588,1812.002529
2025-05-01 03:27:35,BUY,1811.345808,1810.450356,0.0495,0.7500,0.2678,1811.669139
2025-05-01 03:27:35,BUY,1811.335232,1810.429914,0.0500,0.0273,0.1048,1814.817563
2025-05-01 03:27:35,SELL,1809.528357,1810.429171,-0.0498,0.3230,0.7566,1807.409030
2025-05-01 03:27:47,BUY,1811.645117,1811.028278,0.0341,21.2012,11.0685,1812.118019
2025-05-01 03:28:23,SELL,1810.118997,1811.020744,-0.0498,0.2762,0.6170,1808.097390
2025-05-01 03:28:59,SELL,1810.113417,1811.017117,-0.0499,0.1330,0.7644,1804.911827
2025-05-01 03:28:59,SELL,1810.110633,1811.015167,-0.0499,0.0715,0.7644,1800.434588
2025-05-01 03:30:35,BUY,1811.995655,1811.164151,0.0459,5.4650,0.4220,1812.065614
2025-05-01 03:30:35,SELL,1810.253582,1811.154173,-0.0497,0.3658,0.7693,1808.350037
2025-05-01 03:30:47,BUY,1812.160302,1811.354277,0.0445,7.3398,1.5581,1812.352640
2025-05-01 03:30:59,SELL,1810.389494,1811.236008,-0.0467,4.3359,0.7649,1810.229803
2025-05-01 03:31:11,BUY,1812.537409,1811.972754,0.0312,30.4494,6.5641,1812.732778
2025-05-01 03:31:23,BUY,1812.893001,1812.000354,0.0493,1.3750,0.1199,1812.972016
2025-05-01 03:31:35,BUY,1813.116482,1812.279070,0.0462,6.8893,0.1307,1813.133688
2025-05-01 03:31:35,SELL,1811.011474,1811.834515,-0.0454,8.2582,0.2938,1810.979261
2025-05-01 03:31:35,BUY,1812.894088,1812.140780,0.0416,15.2583,4.0079,1813.132187
2025-05-01 03:31:47,BUY,1813.488935,1812.885362,0.0333,30.2009,11.7213,1813.840852
2025-05-01 03:32:47,SELL,1811.949994,1812.827483,-0.0484,2.8810,0.2782,1811.862506
2025-05-01 03:33:23,SELL,1811.435844,1811.856677,-0.0232,48.3299,0.1154,1811.433682
2025-05-01 03:33:35,BUY,1812.763213,1811.856794,0.0500,0.0058,0.1097,1829.855303
2025-05-01 03:33:35,SELL,1810.948243,1811.851549,-0.0499,0.2612,0.1443,1810.448080
2025-05-01 03:33:59,SELL,1810.679076,1811.283547,-0.0334,22.6514,0.1110,1810.674640
2025-05-01 03:33:59,BUY,1812.190437,1811.285111,0.0500,0.0573,0.7630,1824.250430
2025-05-01 03:34:59,BUY,1812.191660,1811.285962,0.0500,0.0312,0.7546,1834.077715
2025-05-01 03:35:47,BUY,1812.233417,1811.368640,0.0477,3.0319,0.1116,1812.266761
2025-05-01 03:35:59,BUY,1812.562288,1811.904259,0.0363,22.1680,8.8893,1812.925705
2025-05-01 03:36:11,BUY,1812.922982,1812.128789,0.0438,11.1844,2.3942,1813.117028
2025-05-01 03:36:23,BUY,1813.406081,1812.870043,0.0296,36.9189,25.1817,1814.024526
2025-05-01 03:36:47,BUY,1814.054987,1813.425919,0.0347,27.6810,9.7733,1814.375231
2025-05-01 03:37:11,SELL,1812.519145,1813.425798,-0.0500,0.0060,0.1421,1791.058432
2025-05-01 03:38:11,SELL,1812.518690,1813.425033,-0.0500,0.0381,0.7554,1794.532559
2025-05-01 03:40:23,SELL,1812.198601,1812.785329,-0.0324,31.8399,0.1109,1812.195446
2025-05-01 03:40:35,BUY,1813.692311,1812.785366,0.0500,0.0018,0.1294,1878.400707
2025-05-01 03:40:35,BUY,1813.692366,1812.785439,0.0500,0.0036,0.1294,1846.046566
2025-05-01 03:42:35,SELL,1811.791806,1812.610876,-0.0452,8.6894,1.3526,1811.650798
2025-05-01 03:42:35,SELL,1811.692439,1812.586601,-0.0493,1.2084,0.4550,1811.351348
2025-05-01 03:42:59,BUY,1813.496829,1812.593555,0.0498,0.3463,0.2833,1814.238497
2025-05-01 03:43:47,SELL,1811.687171,1812.593466,-0.0500,0.0044,0.7821,1651.339262
2025-05-01 03:44:35,SELL,1811.686450,1812.592033,-0.0500,0.0713,0.1172,1810.197562
2025-05-01 03:44:59,SELL,1811.683551,1812.592027,-0.0501,0.0003,0.4358,579.754888
2025-05-01 03:45:35,SELL,1811.466984,1812.154341,-0.0379,21.7893,0.1046,1811.462636
2025-05-01 03:45:47,SELL,1810.973026,1811.574009,-0.0332,27.0807,3.2015,1810.865979
2025-05-01 03:46:11,SELL,1810.668006,1811.573871,-0.0500,0.0050,0.1456,1784.478408
2025-05-01 03:46:11,SELL,1810.666361,1811.570425,-0.0499,0.1263,0.3469,1808.179903
2025-05-01 03:46:35,SELL,1810.220410,1810.681630,-0.0255,32.5791,0.1216,1810.217033
2025-05-01 03:46:47,SELL,1808.636260,1809.417750,-0.0432,9.0432,0.4550,1808.590755
2025-05-01 03:46:47,SELL,1809.267805,1809.664319,-0.0219,37.3008,4.5147,1809.158311
2025-05-01 03:46:47,BUY,1810.328388,1809.428694,0.0497,0.4016,2.0803,1815.017004
2025-05-01 03:47:11,SELL,1808.522296,1809.428684,-0.0501,0.0004,0.4563,651.386387
2025-05-01 03:48:11,SELL,1807.696593,1808.161164,-0.0257,32.2674,0.4894,1807.682885
2025-05-01 03:48:11,SELL,1808.330079,1809.040730,-0.0393,14.2298,0.7947,1808.279583
2025-05-01 03:48:23,BUY,1809.551452,1809.132319,0.0232,35.6448,5.0139,1809.678720
2025-05-01 03:48:35,BUY,1810.164340,1809.386205,0.0430,9.3169,2.2674,1810.384608
2025-05-01 03:48:47,BUY,1810.412131,1809.627653,0.0434,8.8599,1.8420,1810.600327
2025-05-01 03:49:23,SELL,1808.722767,1809.627509,-0.0500,0.0053,0.3069,1756.001596
2025-05-01 03:49:59,BUY,1810.532987,1809.627599,0.0500,0.0033,0.1484,1851.267173
2025-05-01 03:50:11,BUY,1810.720680,1810.003069,0.0396,13.7761,0.1449,1810.730204
2025-05-01 03:50:35,BUY,1810.910009,1810.006022,0.0499,0.1084,0.7788,1817.417018
2025-05-01 03:51:47,SELL,1809.074076,1809.952109,-0.0485,1.9768,0.1110,1809.023306
2025-05-01 03:51:59,SELL,1809.034814,1809.927461,-0.0493,0.9038,0.7755,1808.258624
2025-05-01 03:52:23,BUY,1810.837587,1809.936870,0.0498,0.3452,0.4442,1812.002783
2025-05-01 03:52:47,SELL,1809.002103,1809.877246,-0.0484,2.1864,0.1259,1808.950022
2025-05-01 03:52:59,BUY,1810.784837,1809.881640,0.0499,0.1612,0.2880,1812.402524
2025-05-01 03:53:11,SELL,1808.836293,1809.600698,-0.0422,10.3033,0.1382,1808.824165
2025-05-01 03:53:11,SELL,1808.695216,1809.599335,-0.0500,0.0500,0.3010,1803.250559
2025-05-01 03:53:23,SELL,1808.688401,1809.587064,-0.0497,0.4500,0.1627,1808.361427
2025-05-01 03:53:23,SELL,1808.683981,1809.585722,-0.0498,0.2241,0.7843,1805.519160
2025-05-01 03:53:23,BUY,1810.494696,1809.591833,0.0499,0.1750,0.7843,1814.551677
2025-05-01 03:53:35,SELL,1808.629670,1809.483152,-0.0472,3.7619,1.4043,1808.292090
2025-05-01 03:53:47,SELL,1808.472274,1809.270779,-0.0441,7.7894,0.1244,1808.457829
2025-05-01 03:53:59,BUY,1810.180212,1809.275276,0.0500,0.0150,0.2873,1827.470925
2025-05-01 03:53:59,SELL,1808.172378,1808.880994,-0.0392,14.3739,0.1531,1808.162747
2025-05-01 03:53:59,BUY,1810.177912,1809.274867,0.0499,0.1500,0.7758,1814.858863
2025-05-01 03:53:59,SELL,1808.369426,1809.272860,-0.0499,0.0886,0.1407,1806.933641
2025-05-01 03:54:11,SELL,1807.888655,1808.705113,-0.0451,6.4519,0.1231,1807.871412
2025-05-01 03:54:23,BUY,1809.623519,1808.732299,0.0493,0.9978,0.7631,1810.315540
2025-05-01 03:54:35,BUY,1809.639772,1808.737605,0.0499,0.1947,0.1116,1810.158285
2025-05-01 03:55:11,SELL,1807.694174,1808.459353,-0.0423,10.2078,1.7463,1807.539551
2025-05-01 03:55:23,SELL,1807.231870,1807.812583,-0.0321,23.7303,0.1187,1807.227351
2025-05-01 03:55:23,SELL,1806.900678,1807.796579,-0.0496,0.5872,0.4441,1806.217455
2025-05-01 03:56:35,SELL,1806.818467,1807.648081,-0.0459,5.4491,0.1078,1806.800591
2025-05-01 03:57:11,BUY,1808.702683,1807.948594,0.0417,11.0326,0.4502,1808.739586
2025-05-01 03:57:35,SELL,1807.043884,1807.947121,-0.0500,9.0352,0.1468,1807.029201
2025-05-01 03:58:47,SELL,1807.042852,1807.946531,-0.0500,3.6141,0.7735,1806.849467
2025-05-01 03:58:59,SELL,1807.042090,1807.946494,-0.0500,0.0014,0.2972,1608.498715
2025-05-01 04:00:23,BUY,1809.030038,1808.304569,0.0401,13.1445,3.3470,1809.260352
2025-05-01 04:00:59,BUY,1809.213262,1808.312742,0.0498,0.3000,0.7721,1811.541399
2025-05-01 04:01:11,BUY,1809.089359,1808.186904,0.0499,0.1542,0.7872,1813.708258
2025-05-01 04:01:11,SELL,1807.343598,1808.182704,-0.0464,4.7710,0.1362,1807.317795
2025-05-01 04:01:23,SELL,1807.119852,1807.860839,-0.0410,11.9639,2.0929,1806.961788
2025-05-01 04:01:35,SELL,1806.954389,1807.855800,-0.0499,0.1849,0.4806,1804.605912
2025-05-01 04:01:59,SELL,1806.951083,1807.856469,-0.0501,0.0005,0.3114,1196.591714
2025-05-01 04:01:59,BUY,1808.760521,1807.856481,0.0500,0.0250,0.7995,1837.682166
2025-05-01 04:01:59,SELL,1806.942345,1807.836069,-0.0494,0.7485,0.1792,1806.725995
2025-05-01 04:02:35,SELL,1806.844414,1807.660512,-0.0451,6.4420,0.9242,1806.714805
2025-05-01 04:03:11,SELL,1806.488172,1807.391961,-0.0500,0.0033,0.1341,1769.309892
2025-05-01 04:03:11,SELL,1806.622513,1807.392049,-0.0426,9.8517,2.6801,1806.376770
2025-05-01 04:03:47,SELL,1806.486903,1807.389238,-0.0499,0.0999,0.7786,1799.448965
2025-05-01 04:04:11,SELL,1806.149503,1806.716883,-0.0314,24.6765,12.1731,1805.704008
2025-05-01 04:04:23,SELL,1805.812163,1806.714159,-0.0499,0.1000,0.1516,1804.442959
2025-05-01 04:04:23,SELL,1805.810713,1806.713982,-0.0500,0.0065,0.4512,1743.092332
2025-05-01 04:04:47,SELL,1805.806937,1806.706602,-0.0498,0.2709,0.1870,1805.183506
2025-05-01 04:04:59,SELL,1805.801467,1806.703040,-0.0499,0.1308,0.1132,1805.020127
2025-05-01 04:05:59,BUY,1807.883842,1807.256803,0.0347,20.3346,0.1027,1807.888410
2025-05-01 04:06:23,BUY,1808.775302,1807.937880,0.0463,4.9168,0.1093,1808.795403
2025-05-01 04:06:23,BUY,1808.434574,1807.803951,0.0349,20.0886,6.4263,1808.723830
2025-05-01 04:07:11,BUY,1808.860031,1807.956530,0.0500,0.0691,0.2772,1812.488368
2025-05-01 04:07:11,BUY,1808.850690,1807.954648,0.0496,0.6155,0.4400,1809.497122
2025-05-01 04:08:23,BUY,1808.861631,1807.957853,0.0500,0.0486,0.1082,1810.877233
2025-05-01 04:09:11,SELL,1807.052856,1807.955824,-0.0499,0.0746,0.7605,1797.840451
2025-05-01 04:11:23,BUY,1809.141037,1808.517153,0.0345,20.6445,8.0922,1809.495610
2025-05-01 04:11:35,BUY,1809.515963,1808.705261,0.0448,6.9175,0.9546,1809.640815
2025-05-01 04:11:47,BUY,1809.975998,1809.436833,0.0298,26.8994,17.0351,1810.549118
2025-05-01 04:11:59,SELL,1808.531826,1809.436267,-0.0500,0.0208,0.3264,1794.341725
2025-05-01 04:13:11,SELL,1808.517948,1809.409053,-0.0492,1.0000,0.1187,1808.410599
2025-05-01 04:13:23,SELL,1808.325554,1809.051303,-0.0401,13.1471,4.1842,1808.037792
2025-05-01 04:13:23,SELL,1807.719446,1808.199574,-0.0266,31.1858,0.2760,1807.711447
2025-05-01 04:13:23,SELL,1808.145144,1809.048040,-0.0499,0.1199,0.7645,1802.380971
2025-05-01 04:15:47,BUY,1809.107609,1808.206530,0.0498,0.2558,0.2733,1810.073849
2025-05-01 04:16:23,SELL,1807.301740,1808.205164,-0.0500,0.0502,0.7616,1793.599823
2025-05-01 04:16:47,SELL,1807.206849,1808.016650,-0.0448,6.9299,0.1134,1807.192057
2025-05-01 04:17:11,SELL,1806.899047,1807.589272,-0.0382,15.7122,2.4176,1806.760038
2025-05-01 04:17:23,SELL,1806.433798,1807.085697,-0.0361,18.5159,5.4298,1806.168931
2025-05-01 04:17:35,SELL,1806.078294,1806.877879,-0.0443,7.6420,1.2165,1805.934538
2025-05-01 04:18:11,SELL,1805.954227,1806.837433,-0.0489,1.4873,0.1130,1805.885628
2025-05-01 04:18:23,SELL,1805.906626,1806.782629,-0.0485,2.0154,0.1128,1805.856088
2025-05-01 04:18:59,SELL,1805.714061,1806.452125,-0.0409,12.1547,4.6366,1805.369652
2025-05-01 04:19:23,SELL,1805.446828,1806.247972,-0.0444,7.5124,1.4040,1805.278112
2025-05-01 04:19:47,SELL,1805.203053,1805.964251,-0.0421,10.4645,3.5228,1804.899199
2025-05-01 04:19:47,BUY,1806.868559,1805.965979,0.0500,0.0638,0.1124,1808.461098
2025-05-01 04:20:11,SELL,1805.062643,1805.965294,-0.0500,0.0253,0.1504,1799.692569
2025-05-01 04:20:23,BUY,1806.916459,1806.060708,0.0474,3.5210,0.1283,1806.949373
2025-05-01 04:20:35,BUY,1807.041325,1806.214904,0.0458,5.6900,0.4996,1807.120650
2025-05-01 04:20:35,BUY,1807.194919,1806.367846,0.0458,5.6351,0.4472,1807.266630
2025-05-01 04:21:35,BUY,1807.135756,1806.232033,0.0500,0.0018,0.1699,1892.141420
2025-05-01 04:21:35,SELL,1805.396719,1806.231984,-0.0462,5.0024,0.1167,1805.375656
2025-05-01 04:21:47,BUY,1807.361239,1806.697500,0.0367,17.6577,5.6892,1807.652398
2025-05-01 04:21:47,SELL,1805.321808,1806.217810,-0.0496,0.5246,0.1430,1805.075780
2025-05-01 04:22:59,BUY,1807.602758,1806.700412,0.0499,1.3174,0.4405,1807.904975
2025-05-01 04:23:35,SELL,1806.182795,1807.085274,-0.0499,0.0786,0.4616,1800.878428
2025-05-01 04:23:35,BUY,1807.797800,1807.087411,0.0393,14.2384,1.8472,1807.915066
2025-05-01 04:23:47,BUY,1807.992169,1807.091065,0.0499,0.2130,0.1386,1808.580478
2025-05-01 04:23:59,BUY,1808.458387,1808.017371,0.0244,34.0743,0.1230,1808.461653
2025-05-01 04:24:23,BUY,1808.923073,1808.019840,0.0500,0.0908,0.2802,1811.713591
2025-05-01 04:24:35,BUY,1809.061382,1808.293873,0.0424,10.0786,1.9740,1809.238545
2025-05-01 04:24:47,BUY,1809.215076,1808.327062,0.0491,1.2206,0.1101,1809.296654
2025-05-01 04:25:35,BUY,1809.235234,1808.334168,0.0498,0.2613,0.7627,1811.875080
2025-05-01 04:27:11,SELL,1807.285892,1808.045818,-0.0420,10.5997,0.1052,1807.276923
2025-05-01 04:27:23,SELL,1806.813017,1807.387993,-0.0318,24.1850,0.1127,1806.808806
2025-05-01 04:27:35,SELL,1806.464456,1807.348287,-0.0489,1.4599,0.1234,1806.388092
2025-05-01 04:27:47,SELL,1806.437802,1807.334659,-0.0496,0.5011,0.1214,1806.219022
2025-05-01 04:27:59,SELL,1806.383309,1807.239247,-0.0474,3.5083,0.1172,1806.353133
2025-05-01 04:29:35,SELL,1806.335556,1807.239104,-0.0500,0.0053,0.2752,1759.125277
2025-05-01 04:30:23,SELL,1806.334371,1807.236875,-0.0499,0.0819,0.4612,1801.251658
2025-05-01 04:30:35,SELL,1806.333216,1807.236794,-0.0500,0.0030,0.1455,1762.520976
2025-05-01 04:31:59,SELL,1806.332584,1807.235643,-0.0500,0.0423,0.2779,1800.399329
2025-05-01 04:32:11,BUY,1808.191499,1807.339165,0.0472,3.8083,0.4533,1808.299117
2025-05-01 04:32:59,SELL,1806.424449,1807.317061,-0.0494,0.8127,0.5734,1805.787163
2025-05-01 04:33:35,SELL,1806.406519,1807.303290,-0.0496,0.5064,0.1715,1806.100617
2025-05-01 04:33:35,SELL,1806.396100,1807.296215,-0.0498,0.2601,0.7770,1803.698555
2025-05-01 04:33:47,SELL,1806.342655,1807.196343,-0.0472,3.6723,0.3763,1806.250103
2025-05-01 04:34:23,SELL,1806.285932,1807.182711,-0.0496,0.5012,0.1416,1806.030785
2025-05-01 04:34:35,SELL,1806.278500,1807.181483,-0.0500,0.0452,0.7896,1790.485715
2025-05-01 04:36:35,SELL,1806.276047,1807.177799,-0.0499,0.1355,0.7650,1801.175790
2025-05-01 04:36:47,BUY,1808.126816,1807.267706,0.0475,3.3076,0.1222,1808.160212
2025-05-01 04:37:23,BUY,1808.444962,1807.813814,0.0349,20.0887,5.3186,1808.684358
2025-05-01 04:37:23,BUY,1808.782806,1807.943017,0.0464,4.7523,0.1119,1808.804101
2025-05-01 04:37:47,BUY,1808.855899,1807.959922,0.0496,0.6218,0.2806,1809.264022
2025-05-01 04:38:11,BUY,1808.913016,1808.057198,0.0473,18.4779,0.7549,1808.949969
2025-05-01 04:39:11,SELL,1807.152508,1808.055902,-0.0500,0.0476,0.1124,1805.019079
2025-05-01 04:39:11,SELL,1807.151577,1808.055326,-0.0500,0.0212,0.1124,1802.351398
2025-05-01 04:41:47,BUY,1809.282742,1808.700933,0.0322,23.7493,0.1235,1809.287447
2025-05-01 04:42:47,SELL,1807.795867,1808.699502,-0.0500,0.0526,0.1282,1805.593957
2025-05-01 04:43:35,SELL,1807.791845,1808.692885,-0.0498,1.7495,0.1264,1807.726549
2025-05-01 04:44:11,BUY,1809.605911,1808.709329,0.0496,0.6049,0.1218,1809.788129
2025-05-01 04:44:35,BUY,1809.739977,1808.960893,0.0431,9.2531,1.7836,1809.914397
2025-05-01 04:45:11,SELL,1808.055733,1808.959533,-0.0500,0.0500,0.1283,1805.736008
2025-05-01 04:45:59,BUY,1809.871266,1808.973127,0.0496,0.5000,0.7576,1811.242349
2025-05-01 04:46:35,SELL,1808.068634,1808.973113,-0.0500,0.0005,0.1429,1549.744938
2025-05-01 04:46:59,BUY,1809.959729,1809.136389,0.0455,6.0053,1.4366,1810.176212
2025-05-01 04:47:35,BUY,1810.046877,1809.147316,0.0497,0.4019,0.7760,1811.794483
2025-05-01 04:48:11,BUY,1810.054320,1809.151260,0.0499,0.1450,0.3142,1812.014916
2025-05-01 04:48:23,SELL,1808.246416,1809.150800,-0.0500,0.0169,0.1402,1800.750020
2025-05-01 04:48:59,SELL,1808.106906,1808.872034,-0.0423,10.2481,2.0571,1807.925435
2025-05-01 04:49:23,SELL,1807.890454,1808.762888,-0.0482,2.3503,0.1344,1807.838766
2025-05-01 04:49:23,SELL,1807.945000,1808.826815,-0.0488,1.6624,0.6956,1807.566761
2025-05-01 04:49:59,SELL,1807.858418,1808.762711,-0.0500,0.0065,0.2843,1768.285928
2025-05-01 04:50:47,BUY,1809.669546,1808.766698,0.0499,0.1467,0.1385,1810.524331
2025-05-01 04:51:11,SELL,1807.825543,1808.693119,-0.0480,2.7052,0.4523,1807.674407
2025-05-01 04:51:23,SELL,1807.624337,1808.364099,-0.0409,12.0971,0.1350,1807.614253
2025-05-01 04:51:59,SELL,1807.355683,1808.155534,-0.0442,7.6689,0.3005,1807.320274
2025-05-01 04:52:23,SELL,1807.251287,1808.155224,-0.0500,0.0114,0.2870,1784.507594
2025-05-01 04:53:35,BUY,1809.134973,1808.305590,0.0459,5.5318,0.1133,1809.153496
2025-05-01 04:54:23,BUY,1809.254361,1808.393878,0.0476,3.2479,0.1733,1809.302636
2025-05-01 04:54:59,SELL,1807.485608,1808.385729,-0.0498,0.2996,0.7726,1805.155143
2025-05-01 04:55:11,BUY,1809.578680,1808.962097,0.0341,21.2012,10.8976,1810.043750
2025-05-01 04:55:47,SELL,1808.056911,1808.960720,-0.0500,0.0506,0.3231,1802.287063
2025-05-01 04:55:59,BUY,1809.901155,1809.031689,0.0481,2.6103,0.1225,1809.943626
2025-05-01 04:56:11,BUY,1810.018331,1809.194959,0.0455,6.0050,0.2773,1810.060130
2025-05-01 04:57:23,SELL,1808.281757,1809.177743,-0.0495,0.6329,0.7675,1807.185395
2025-05-01 04:57:47,BUY,1810.184685,1809.381449,0.0444,7.4919,0.4298,1810.236605
2025-05-01 04:57:59,SELL,1808.476146,1809.380225,-0.0500,0.0450,0.4363,1799.707401
2025-05-01 04:58:23,SELL,1808.469154,1809.367460,-0.0496,0.4692,0.2653,1807.957827
2025-05-01 04:58:47,SELL,1808.462749,1809.367406,-0.0500,0.0020,0.2867,1678.851012
2025-05-01 04:59:35,BUY,1810.272920,1809.368160,0.0500,0.0278,0.7780,1835.650491
2025-05-01 05:00:59,BUY,1810.276596,1809.374756,0.0498,0.2426,0.1641,1810.888989
2025-05-01 05:02:59,SELL,1808.346911,1809.128327,-0.0432,9.0587,5.2118,1807.826711
2025-05-01 05:03:11,SELL,1808.223727,1809.128255,-0.0500,0.0026,0.2875,1709.588873
2025-05-01 05:03:23,SELL,1807.883910,1808.448417,-0.0312,24.9940,6.7071,1807.641339
2025-05-01 05:04:35,SELL,1807.408302,1808.176511,-0.0425,9.9978,0.1519,1807.394574
2025-05-01 05:05:11,SELL,1807.176767,1807.985110,-0.0447,7.0382,0.1076,1807.162959
2025-05-01 05:05:23,SELL,1806.824782,1807.472218,-0.0358,18.8620,0.5941,1806.796326
2025-05-01 05:05:23,BUY,1808.377040,1807.473459,0.0500,0.0457,0.1061,1810.477476
2025-05-01 05:05:35,SELL,1806.564791,1807.465113,-0.0498,0.2511,0.7507,1803.864335
2025-05-01 05:05:35,SELL,1806.568948,1807.471940,-0.0500,0.0559,0.7507,1794.430827
2025-05-01 05:06:11,SELL,1806.447816,1807.237877,-0.0437,8.3576,0.7597,1806.365711
2025-05-01 05:06:35,SELL,1806.225507,1807.020272,-0.0440,8.0039,1.3256,1806.075938
2025-05-01 05:06:59,SELL,1805.993770,1806.774174,-0.0432,9.0525,1.8762,1805.806622
2025-05-01 05:08:11,BUY,1808.261102,1807.939958,0.0178,42.8984,0.1006,1808.263224
2025-05-01 05:08:23,BUY,1808.683461,1807.779523,0.0500,0.0315,0.2536,1815.969868
2025-05-01 05:08:23,SELL,1806.955381,1807.778668,-0.0455,5.9313,0.2853,1806.911917
2025-05-01 05:08:35,BUY,1808.685512,1807.782815,0.0499,0.1211,0.1258,1809.624639
2025-05-01 05:08:47,SELL,1806.876892,1807.778749,-0.0499,27.1444,0.7546,1806.851775
2025-05-01 05:09:11,BUY,1808.718452,1807.849437,0.0481,2.6008,0.1292,1808.763361
2025-05-01 05:09:11,SELL,1806.945479,1807.849369,-0.0500,0.0025,0.1347,1758.255143
2025-05-01 05:10:35,BUY,1808.875321,1808.092405,0.0433,8.9417,0.6820,1808.944309
2025-05-01 05:10:59,BUY,1808.861562,1808.071070,0.0437,8.3838,1.1660,1808.987352
2025-05-01 05:10:59,SELL,1806.905961,1807.527371,-0.0344,20.7791,0.7624,1806.872812
2025-05-01 05:10:59,SELL,1806.623471,1807.527099,-0.0500,0.0100,0.2744,1781.825741
2025-05-01 05:10:59,BUY,1809.140328,1808.400460,0.0409,12.1178,1.1535,1809.226435
2025-05-01 05:10:59,BUY,1808.613622,1807.891550,0.0399,13.4097,0.1117,1808.621157
2025-05-01 05:10:59,SELL,1806.963440,1807.843199,-0.0487,1.7781,0.4371,1806.741318
2025-05-01 05:11:11,SELL,1807.496039,1808.400306,-0.0500,0.0057,0.1177,1788.724480
2025-05-01 05:11:47,SELL,1807.495710,1808.399544,-0.0500,0.0280,0.7622,1782.909721
2025-05-01 05:13:11,BUY,1809.443976,1808.678974,0.0423,10.2790,2.0612,1809.625398
2025-05-01 05:13:23,BUY,1809.621976,1808.755358,0.0479,2.8097,0.2509,1809.702764
2025-05-01 05:14:11,SELL,1807.850946,1808.755290,-0.0500,0.0025,0.1382,1757.866809
2025-05-01 05:14:47,BUY,1809.731296,1808.897573,0.0461,5.2335,0.4270,1809.805127
2025-05-01 05:14:59,BUY,1809.852987,1808.998549,0.0472,3.7140,0.2034,1809.902537
2025-05-01 05:15:35,BUY,1810.086421,1809.364226,0.0399,13.4492,3.8690,1810.346776
2025-05-01 05:15:47,SELL,1808.464238,1809.356623,-0.0493,0.9042,0.1271,1808.337101
2025-05-01 05:15:47,BUY,1810.277863,1809.381222,0.0496,0.6251,0.1109,1810.438381
2025-05-01 05:15:59,BUY,1810.497886,1809.828681,0.0370,17.3598,2.1247,1810.608681
2025-05-01 05:16:23,SELL,1808.923374,1809.827896,-0.0500,4.5133,0.7570,1808.771662
2025-05-01 05:16:35,SELL,1808.922667,1809.827822,-0.0500,0.0027,0.2387,1729.345045
2025-05-01 05:16:47,SELL,1808.922636,1809.827278,-0.0500,0.0200,0.1349,1802.821776
2025-05-01 05:17:23,SELL,1808.922330,1809.827210,-0.0500,0.0025,0.1379,1759.035340
2025-05-01 05:18:11,SELL,1808.922208,1809.827033,-0.0500,0.0065,0.2664,1771.821434
2025-05-01 05:18:23,SELL,1808.921095,1809.824984,-0.0499,0.0753,0.4393,1803.645289
2025-05-01 05:18:35,SELL,1808.797423,1809.579573,-0.0432,9.0202,0.1093,1808.786466
2025-05-01 05:18:47,SELL,1808.407904,1809.045587,-0.0352,19.6289,0.1051,1808.403061
2025-05-01 05:18:59,SELL,1807.875278,1808.513787,-0.0353,19.5515,0.1122,1807.870090
2025-05-01 05:19:11,SELL,1807.318392,1808.113285,-0.0440,8.0323,0.4312,1807.269879
2025-05-01 05:19:11,SELL,1807.518544,1808.331728,-0.0450,6.6940,1.2034,1807.356072
2025-05-01 05:19:23,SELL,1807.209194,1808.113217,-0.0500,0.0025,0.1346,1758.541365
2025-05-01 05:19:59,SELL,1807.207809,1808.110514,-0.0499,0.0994,0.2681,1804.770959
2025-05-01 05:19:59,SELL,1807.091468,1807.880426,-0.0436,8.4610,1.1773,1806.965741
2025-05-01 05:20:59,SELL,1806.875482,1807.678324,-0.0444,7.4323,1.1043,1806.741255
2025-05-01 05:21:23,SELL,1806.774451,1807.678256,-0.0500,0.0025,0.1330,1758.728899
2025-05-01 05:22:47,BUY,1808.586422,1807.686002,0.0498,0.2850,0.7643,1811.011547
2025-05-01 05:23:35,BUY,1808.590532,1807.686110,0.0500,0.0040,0.1016,1831.568905
2025-05-01 05:24:23,SELL,1806.853547,1807.698468,-0.0467,4.3364,0.1730,1806.817501
2025-05-01 05:24:23,BUY,1808.713948,1807.816385,0.0496,0.5001,0.1047,1808.903247
2025-05-01 05:24:23,BUY,1808.648775,1807.802794,0.0468,4.2932,0.1047,1808.670824
2025-05-01 05:25:23,SELL,1806.794585,1807.698400,-0.0500,0.0025,0.1352,1757.931515
2025-05-01 05:26:23,BUY,1808.602836,1807.698431,0.0500,0.0011,0.1068,1894.049728
2025-05-01 05:26:47,BUY,1808.685563,1807.864012,0.0454,6.0923,0.1030,1808.700859
2025-05-01 05:26:59,BUY,1808.775198,1807.877604,0.0496,0.5001,0.1104,1808.974913
2025-05-01 05:27:11,SELL,1806.973631,1807.877536,-0.0500,0.0025,0.1384,1756.956285
2025-05-01 05:29:47,SELL,1806.972718,1807.875778,-0.0500,11.0275,0.7541,1806.910932
2025-05-01 05:30:11,BUY,1809.044742,1808.211540,0.0461,5.2477,0.4338,1809.119522
2025-05-01 05:30:11,BUY,1808.876775,1808.068901,0.0447,7.1053,0.7864,1808.976877
2025-05-01 05:32:11,SELL,1807.283655,1808.163958,-0.0487,1.7496,0.1013,1807.231324
2025-05-01 05:32:23,SELL,1807.255100,1808.152054,-0.0496,0.5241,0.2929,1806.750064
2025-05-01 05:32:23,BUY,1809.069673,1808.166307,0.0500,0.0864,1.0824,1820.396085
2025-05-01 05:32:47,BUY,1809.060665,1808.160209,0.0498,0.3000,0.7474,1811.314106
2025-05-01 05:32:47,BUY,1809.065434,1808.161572,0.0500,0.0501,0.7474,1822.551636
2025-05-01 05:33:23,BUY,1809.072414,1808.174180,0.0497,0.4639,0.0979,1809.263411
2025-05-01 05:33:35,BUY,1809.357079,1808.730662,0.0346,20.4710,0.0892,1809.361019
2025-05-01 05:33:35,SELL,1807.809464,1808.696980,-0.0491,1.2383,0.7403,1807.269109
2025-05-01 05:33:35,SELL,1807.792301,1808.696318,-0.0500,0.0243,0.0924,1804.359780
2025-05-01 05:33:47,BUY,1809.722870,1808.939708,0.0433,8.9525,0.1003,1809.733009
2025-05-01 05:34:35,BUY,1810.100944,1809.452116,0.0359,18.8458,0.2023,1810.110657
2025-05-01 05:34:47,SELL,1808.524256,1809.405826,-0.0487,1.7016,0.3283,1808.349792
2025-05-01 05:34:47,SELL,1808.500832,1809.405244,-0.0500,0.0214,0.2681,1797.159583
2025-05-01 05:34:59,BUY,1810.310756,1809.405321,0.0500,0.0028,0.1016,1842.912142
2025-05-01 05:35:47,BUY,1810.586518,1809.957177,0.0348,20.2937,5.0702,1810.812697
2025-05-01 05:35:47,BUY,1810.908248,1810.048411,0.0475,3.3543,0.1087,1810.937592
2025-05-01 05:36:59,BUY,1811.023043,1810.186654,0.0462,5.0825,0.1576,1811.051129
2025-05-01 05:37:11,SELL,1809.281401,1810.186466,-0.0500,0.0069,0.7528,1710.862641
2025-05-01 05:37:23,SELL,1809.234621,1810.092918,-0.0474,3.4375,0.7626,1809.033947
2025-05-01 05:37:35,BUY,1811.068110,1810.232236,0.0462,5.1220,0.1665,1811.097552
2025-05-01 05:37:47,BUY,1811.158216,1810.273037,0.0489,1.5000,0.1361,1811.240366
2025-05-01 05:38:23,SELL,1809.299907,1810.136983,-0.0462,4.9994,0.3266,1809.240816
2025-05-01 05:39:23,SELL,1809.186740,1810.046590,-0.0475,3.3217,0.2916,1809.107337
2025-05-01 05:39:35,BUY,1810.953705,1810.049857,0.0499,0.1201,1.0805,1819.098408
2025-05-01 05:39:47,SELL,1809.144798,1810.049789,-0.0500,0.0025,0.7649,1532.382779
2025-05-01 05:40:11,SELL,1809.015333,1809.920222,-0.0500,0.0053,0.2684,1762.909834
2025-05-01 05:40:11,SELL,1809.080083,1809.920365,-0.0464,4.7561,0.3281,1809.017675
2025-05-01 05:40:23,SELL,1808.984952,1809.859576,-0.0483,2.2289,0.1200,1808.936272
2025-05-01 05:40:35,SELL,1808.974698,1809.879621,-0.0500,0.0062,0.2627,1770.724642
2025-05-01 05:40:35,BUY,1810.775072,1809.879790,0.0495,0.7433,0.7513,1811.690203
2025-05-01 05:40:59,SELL,1808.970938,1809.872136,-0.0498,0.2751,0.7559,1806.485777
2025-05-01 05:42:11,SELL,1808.655671,1809.428641,-0.0427,9.6901,0.1044,1808.645929
2025-05-01 05:42:11,SELL,1808.877310,1809.692270,-0.0450,6.6109,1.7722,1808.634859
2025-05-01 05:43:47,BUY,1810.442150,1809.645222,0.0440,7.9648,1.2816,1810.587808
2025-05-01 05:43:47,SELL,1808.740328,1809.645079,-0.0500,0.0053,0.2626,1763.631636
2025-05-01 05:43:59,BUY,1811.040161,1810.624358,0.0230,36.0041,0.1056,1811.042817
2025-05-01 05:44:11,BUY,1812.137385,1811.807853,0.0182,44.7579,19.9165,1812.540570
2025-05-01 05:44:23,BUY,1813.135605,1812.650319,0.0268,42.0312,21.9586,1813.609229
2025-05-01 05:44:35,BUY,1814.168993,1813.961869,0.0114,59.4238,55.1268,1815.010485
2025-05-01 05:44:47,SELL,1813.007297,1813.866641,-0.0474,3.4426,0.0975,1812.981627
2025-05-01 05:44:47,SELL,1812.952240,1813.851697,-0.0496,0.5403,0.0975,1812.788670
2025-05-01 05:44:47,SELL,1812.940847,1813.843847,-0.0498,0.2838,0.0975,1812.629475
2025-05-01 05:45:11,SELL,1812.936400,1813.842844,-0.0500,0.0363,0.1076,1810.245613
2025-05-01 05:45:47,BUY,1814.951732,1814.245691,0.0389,14.5701,1.7462,1815.060492
2025-05-01 05:45:59,BUY,1815.361479,1814.661929,0.0385,15.0526,5.9133,1815.718053
2025-05-01 05:46:11,SELL,1814.817655,1815.723294,-0.0499,0.1611,0.1105,1814.195202
2025-05-01 05:46:11,BUY,1816.102891,1815.727749,0.0207,38.5449,0.1105,1816.105493
2025-05-01 05:46:59,SELL,1814.698835,1815.489989,-0.0436,8.4356,60.0064,1808.244431
2025-05-01 05:47:11,SELL,1814.478723,1815.282824,-0.0443,7.4897,1.0078,1814.356650
2025-05-01 05:47:35,SELL,1814.374906,1815.282270,-0.0500,0.0200,0.2684,1802.201607
2025-05-01 05:47:47,SELL,1814.252025,1815.036947,-0.0432,8.8656,61.4709,1807.962335
2025-05-01 05:47:47,SELL,1813.938006,1814.653931,-0.0395,13.8428,0.1054,1813.931102
2025-05-01 05:47:59,SELL,1813.746404,1814.653530,-0.0500,0.0145,0.1173,1806.417153
2025-05-01 05:48:11,SELL,1813.007794,1813.770180,-0.0420,10.4532,0.1105,1812.998211
2025-05-01 05:48:11,SELL,1813.449230,1814.059335,-0.0336,21.4780,7.3239,1813.140040
2025-05-01 05:48:23,SELL,1812.468509,1813.029892,-0.0310,33.5398,0.1093,1812.465556
2025-05-01 05:48:35,SELL,1812.025907,1812.834860,-0.0446,9.7235,1.4123,1811.894317
2025-05-01 05:49:11,SELL,1811.928337,1812.834649,-0.0500,0.0105,0.2710,1788.615721
2025-05-01 05:49:23,SELL,1811.799705,1812.577475,-0.0429,12.8229,3.0473,1811.584425
2025-05-01 05:49:47,SELL,1811.671108,1812.577319,-0.0500,0.0078,0.1091,1798.990668
2025-05-01 05:49:59,SELL,1811.668475,1812.572210,-0.0499,0.2548,0.1169,1811.252711
2025-05-01 05:50:59,BUY,1813.479053,1812.572405,0.0500,0.0098,0.1133,1824.009143
2025-05-01 05:52:59,BUY,1813.487235,1812.588575,0.0496,0.8067,0.1084,1813.609103
2025-05-01 05:53:59,SELL,1811.681877,1812.585656,-0.0499,0.2509,0.1100,1811.284741
2025-05-01 05:53:59,BUY,1813.496380,1812.590687,0.0500,0.1054,0.1198,1814.526993
2025-05-01 05:55:11,SELL,1811.675758,1812.578443,-0.0498,0.3596,0.7538,1809.776973
2025-05-01 05:55:47,SELL,1811.667702,1812.569536,-0.0498,0.4441,0.1505,1811.360780
2025-05-01 05:55:47,SELL,1811.463149,1812.169154,-0.0390,19.9653,6.5903,1811.164178
2025-05-01 05:55:59,SELL,1811.262332,1812.167694,-0.0500,0.0728,0.2792,1807.789838
2025-05-01 05:56:11,BUY,1813.076357,1812.171942,0.0499,0.2119,0.4360,1814.941402
2025-05-01 05:57:35,SELL,1811.265693,1812.171724,-0.0500,0.0109,0.2769,1788.199679
2025-05-01 05:58:11,BUY,1813.148125,1812.311381,0.0462,6.9678,0.4429,1813.205753
2025-05-01 05:58:23,BUY,1813.586990,1812.732687,0.0471,5.2370,0.1144,1813.606801
2025-05-01 05:58:23,BUY,1813.377673,1812.630602,0.0412,15.9256,2.7727,1813.535531
2025-05-01 05:58:23,SELL,1811.722834,1812.627707,-0.0499,0.1443,0.2869,1809.921890
2025-05-01 05:58:35,BUY,1813.856561,1813.166605,0.0381,21.6449,4.6303,1814.050573
2025-05-01 05:58:35,BUY,1814.242103,1813.339993,0.0497,0.5000,0.1395,1814.495122
2025-05-01 05:58:35,BUY,1814.155228,1813.329699,0.0455,8.1349,0.1088,1814.167359
2025-05-01 05:58:35,BUY,1814.236965,1813.329967,0.0500,0.0134,0.7616,1865.940633
2025-05-01 05:58:47,SELL,1812.425889,1813.325118,-0.0496,0.7415,5.5782,1805.608916
2025-05-01 05:59:23,BUY,1814.269618,1813.399848,0.0480,3.7273,0.1125,1814.297008
2025-05-01 05:59:35,BUY,1814.474728,1813.619290,0.0472,3.7554,0.1081,1814.500849
2025-05-01 05:59:35,BUY,1814.366091,1813.517969,0.0468,5.8913,0.7564,1814.482568
2025-05-01 06:01:11,BUY,1814.541652,1813.648215,0.0493,1.0009,0.7714,1815.240933
2025-05-01 06:01:11,BUY,1814.527191,1813.620546,0.0500,0.0454,0.1185,1816.893391
2025-05-01 06:01:23,BUY,1814.689799,1813.916703,0.0426,9.7117,0.2864,1814.716558
2025-05-01 06:01:35,BUY,1814.999911,1814.268136,0.0403,12.7109,0.1191,1815.008411
2025-05-01 06:01:47,BUY,1815.279306,1814.475202,0.0443,7.4888,1.2182,1815.426951
2025-05-01 06:03:35,SELL,1813.567799,1814.474870,-0.0500,0.0120,0.4269,1781.312496
2025-05-01 06:04:11,SELL,1813.565484,1814.470571,-0.0499,0.1554,0.2826,1811.916680
2025-05-01 06:04:35,SELL,1813.356714,1814.057144,-0.0386,14.9450,0.1077,1813.350179
2025-05-01 06:04:35,SELL,1813.103793,1813.964453,-0.0474,3.3509,0.1077,1813.074654
2025-05-01 06:05:11,SELL,1812.719883,1813.626627,-0.0500,0.0050,0.2734,1763.165608
2025-05-01 06:05:11,SELL,1812.888704,1813.626766,-0.0407,12.2087,2.4846,1812.704233
2025-05-01 06:06:11,SELL,1812.559305,1813.325887,-0.0423,13.5943,0.4276,1812.530801
2025-05-01 06:06:23,SELL,1812.414090,1813.315616,-0.0497,0.5120,0.4402,1811.635026
2025-05-01 06:06:35,SELL,1812.407861,1813.313427,-0.0499,0.1091,0.7646,1806.057928
2025-05-01 06:07:11,SELL,1812.340007,1813.179836,-0.0463,6.6600,0.1123,1812.324731
2025-05-01 06:07:35,SELL,1812.167840,1812.968924,-0.0442,10.5152,0.1876,1812.151674
2025-05-01 06:07:47,SELL,1812.061668,1812.967389,-0.0500,0.0766,0.7612,1803.052525
2025-05-01 06:08:59,SELL,1811.853630,1812.552655,-0.0386,20.6786,0.1121,1811.848718
2025-05-01 06:09:11,SELL,1811.046529,1811.943547,-0.0495,0.8936,0.1262,1810.918599
2025-05-01 06:09:11,SELL,1811.132578,1811.961465,-0.0457,7.6934,0.4261,1811.082424
2025-05-01 06:09:11,SELL,1811.458758,1812.115734,-0.0363,24.8554,12.1615,1811.015594
2025-05-01 06:09:11,BUY,1813.490164,1812.614182,0.0483,3.0694,0.2631,1813.567891
2025-05-01 06:10:59,SELL,1811.036762,1811.941919,-0.0500,10.1539,0.2631,1811.013299
2025-05-01 06:12:35,BUY,1812.848764,1811.942744,0.0500,0.0411,0.1159,1815.402258
2025-05-01 06:12:59,SELL,1811.036600,1811.942562,-0.0500,0.0091,0.1290,1798.141252
2025-05-01 06:13:35,SELL,1810.551896,1811.423856,-0.0481,2.4810,0.1008,1810.515121
2025-05-01 06:13:35,SELL,1810.828148,1811.491394,-0.0366,19.6022,4.1104,1810.638292
2025-05-01 06:13:47,SELL,1809.774691,1810.578479,-0.0444,7.4629,0.4294,1809.722631
2025-05-01 06:13:47,SELL,1810.197143,1810.781589,-0.0323,23.5960,13.7126,1809.671153
2025-05-01 06:16:11,SELL,1809.671554,1810.575213,-0.0499,0.1200,0.1040,1808.887530
2025-05-01 06:16:11,BUY,1811.566833,1810.746889,0.0453,6.3111,0.0999,1811.581176
2025-05-01 06:17:35,SELL,1809.689420,1810.442558,-0.0416,11.1823,2.1032,1809.519237
2025-05-01 06:17:47,SELL,1809.223067,1810.127953,-0.0500,0.0136,0.3931,1783.014469
2025-05-01 06:17:47,SELL,1809.380291,1810.128322,-0.0413,11.5472,3.1762,1809.131446
2025-05-01 06:17:59,SELL,1809.023637,1809.729285,-0.0390,14.6521,4.4842,1808.746815
2025-05-01 06:18:11,SELL,1808.700573,1809.481476,-0.0432,9.1091,1.8702,1808.514901
2025-05-01 06:20:35,SELL,1808.573704,1809.481469,-0.0502,0.0002,0.1498,1260.587930
2025-05-01 06:20:47,BUY,1810.386901,1809.481946,0.0500,0.0176,0.1497,1818.108499
2025-05-01 06:20:59,BUY,1810.666297,1809.828834,0.0463,4.9924,0.4500,1810.747897
2025-05-01 06:20:59,BUY,1810.492765,1809.693097,0.0442,7.7665,0.4499,1810.545209
2025-05-01 06:21:35,BUY,1810.734425,1809.828937,0.0500,0.0038,0.2765,1876.920089
2025-05-01 06:21:47,BUY,1810.738102,1809.836529,0.0498,0.2792,0.1539,1811.237234
2025-05-01 06:22:23,BUY,1810.873817,1810.100246,0.0427,9.7007,0.1203,1810.885041
2025-05-01 06:22:59,SELL,1809.194844,1810.099588,-0.0500,0.0242,0.7537,1781.000617
2025-05-01 06:23:35,BUY,1811.008404,1810.106210,0.0498,0.2436,0.2731,1812.023863
2025-05-01 06:24:35,BUY,1811.014222,1810.111218,0.0499,0.1843,0.7633,1814.765337
2025-05-01 06:24:47,SELL,1809.204804,1810.108499,-0.0499,0.1000,0.2723,1806.741472
2025-05-01 06:25:11,SELL,1809.174814,1810.051209,-0.0484,2.1068,0.1437,1809.113097
2025-05-01 06:25:23,SELL,1809.142527,1810.043895,-0.0498,0.2690,0.4386,1807.667478
2025-05-01 06:25:35,BUY,1810.950050,1810.045247,0.0500,0.0497,0.2717,1815.896495
2025-05-01 06:25:47,BUY,1810.950937,1810.045673,0.0500,0.0157,0.1195,1817.850848
2025-05-01 06:26:11,BUY,1810.969326,1810.052202,0.0507,0.0001,0.1180,3100.386053
2025-05-01 06:26:11,BUY,1810.954414,1810.052200,0.0498,0.2401,0.7695,1813.855925
2025-05-01 06:26:35,SELL,1809.144749,1810.047349,-0.0499,0.1785,0.7579,1805.303469
2025-05-01 06:26:47,BUY,1810.957647,1810.056987,0.0498,0.3546,0.3474,1811.844780
2025-05-01 06:27:23,SELL,1809.127373,1810.007792,-0.0486,1.8091,0.7517,1808.751539
2025-05-01 06:30:59,SELL,1809.101460,1810.005137,-0.0499,0.0976,0.7568,1802.090840
2025-05-01 06:30:59,BUY,1810.986262,1810.156403,0.0458,5.5655,0.4310,1811.056385
2025-05-01 06:31:11,BUY,1811.062954,1810.158442,0.0500,0.0750,0.7551,1820.180342
2025-05-01 06:32:35,SELL,1809.217084,1810.085850,-0.0480,2.6695,0.2668,1809.126680
2025-05-01 06:32:35,SELL,1809.141709,1810.007617,-0.0478,2.8770,0.3258,1809.039272
2025-05-01 06:32:47,SELL,1809.015939,1809.850505,-0.0461,5.1781,0.5635,1808.917502
2025-05-01 06:32:47,SELL,1809.094459,1809.991301,-0.0495,0.6000,0.2797,1808.672730
2025-05-01 06:32:59,SELL,1808.939142,1809.837627,-0.0496,0.4737,0.7750,1807.459366
2025-05-01 06:33:35,SELL,1808.929666,1809.831541,-0.0498,0.2239,0.4433,1807.138509
2025-05-01 06:33:47,SELL,1808.901269,1809.780805,-0.0486,1.8661,0.2754,1808.767776
2025-05-01 06:33:59,SELL,1808.874497,1809.777977,-0.0499,0.1040,0.4374,1805.070891
2025-05-01 06:34:11,SELL,1808.872277,1809.776359,-0.0500,0.0595,0.1307,1806.885034
2025-05-01 06:34:23,BUY,1810.682141,1809.777239,0.0500,0.4316,0.4585,1811.643862
2025-05-01 06:34:35,SELL,1808.871728,1809.776020,-0.0500,0.0448,0.4389,1800.015288
2025-05-01 06:35:47,SELL,1808.870882,1809.775635,-0.0500,0.0142,0.7478,1761.207154
2025-05-01 06:37:23,SELL,1808.592196,1809.218298,-0.0346,20.5094,0.2797,1808.579862
2025-05-01 06:37:59,BUY,1810.135988,1809.243542,0.0493,0.9295,0.0980,1810.231397
2025-05-01 06:38:11,BUY,1810.168752,1809.283793,0.0489,1.4821,0.2704,1810.333891
2025-05-01 06:38:23,SELL,1808.379080,1809.283650,-0.0500,0.0053,0.1051,1790.328710
2025-05-01 06:38:47,SELL,1808.086319,1808.922976,-0.0463,4.9936,0.4390,1808.006839
2025-05-01 06:38:47,SELL,1808.266564,1809.058655,-0.0438,8.2803,0.4390,1808.218624
2025-05-01 06:38:59,SELL,1807.963450,1808.812793,-0.0470,4.0553,0.4392,1807.865547
2025-05-01 06:39:11,SELL,1807.790833,1808.577577,-0.0435,8.6576,1.3371,1807.651234
2025-05-01 06:39:23,SELL,1807.582522,1808.395959,-0.0450,6.6852,1.3567,1807.399103
2025-05-01 06:40:11,SELL,1807.491082,1808.394600,-0.0500,0.0500,0.2730,1802.557364
2025-05-01 06:40:35,SELL,1807.163216,1808.042094,-0.0486,1.8517,0.2017,1807.064792
2025-05-01 06:40:35,SELL,1807.339375,1808.092405,-0.0416,11.1243,1.1762,1807.243829
2025-05-01 06:40:59,SELL,1807.135400,1808.039478,-0.0500,0.0045,0.2728,1752.567159
2025-05-01 06:40:59,SELL,1807.136827,1808.039601,-0.0499,0.0918,0.7610,1799.642790
2025-05-01 06:42:11,SELL,1806.993684,1807.755799,-0.0422,10.4410,3.0090,1806.733304
2025-05-01 06:42:35,SELL,1806.395870,1807.259204,-0.0478,2.9682,0.1119,1806.361807
2025-05-01 06:42:35,SELL,1806.644032,1807.339837,-0.0385,15.3113,4.1477,1806.399329
2025-05-01 06:43:11,SELL,1806.081999,1806.711822,-0.0349,20.1519,0.1141,1806.076885
2025-05-01 06:45:47,SELL,1805.661556,1806.417867,-0.0419,10.8232,2.8136,1805.426859
2025-05-01 06:46:11,BUY,1807.321739,1806.417948,0.0500,0.0030,0.7625,2037.133476
2025-05-01 06:46:35,BUY,1807.323460,1806.421647,0.0499,2.6975,0.1476,1807.372904
2025-05-01 06:48:23,BUY,1807.334986,1806.440990,0.0495,0.7126,0.1397,1807.512167
2025-05-01 06:49:23,BUY,1807.363582,1806.478810,0.0490,1.3933,0.1075,1807.433301
2025-05-01 06:50:35,BUY,1807.661451,1807.036474,0.0346,20.5420,9.8814,1808.096227
2025-05-01 06:50:59,BUY,1808.246823,1807.648976,0.0331,22.5584,0.0998,1808.250824
2025-05-01 06:54:11,BUY,1808.553469,1807.649201,0.0500,0.0083,0.3010,1841.479157
2025-05-01 06:55:11,SELL,1806.744754,1807.649189,-0.0500,0.0004,0.0908,1624.082445
2025-05-01 06:56:47,BUY,1808.553847,1807.649270,0.0500,0.0030,0.1070,1840.812243
2025-05-01 06:57:47,BUY,1808.555245,1807.652665,0.0499,0.1250,0.7591,1814.046956
2025-05-01 06:57:59,SELL,1806.748580,1807.652250,-0.0500,0.0153,0.7526,1762.183278
2025-05-01 06:58:23,SELL,1806.748263,1807.651929,-0.0500,2.4231,0.4289,1806.588348
2025-05-01 06:59:23,SELL,1806.747730,1807.651246,-0.0500,0.0251,0.2575,1797.493596
2025-05-01 06:59:35,SELL,1806.747022,1807.650448,-0.0500,6.0150,0.7551,1806.633623
2025-05-01 06:59:35,BUY,1808.555294,1807.651581,0.0500,0.0417,0.1811,1812.482746
2025-05-01 06:59:47,SELL,1806.746466,1807.649011,-0.0499,0.0946,0.2645,1804.220564
2025-05-01 06:59:59,SELL,1806.741634,1807.641908,-0.0498,0.2614,0.4333,1805.244429
2025-05-01 07:00:11,SELL,1806.200056,1806.965282,-0.0423,10.1845,0.4305,1806.161879
2025-05-01 07:00:11,SELL,1806.538194,1807.241943,-0.0389,14.7222,3.1892,1806.342521
2025-05-01 07:00:35,SELL,1806.059506,1806.960699,-0.0499,0.1687,0.1415,1805.302421
2025-05-01 07:00:59,BUY,1807.865131,1806.961680,0.0500,0.0361,0.7615,1826.907389
2025-05-01 07:01:11,SELL,1805.817639,1806.480350,-0.0367,17.7207,0.1127,1805.811896
2025-05-01 07:01:11,SELL,1805.489632,1806.305311,-0.0452,6.4449,0.1127,1805.473847
2025-05-01 07:01:23,SELL,1805.190672,1806.092208,-0.0499,0.1121,0.7607,1799.063950
2025-05-01 07:01:23,SELL,1805.297148,1806.095243,-0.0442,7.7543,0.7607,1805.208599
2025-05-01 07:01:35,SELL,1804.978367,1805.670432,-0.0383,15.5746,4.8491,1804.697380
2025-05-01 07:01:47,SELL,1804.644326,1805.423775,-0.0432,9.1090,1.8595,1804.460122
2025-05-01 07:01:59,SELL,1803.830581,1804.042381,-0.0117,51.0259,0.1099,1803.828638
2025-05-01 07:04:11,BUY,1805.114005,1804.380530,0.0406,12.4985,0.9535,1805.182858
2025-05-01 07:04:23,SELL,1803.477339,1804.378527,-0.0499,0.0740,0.2678,1800.213911
2025-05-01 07:04:59,BUY,1805.368722,1804.553551,0.0452,6.4687,0.6675,1805.461866
2025-05-01 07:05:11,BUY,1805.618763,1804.878370,0.0410,12.0043,0.4309,1805.651172
2025-05-01 07:05:23,BUY,1805.912114,1805.139956,0.0428,9.6666,0.0975,1805.921221
2025-05-01 07:05:47,BUY,1806.224533,1805.502904,0.0400,13.4111,3.9563,1806.490950
2025-05-01 07:05:59,BUY,1806.464733,1805.620098,0.0468,4.3301,1.3734,1806.751216
2025-05-01 07:06:11,BUY,1806.536898,1805.647161,0.0493,1.0000,0.1073,1806.633832
2025-05-01 07:06:23,BUY,1806.778618,1805.956146,0.0455,5.9793,0.4334,1806.844100
2025-05-01 07:06:23,BUY,1806.624049,1805.794315,0.0459,5.4373,0.4334,1806.696046
2025-05-01 07:06:35,SELL,1805.039540,1805.928879,-0.0492,1.0069,0.2966,1804.773666
2025-05-01 07:06:47,BUY,1806.832528,1805.928939,0.0500,0.0022,0.1396,1863.464211
2025-05-01 07:06:47,SELL,1805.023894,1805.924785,-0.0499,0.1534,0.7573,1800.569427
2025-05-01 07:07:23,BUY,1806.905051,1806.078416,0.0458,5.6762,0.6855,1807.014167
2025-05-01 07:07:35,BUY,1807.061980,1806.238484,0.0456,5.9137,0.7629,1807.178543
2025-05-01 07:07:47,BUY,1807.201122,1806.356638,0.0468,4.3578,0.1534,1807.232926
2025-05-01 07:07:47,BUY,1807.265363,1806.366818,0.0497,0.3750,0.1401,1807.602967
2025-05-01 07:08:35,SELL,1805.397964,1806.284498,-0.0491,7.6203,0.7577,1805.308209
2025-05-01 07:08:47,BUY,1807.333472,1806.575127,0.0420,10.7070,2.1053,1807.511156
2025-05-01 07:09:35,SELL,1805.671291,1806.574041,-0.0500,0.0400,0.7612,1788.479274
2025-05-01 07:09:35,BUY,1807.522354,1806.663145,0.0476,3.2825,0.2735,1807.597646
2025-05-01 07:10:35,BUY,1807.610315,1806.749876,0.0476,3.1950,0.4381,1807.734255
2025-05-01 07:10:59,BUY,1807.654392,1806.751233,0.0500,0.0500,0.2999,1813.077052
2025-05-01 07:11:35,SELL,1805.845589,1806.746705,-0.0499,0.1667,0.7584,1801.737447
2025-05-01 07:12:11,SELL,1805.843200,1806.746583,-0.0500,0.0045,0.2656,1752.715598
2025-05-01 07:12:35,BUY,1807.658651,1806.763060,0.0496,0.6070,0.4399,1808.313680
2025-05-01 07:13:11,BUY,1807.677257,1806.783774,0.0495,0.7630,0.3752,1808.121682
2025-05-01 07:13:23,SELL,1805.871189,1806.765381,-0.0495,0.6772,0.7703,1804.844120
2025-05-01 07:14:35,SELL,1805.855288,1806.751954,-0.0496,0.4943,0.1085,1805.657091
2025-05-01 07:14:47,BUY,1807.700533,1806.841411,0.0475,3.2945,0.7559,1807.907912
2025-05-01 07:15:47,SELL,1805.931188,1806.827799,-0.0496,0.5010,0.1055,1805.741040
2025-05-01 07:15:47,BUY,1807.737438,1806.839340,0.0497,0.4250,0.1062,1807.963363
2025-05-01 07:17:47,SELL,1805.920595,1806.808675,-0.0492,1.1287,0.5192,1805.505241
2025-05-01 07:17:47,SELL,1805.854168,1806.706420,-0.0472,3.7640,0.1127,1805.827139
2025-05-01 07:17:59,SELL,1805.581061,1806.262275,-0.0377,16.3524,0.1120,1805.574878
2025-05-01 07:18:35,BUY,1807.195536,1806.321640,0.0484,2.1889,0.2785,1807.310510
2025-05-01 07:19:11,SELL,1805.284461,1806.053567,-0.0426,9.8928,0.1100,1805.274429
2025-05-01 07:19:23,SELL,1805.147037,1806.046563,-0.0498,0.2586,0.1070,1804.773532
2025-05-01 07:19:59,SELL,1805.095159,1805.949754,-0.0473,3.5741,0.4362,1804.985003
2025-05-01 07:20:11,SELL,1805.045784,1805.947763,-0.0499,0.0735,0.2642,1801.801875
2025-05-01 07:20:35,SELL,1805.041336,1805.940856,-0.0498,0.2550,0.2750,1804.068036
2025-05-01 07:20:47,BUY,1806.845106,1805.940881,0.0501,0.0009,0.1097,1912.916036
2025-05-01 07:21:11,SELL,1805.033076,1805.931211,-0.0497,0.3570,0.7573,1803.118542
2025-05-01 07:21:23,BUY,1806.953250,1806.168344,0.0435,8.7590,0.1053,1806.964108
2025-05-01 07:21:47,BUY,1807.072073,1806.168717,0.0500,0.0138,0.1117,1814.384050
2025-05-01 07:22:11,BUY,1807.362768,1806.479248,0.0489,1.4851,0.7694,1807.830908
2025-05-01 07:22:11,BUY,1807.207329,1806.438925,0.0425,9.9644,1.9062,1807.380192
2025-05-01 07:22:23,BUY,1807.458204,1806.629704,0.0459,5.5413,1.1449,1807.644920
2025-05-01 07:22:35,BUY,1807.661180,1806.885004,0.0430,9.4022,0.7724,1807.735433
2025-05-01 07:23:23,SELL,1805.981402,1806.884686,-0.0500,2.5600,0.1383,1805.932629
2025-05-01 07:23:35,BUY,1808.258414,1807.824005,0.0240,34.5876,12.7643,1808.592076
2025-05-01 07:23:47,BUY,1808.783135,1807.878874,0.0500,0.0129,0.1096,1816.476107
2025-05-01 07:23:47,BUY,1808.755642,1807.878524,0.0485,2.0072,0.1218,1808.810506
2025-05-01 07:23:59,BUY,1809.013342,1808.338796,0.0373,16.9341,5.8908,1809.327989
2025-05-01 07:24:11,SELL,1808.172660,1809.077234,-0.0500,0.0048,0.7562,1665.099298
2025-05-01 07:24:11,BUY,1809.612849,1809.077364,0.0296,27.1923,0.1049,1809.616341
2025-05-01 07:24:47,BUY,1809.982447,1809.077390,0.0500,0.0057,0.1097,1827.276277
2025-05-01 07:24:47,SELL,1808.172816,1809.077319,-0.0500,0.0026,0.1260,1764.349440
2025-05-01 07:25:35,SELL,1807.985467,1808.702524,-0.0396,13.7915,0.2591,1807.968486
2025-05-01 07:25:35,BUY,1809.801771,1809.091237,0.0393,14.3108,0.1395,1809.810592
2025-05-01 07:25:47,SELL,1808.186549,1809.090951,-0.0500,0.0105,0.2712,1784.905133
2025-05-01 07:26:11,SELL,1808.185326,1809.088791,-0.0499,0.0795,0.1958,1805.958967
2025-05-01 07:27:11,BUY,1809.996961,1809.095129,0.0498,0.2333,0.1126,1810.433542
2025-05-01 07:28:35,SELL,1808.166023,1809.045988,-0.0486,1.8082,0.7597,1807.786152
2025-05-01 07:29:47,BUY,1809.966800,1809.077645,0.0491,1.1654,0.1192,1810.059353
2025-05-01 07:30:35,BUY,1810.120625,1809.353496,0.0424,10.1548,2.4510,1810.339078
2025-05-01 07:31:11,BUY,1810.429407,1809.694904,0.0406,12.5670,5.2687,1810.808915
2025-05-01 07:31:35,SELL,1808.793123,1809.697724,-0.0500,0.0200,0.7515,1774.833567
2025-05-01 07:31:35,BUY,1810.601889,1809.698268,0.0499,0.1238,0.7515,1816.097479
2025-05-01 07:31:59,SELL,1808.786438,1809.684847,-0.0496,0.4737,0.7545,1807.346108
2025-05-01 07:32:47,BUY,1810.590821,1809.686205,0.0500,0.0500,0.4558,1818.844115
2025-05-01 07:33:47,BUY,1810.591725,1809.686581,0.0500,0.0138,0.1141,1818.065098
2025-05-01 07:33:59,BUY,1810.696742,1809.896213,0.0442,7.7159,1.1870,1810.836018
2025-05-01 07:34:11,BUY,1810.906000,1810.104887,0.0443,7.6792,0.9255,1811.015127
2025-05-01 07:34:35,BUY,1811.527713,1811.139160,0.0215,38.0547,28.8590,1812.214605
2025-05-01 07:34:59,BUY,1812.093504,1811.235755,0.0474,3.5535,0.4552,1812.209565
2025-05-01 07:35:11,BUY,1812.614767,1812.114279,0.0276,37.6036,9.6202,1812.846630
2025-05-01 07:35:35,BUY,1813.021375,1812.115435,0.0500,0.0577,0.7648,1825.029629
2025-05-01 07:35:59,BUY,1813.040184,1812.151892,0.0490,1.8201,0.2679,1813.173611
2025-05-01 07:36:35,BUY,1813.073451,1812.181937,0.0492,1.5000,0.1598,1813.170052
2025-05-01 07:37:11,SELL,1811.303663,1812.207559,-0.0499,0.2207,0.1305,1810.768187
2025-05-01 07:37:11,BUY,1813.103511,1812.211982,0.0492,1.5000,0.1623,1813.201620
2025-05-01 07:37:35,SELL,1811.300970,1812.206590,-0.0500,0.4762,0.1237,1811.065640
2025-05-01 07:39:35,SELL,1811.197504,1812.000527,-0.0443,10.2828,0.4410,1811.158669
2025-05-01 07:41:23,BUY,1812.704381,1811.800699,0.0499,0.2669,0.7673,1815.309784
2025-05-01 07:41:23,SELL,1810.991988,1811.795353,-0.0443,10.2390,0.2781,1810.967394
2025-05-01 07:41:35,SELL,1810.894758,1811.800619,-0.0500,0.0040,0.1121,1785.458594
2025-05-01 07:41:35,SELL,1810.894614,1811.800481,-0.0500,0.0069,0.1918,1785.664798
2025-05-01 07:41:59,SELL,1810.893371,1811.798063,-0.0499,0.1207,0.1652,1809.654047
2025-05-01 07:42:11,SELL,1810.891588,1811.796911,-0.0500,0.0575,0.2778,1806.517519
2025-05-01 07:42:35,BUY,1812.904962,1812.200131,0.0389,20.1318,6.3273,1813.189852
2025-05-01 07:42:47,BUY,1813.107410,1812.201580,0.0500,0.0724,0.2900,1816.739994
2025-05-01 07:42:47,BUY,1813.125181,1812.235655,0.0491,1.7011,0.2900,1813.279733
2025-05-01 07:43:11,BUY,1813.142318,1812.235720,0.0500,0.0033,0.3186,1901.252482
2025-05-01 07:43:59,SELL,1811.327743,1812.232000,-0.0499,0.1856,0.7610,1807.614553
2025-05-01 07:44:11,BUY,1813.140073,1812.235005,0.0499,0.1500,0.6100,1816.826781
2025-05-01 07:44:59,SELL,1811.146048,1811.869161,-0.0399,18.2564,0.2784,1811.132238
2025-05-01 07:45:11,BUY,1812.869264,1812.056503,0.0449,9.3537,0.1045,1812.879388
2025-05-01 07:45:23,BUY,1813.414881,1812.535266,0.0485,2.7050,0.1175,1813.454280
2025-05-01 07:45:23,BUY,1813.171598,1812.473544,0.0385,20.8204,3.5925,1813.328026
2025-05-01 07:45:23,BUY,1813.384006,1812.481080,0.0498,0.3762,0.7700,1815.239867
2025-05-01 07:45:35,BUY,1813.449503,1812.550290,0.0496,0.7500,0.7759,1814.387522
2025-05-01 07:45:47,BUY,1813.457079,1812.550367,0.0500,0.0038,0.1499,1849.013201
2025-05-01 07:46:11,BUY,1813.559955,1812.755989,0.0444,10.2644,1.5426,1813.696231
2025-05-01 07:46:35,BUY,1813.665350,1812.761042,0.0499,0.2523,0.1200,1814.096787
2025-05-01 07:46:47,BUY,1813.565946,1812.660224,0.0500,0.1064,0.1272,1814.650345
2025-05-01 07:46:47,SELL,1811.803212,1812.658093,-0.0472,5.1365,0.2903,1811.752005
2025-05-01 07:46:59,SELL,1811.749716,1812.652083,-0.0498,0.3953,0.7699,1809.985280
2025-05-01 07:46:59,SELL,1811.753750,1812.660006,-0.0500,0.0109,0.1174,1801.971038
2025-05-01 07:47:23,SELL,1811.745608,1812.651889,-0.0500,0.0096,0.1259,1799.833056
2025-05-01 07:48:59,SELL,1811.737018,1812.634791,-0.0495,0.8458,0.7716,1810.910624
2025-05-01 07:49:47,SELL,1811.535058,1812.247787,-0.0393,19.1446,0.2855,1811.521552
2025-05-01 07:50:23,BUY,1813.271491,1812.481931,0.0436,11.5889,2.4541,1813.463485
2025-05-01 07:50:35,SELL,1811.574459,1812.480626,-0.0500,0.0102,0.1224,1800.724050
2025-05-01 07:50:35,SELL,1811.575133,1812.480832,-0.0500,0.0543,0.7748,1798.661877
2025-05-01 07:50:35,SELL,1811.574205,1812.480526,-0.0500,0.0049,0.1224,1789.100642
2025-05-01 07:50:47,SELL,1812.679763,1813.387562,-0.0390,17.2462,0.1235,1812.673274
2025-05-01 07:50:47,BUY,1814.473969,1813.817458,0.0362,18.9932,0.1189,1814.479648
2025-05-01 07:50:47,BUY,1813.823337,1813.352428,0.0260,43.1479,32.1252,1814.498567
2025-05-01 07:51:11,BUY,1814.294794,1813.387602,0.0500,0.0020,0.1053,1862.955002
2025-05-01 07:51:23,BUY,1814.430508,1813.682895,0.0412,12.4399,2.8352,1814.637271
2025-05-01 07:51:59,SELL,1812.428107,1813.022440,-0.0328,30.4941,0.1177,1812.424610
2025-05-01 07:51:59,BUY,1814.157701,1813.478834,0.0374,22.5835,0.1177,1814.162430
2025-05-01 07:51:59,SELL,1812.341183,1813.016809,-0.0373,22.8507,0.1177,1812.336515
2025-05-01 07:51:59,BUY,1814.017496,1813.204171,0.0449,9.2715,0.1177,1814.029012
2025-05-01 07:52:23,BUY,1814.259756,1813.501094,0.0418,14.6921,0.1146,1814.266832
2025-05-01 07:52:23,SELL,1812.458200,1813.228681,-0.0425,13.4725,0.1146,1812.450492
2025-05-01 07:52:47,BUY,1814.182663,1813.276006,0.0500,0.0432,0.1170,1816.641351
2025-05-01 07:52:47,BUY,1814.219819,1813.396740,0.0454,8.3159,0.1169,1814.232569
2025-05-01 07:52:47,SELL,1812.429268,1813.275134,-0.0466,6.0142,0.1169,1812.411657
2025-05-01 07:53:35,BUY,1814.186536,1813.282875,0.0498,0.3399,0.7637,1816.224653
2025-05-01 07:53:35,SELL,1812.304924,1813.140188,-0.0461,7.0570,0.4372,1812.248780
2025-05-01 07:54:11,SELL,1811.860646,1812.698466,-0.0462,6.7830,0.4311,1811.803064
2025-05-01 07:54:11,SELL,1812.081391,1812.835594,-0.0416,15.0656,1.2686,1812.005098
2025-05-01 07:54:23,SELL,1811.410165,1812.263107,-0.0471,5.2654,0.1047,1811.392150
2025-05-01 07:54:23,BUY,1813.606988,1812.701902,0.0499,0.1700,0.5830,1816.716578
2025-05-01 07:54:23,SELL,1811.629446,1812.369542,-0.0408,16.4410,0.1047,1811.623676
2025-05-01 07:54:59,BUY,1813.172331,1812.269104,0.0498,0.3327,0.7641,1815.254595
2025-05-01 07:54:59,SELL,1811.356601,1812.262383,-0.0500,0.0358,0.7641,1792.030391
2025-05-01 07:55:11,SELL,1811.362939,1812.269043,-0.0500,0.0030,0.4363,1679.640475
2025-05-01 07:55:23,BUY,1813.290953,1812.499579,0.0437,11.4102,0.2772,1813.312976
2025-05-01 07:58:11,SELL,1811.593152,1812.499525,-0.0500,0.0027,0.4335,1666.078811
2025-05-01 07:58:23,SELL,1811.432827,1812.178483,-0.0411,15.8820,0.2834,1811.416668
2025-05-01 07:59:23,BUY,1813.187825,1812.383984,0.0444,10.1714,0.1247,1813.198940
2025-05-01 07:59:23,BUY,1813.291517,1812.385740,0.0500,0.0869,0.1120,1814.459697
2025-05-01 07:59:35,SELL,1811.362478,1812.151491,-0.0435,11.5886,0.1033,1811.354408
2025-05-01 07:59:47,SELL,1811.121532,1811.898559,-0.0429,12.7636,0.1123,1811.113567
2025-05-01 07:59:47,BUY,1813.060547,1812.156542,0.0499,0.2500,0.2754,1814.059101
2025-05-01 07:59:59,SELL,1810.973889,1811.861099,-0.0490,1.8534,1.3654,1810.306812
2025-05-01 08:00:47,SELL,1810.955008,1811.860779,-0.0500,0.0158,0.1974,1799.652385
2025-05-01 08:01:35,SELL,1810.952103,1811.855289,-0.0498,0.2716,0.1097,1810.586575
2025-05-01 08:02:23,BUY,1812.856594,1812.045047,0.0448,9.3931,1.2875,1812.980834
2025-05-01 08:02:35,BUY,1812.951723,1812.045447,0.0500,0.0198,0.1158,1818.243886
2025-05-01 08:03:23,BUY,1813.004729,1812.151007,0.0471,5.2250,0.1392,1813.028878
2025-05-01 08:03:59,BUY,1812.518266,1811.616425,0.0498,0.3214,0.7521,1814.638850
2025-05-01 08:03:59,SELL,1810.985138,1811.607584,-0.0344,25.5140,0.1000,1810.981591
2025-05-01 08:04:11,SELL,1810.400294,1810.995522,-0.0329,22.5639,3.8156,1810.247222
2025-05-01 08:04:11,SELL,1810.089955,1810.995384,-0.0500,0.0050,0.1287,1786.792590
2025-05-01 08:04:47,SELL,1809.963789,1810.743072,-0.0430,9.1702,0.8829,1809.876660
2025-05-01 08:04:47,BUY,1811.678129,1810.801509,0.0484,2.1250,0.7747,1812.008381
2025-05-01 08:04:59,SELL,1809.841579,1810.692398,-0.0470,3.9657,0.2674,1809.780570
2025-05-01 08:05:47,BUY,1811.598512,1810.692954,0.0500,0.0202,0.2840,1824.320172
2025-05-01 08:06:11,SELL,1809.787333,1810.692880,-0.0500,0.0027,0.2792,1716.732104
2025-05-01 08:06:35,SELL,1809.658120,1810.433934,-0.0429,9.4121,0.9941,1809.562548
2025-05-01 08:07:35,SELL,1809.336856,1810.050040,-0.0394,13.9549,1.2305,1809.257083
2025-05-01 08:08:23,BUY,1811.544763,1811.228132,0.0175,42.8416,15.3655,1811.869625
2025-05-01 08:08:35,BUY,1810.959085,1810.057167,0.0498,0.2592,0.1131,1811.353990
2025-05-01 08:09:11,SELL,1810.277061,1811.174103,-0.0495,0.6214,0.1114,1810.114805
2025-05-01 08:09:35,SELL,1810.047908,1810.931930,-0.0488,1.5596,0.2959,1809.876175
2025-05-01 08:09:35,BUY,1811.841288,1810.938805,0.0498,0.2500,0.1661,1812.443362
2025-05-01 08:09:35,SELL,1810.022260,1810.916643,-0.0494,0.8055,0.1584,1809.844307
2025-05-01 08:09:35,SELL,1810.168932,1810.974841,-0.0445,7.2417,1.0685,1810.035395
2025-05-01 08:09:47,SELL,1809.959600,1810.813423,-0.0472,3.7515,2.8471,1809.272788
2025-05-01 08:10:23,BUY,1811.746797,1810.868424,0.0485,2.0000,0.1242,1811.803063
2025-05-01 08:10:23,SELL,1809.961792,1810.866028,-0.0499,0.0871,0.1088,1808.831319
2025-05-01 08:12:23,BUY,1812.155008,1811.631913,0.0289,27.8469,0.0930,1812.158034
2025-05-01 08:12:35,BUY,1812.784628,1812.106073,0.0374,22.4181,0.1047,1812.788860
2025-05-01 08:12:47,BUY,1813.507900,1813.096355,0.0227,49.0104,18.8126,1813.855957
2025-05-01 08:12:59,BUY,1814.006597,1813.102832,0.0498,0.3205,0.7577,1816.150858
2025-05-01 08:13:11,BUY,1814.342819,1813.823271,0.0286,31.5519,7.7216,1814.564829
2025-05-01 08:14:47,SELL,1812.806075,1813.602599,-0.0439,7.8889,0.3134,1812.770067
2025-05-01 08:15:23,BUY,1814.527333,1813.637372,0.0491,1.2378,0.1421,1814.631509
2025-05-01 08:15:23,BUY,1814.510020,1813.602767,0.0500,0.0060,0.1163,1832.064526
2025-05-01 08:15:47,BUY,1814.754435,1814.056768,0.0385,15.0000,0.1120,1814.761211
2025-05-01 08:15:59,BUY,1815.174064,1814.476211,0.0385,15.0000,0.1173,1815.181162
2025-05-01 08:16:23,BUY,1815.523796,1814.755867,0.0423,10.0000,0.1165,1815.534374
2025-05-01 08:16:35,BUY,1815.846797,1815.121897,0.0399,13.0874,3.8376,1816.113024
2025-05-01 08:16:47,SELL,1814.214167,1815.121593,-0.0500,0.0109,0.7634,1750.595526
2025-05-01 08:16:47,BUY,1816.239452,1815.541029,0.0385,15.0000,0.1100,1816.246112
2025-05-01 08:16:47,BUY,1816.452750,1815.548018,0.0498,0.2500,0.1450,1816.979540
2025-05-01 08:16:59,BUY,1816.459742,1815.555007,0.0498,0.2500,0.1425,1816.977371
2025-05-01 08:17:23,SELL,1814.473124,1815.206586,-0.0404,12.4550,0.1172,1814.464586
2025-05-01 08:17:23,BUY,1816.129404,1815.236093,0.0492,1.0550,0.4440,1816.511621
2025-05-01 08:17:47,SELL,1814.328133,1815.235408,-0.0500,0.0245,0.1101,1810.248547
2025-05-01 08:18:23,SELL,1814.295461,1815.170718,-0.0482,2.3117,0.3104,1814.173645
2025-05-01 08:18:23,SELL,1814.129865,1814.904060,-0.0427,9.5293,0.2777,1814.103431
2025-05-01 08:18:35,SELL,1813.802037,1814.596291,-0.0438,8.0846,0.4381,1813.752893
2025-05-01 08:18:35,SELL,1813.955848,1814.822501,-0.0478,2.9147,0.2578,1813.875620
2025-05-01 08:18:59,BUY,1815.769847,1815.127673,0.0354,19.0000,0.7615,1815.806235
2025-05-01 08:19:11,SELL,1814.075417,1814.838155,-0.0420,10.3464,0.1539,1814.061926
2025-05-01 08:19:35,SELL,1813.592347,1814.404965,-0.0448,6.7647,0.1029,1813.578553
2025-05-01 08:19:35,SELL,1813.808831,1814.594233,-0.0433,8.7176,4.2773,1813.363863
2025-05-01 08:20:35,SELL,1813.497522,1814.404483,-0.0500,4.9997,0.2741,1813.447811
2025-05-01 08:20:59,BUY,1815.316701,1814.413597,0.0498,0.3259,0.7599,1817.432865
2025-05-01 08:20:59,SELL,1813.475331,1814.351447,-0.0483,2.2214,0.1067,1813.431787
2025-05-01 08:21:11,SELL,1813.438490,1814.339879,-0.0497,0.4135,0.7732,1811.742967
2025-05-01 08:21:11,SELL,1813.359115,1814.192619,-0.0459,5.2636,0.1504,1813.333215
2025-05-01 08:21:59,BUY,1815.103932,1814.200137,0.0498,0.2688,0.7657,1817.688714
2025-05-01 08:22:11,SELL,1813.292857,1814.199797,-0.0500,0.0122,0.1186,1804.447431
2025-05-01 08:23:11,BUY,1815.122788,1814.230655,0.0492,1.1036,0.1040,1815.208310
2025-05-01 08:23:11,BUY,1815.141721,1814.237646,0.0498,0.2500,0.1376,1815.641201
2025-05-01 08:23:59,BUY,1815.146689,1814.240574,0.0499,0.1047,0.1045,1816.051973
2025-05-01 08:24:47,SELL,1813.261442,1814.096481,-0.0460,5.1506,2.0783,1812.895610
2025-05-01 08:24:59,SELL,1813.070090,1813.857685,-0.0434,8.5360,0.4478,1813.022529
2025-05-01 08:24:59,BUY,1814.766794,1813.861127,0.0499,0.1231,0.7743,1820.475183
2025-05-01 08:25:11,BUY,1814.769269,1813.862611,0.0500,0.0531,0.2882,1819.697027
2025-05-01 08:25:11,BUY,1814.770772,1813.864139,0.0500,0.0547,0.1346,1817.005084
2025-05-01 08:25:47,SELL,1812.980489,1813.884736,-0.0499,0.1928,0.7687,1809.366681
2025-05-01 08:25:47,BUY,1814.784527,1813.890130,0.0493,0.9296,0.7687,1815.534865
2025-05-01 08:26:11,SELL,1812.865370,1813.659783,-0.0438,8.0417,0.7122,1812.785098
2025-05-01 08:26:23,SELL,1812.182909,1813.077914,-0.0494,1.1416,0.1340,1812.076555
2025-05-01 08:26:23,SELL,1812.458465,1813.100995,-0.0354,25.7822,7.7574,1812.185798
2025-05-01 08:26:47,SELL,1812.170204,1813.076369,-0.0500,0.0369,0.7654,1793.380042
2025-05-01 08:26:47,SELL,1812.170976,1813.077116,-0.0500,6.0150,0.7654,1812.055683
2025-05-01 08:27:11,BUY,1814.025214,1813.160035,0.0477,4.1401,0.2758,1814.085626
2025-05-01 08:27:47,SELL,1812.252205,1813.157542,-0.0499,0.1233,0.1067,1811.467995
2025-05-01 08:27:59,SELL,1812.245610,1813.152081,-0.0500,0.0103,0.1276,1801.034928
2025-05-01 08:27:59,SELL,1812.250945,1813.157508,-0.0500,0.2483,0.7477,1809.522044
2025-05-01 08:27:59,SELL,1812.248319,1813.152290,-0.0499,0.2581,0.5845,1810.195836
2025-05-01 08:28:23,SELL,1812.245400,1813.151898,-0.0500,0.0091,0.2764,1784.610386
2025-05-01 08:29:35,BUY,1814.059013,1813.151977,0.0500,0.0039,0.1165,1841.287809
2025-05-01 08:29:47,BUY,1814.060871,1813.151985,0.0501,0.0004,0.3557,2614.251803
2025-05-01 08:29:59,BUY,1814.059516,1813.152982,0.0500,0.0494,0.2293,1818.273666
2025-05-01 08:31:23,BUY,1814.427570,1813.952525,0.0262,33.6928,62.8002,1816.118530
2025-05-01 08:31:23,BUY,1815.599348,1815.430817,0.0093,52.8616,0.1204,1815.601415
2025-05-01 08:32:23,SELL,1814.356894,1815.098209,-0.0408,11.8874,0.1127,1814.348297
2025-05-01 08:32:35,SELL,1814.189703,1815.096251,-0.0499,0.0718,0.4401,1808.631343
2025-05-01 08:32:35,BUY,1816.006611,1815.098261,0.0500,0.0019,0.1134,1870.736108
2025-05-01 08:32:59,SELL,1814.135345,1814.989483,-0.0471,3.8155,0.1218,1814.106391
2025-05-01 08:33:11,SELL,1814.039136,1814.903738,-0.0476,3.0642,0.9710,1813.751729
2025-05-01 08:33:11,SELL,1813.934197,1814.779500,-0.0466,4.4400,0.4499,1813.842284
2025-05-01 08:33:23,SELL,1813.758774,1814.552722,-0.0438,8.1049,0.1223,1813.745085
2025-05-01 08:33:23,SELL,1813.643001,1814.547833,-0.0499,0.1747,0.7756,1809.617830
2025-05-01 08:33:35,SELL,1813.581260,1814.429178,-0.0467,4.2409,0.1245,1813.554650
2025-05-01 08:33:59,SELL,1813.449466,1814.284114,-0.0460,5.1849,0.1189,1813.428670
2025-05-01 08:34:11,BUY,1815.655699,1815.211747,0.0245,33.1689,29.2233,1816.455535
2025-05-01 08:34:23,BUY,1817.140867,1817.253614,-0.0062,73.0142,0.1078,1817.142209
2025-05-01 08:34:47,SELL,1816.333033,1817.229696,-0.0493,0.8523,0.2107,1816.108576
2025-05-01 08:35:11,BUY,1818.325768,1817.603534,0.0397,13.3273,2.1183,1818.470273
2025-05-01 08:35:23,SELL,1816.694371,1817.602841,-0.0500,0.0247,1.2931,1769.098502
2025-05-01 08:36:11,SELL,1816.615818,1817.446323,-0.0457,5.5769,0.4471,1816.542994
2025-05-01 08:36:35,SELL,1816.537425,1817.445972,-0.0500,0.0125,0.3012,1794.650154
2025-05-01 08:36:59,SELL,1816.340659,1817.122865,-0.0430,9.0161,0.4635,1816.293976
2025-05-01 08:36:59,SELL,1816.502177,1817.375793,-0.0481,2.5006,0.7907,1816.215004
2025-05-01 08:37:11,BUY,1818.038002,1817.135101,0.0497,0.4375,0.7938,1819.687407
2025-05-01 08:37:11,SELL,1816.211682,1817.105384,-0.0492,1.0620,0.7938,1815.532912
2025-05-01 08:37:23,SELL,1815.935324,1816.743037,-0.0445,7.1990,0.1494,1815.916478
2025-05-01 08:37:23,SELL,1816.116407,1816.944459,-0.0456,5.7513,0.1494,1816.092813
2025-05-01 08:37:35,SELL,1815.741129,1816.555876,-0.0449,6.6897,1.0273,1815.601710
2025-05-01 08:37:47,SELL,1815.569451,1816.399507,-0.0457,5.5893,0.4790,1815.491647
2025-05-01 08:38:11,SELL,1815.453406,1816.323668,-0.0479,2.7109,0.1470,1815.404193
2025-05-01 08:38:23,SELL,1815.310891,1816.114340,-0.0442,7.4829,9.2307,1814.191235
2025-05-01 08:38:47,SELL,1815.205806,1816.113426,-0.0500,0.0327,0.4702,1802.143343
2025-05-01 08:38:59,BUY,1817.022441,1816.114434,0.0500,9.4776,0.1737,1817.039091
2025-05-01 08:39:11,SELL,1815.161455,1816.024547,-0.0475,3.2133,0.7954,1814.936807
2025-05-01 08:39:59,SELL,1815.116390,1816.024258,-0.0500,0.0103,0.1712,1800.078957
2025-05-01 08:40:47,BUY,1816.932745,1816.024296,0.0500,0.3292,0.7835,1819.094674
2025-05-01 08:42:59,SELL,1815.116259,1816.024247,-0.0500,0.0017,0.2756,1671.756356
2025-05-01 08:44:23,SELL,1814.799646,1815.390808,-0.0326,22.6469,2.8596,1814.685071
2025-05-01 08:44:59,SELL,1814.415852,1815.256202,-0.0463,4.8111,7.4686,1813.007516
2025-05-01 08:45:35,SELL,1814.348413,1815.255880,-0.0500,0.0115,0.2823,1792.081642
2025-05-01 08:45:47,SELL,1814.348082,1815.255608,-0.0500,0.0098,0.7706,1742.649114
2025-05-01 08:46:23,BUY,1815.770367,1815.027756,0.0409,11.8184,0.2804,1815.791909
2025-05-01 08:46:23,SELL,1814.068905,1814.697222,-0.0346,19.9548,0.2804,1814.056160
2025-05-01 08:46:59,BUY,1815.936027,1815.028279,0.0500,0.0187,0.1023,1820.904968
2025-05-01 08:48:35,BUY,1816.427646,1816.010581,0.0230,35.1318,22.6197,1817.012402
2025-05-01 08:48:47,SELL,1815.102351,1816.010405,-0.0500,0.0063,0.1217,1797.527828
2025-05-01 08:50:11,BUY,1816.974477,1816.076670,0.0494,0.7640,0.1308,1817.130047
2025-05-01 08:50:11,BUY,1816.985393,1816.076847,0.0500,0.0063,0.1308,1835.775813
2025-05-01 08:50:11,BUY,1816.941329,1816.055310,0.0488,1.6061,0.1308,1817.015325
2025-05-01 08:50:23,SELL,1815.168727,1816.076707,-0.0500,0.0050,0.2896,1762.512630
2025-05-01 08:51:47,BUY,1817.064533,1816.235298,0.0457,5.6722,0.1094,1817.082049
2025-05-01 08:52:11,SELL,1816.522610,1817.379720,-0.0472,3.6777,0.1329,1816.489789
2025-05-01 08:52:11,BUY,1818.289218,1817.380417,0.0500,0.0248,0.1378,1823.334490
2025-05-01 08:52:11,BUY,1818.319731,1817.440725,0.0484,2.1500,0.1074,1818.365140
2025-05-01 08:52:11,BUY,1817.767543,1817.482932,0.0157,44.5801,36.0373,1818.502259
2025-05-01 08:52:23,BUY,1818.352009,1817.444932,0.0499,0.1500,0.4389,1821.012892
2025-05-01 08:52:23,BUY,1818.452247,1817.641114,0.0446,6.9937,1.0195,1818.584783
2025-05-01 08:53:11,BUY,1818.735115,1818.010400,0.0399,13.1636,3.8187,1818.998918
2025-05-01 08:53:47,SELL,1817.097456,1818.002521,-0.0498,0.2807,0.7494,1814.672040
2025-05-01 08:54:59,SELL,1817.091822,1817.999124,-0.0499,0.1210,0.2901,1814.913689
2025-05-01 08:55:59,BUY,1819.074914,1818.331644,0.0409,11.8519,0.1450,1819.086040
2025-05-01 08:56:35,SELL,1817.420717,1818.328119,-0.0499,0.1256,1.7650,1804.646613
2025-05-01 08:56:47,SELL,1817.418000,1818.328094,-0.0501,0.0009,0.1486,1668.783115
2025-05-01 08:56:47,BUY,1819.287938,1818.428496,0.0473,3.5784,0.1323,1819.321577
2025-05-01 08:57:59,SELL,1817.511094,1818.412115,-0.0495,0.5836,0.6293,1816.531079
2025-05-01 08:58:47,SELL,1817.502479,1818.411254,-0.0500,0.0306,0.7816,1794.322652
2025-05-01 08:59:23,SELL,1817.502040,1818.411236,-0.0500,0.0006,0.2436,1474.601611
2025-05-01 09:00:23,SELL,1817.487369,1818.381899,-0.0492,1.0451,0.2968,1817.229303
2025-05-01 09:00:59,SELL,1817.472555,1818.381592,-0.0500,0.0109,0.1413,1805.733596
2025-05-01 09:01:11,SELL,1817.129454,1817.695418,-0.0311,24.4457,0.1370,1817.124362
2025-05-01 09:01:23,SELL,1816.094682,1816.884869,-0.0435,8.4573,0.1332,1816.080385
2025-05-01 09:01:23,SELL,1816.499689,1817.121506,-0.0342,20.4533,0.1332,1816.493775
2025-05-01 09:03:23,BUY,1817.794498,1816.886331,0.0500,0.0523,0.3980,1824.717683
2025-05-01 09:03:35,SELL,1815.720791,1816.556689,-0.0460,5.1769,0.7897,1815.582294
2025-05-01 09:03:35,SELL,1815.885528,1816.701524,-0.0449,6.6053,0.7967,1815.776022
2025-05-01 09:03:47,SELL,1815.656488,1816.564225,-0.0500,0.0390,0.2074,1810.834264
2025-05-01 09:03:47,BUY,1817.469738,1816.565318,0.0498,0.3086,0.7970,1819.816983
2025-05-01 09:03:47,SELL,1815.655643,1816.563624,-0.0500,0.0215,0.3065,1802.712487
2025-05-01 09:04:11,SELL,1815.640111,1816.533147,-0.0492,1.0894,0.2114,1815.463973
2025-05-01 09:04:35,SELL,1815.501541,1816.286354,-0.0432,8.8217,11.2236,1814.346636
2025-05-01 09:04:47,SELL,1815.371200,1816.272329,-0.0496,0.5014,0.1642,1815.073960
2025-05-01 09:05:35,BUY,1817.181318,1816.273109,0.0500,0.0279,0.1301,1821.416175
2025-05-01 09:05:59,SELL,1815.357370,1816.257897,-0.0496,0.5438,0.7793,1814.056530
2025-05-01 09:05:59,SELL,1815.349628,1816.257617,-0.0500,0.0100,0.1513,1801.616110
2025-05-01 09:06:23,SELL,1816.203771,1817.050091,-0.0466,4.4482,0.7816,1816.044215
2025-05-01 09:06:23,BUY,1817.624843,1817.174614,0.0248,32.7900,0.2910,1817.632908
2025-05-01 09:06:35,BUY,1817.963884,1817.059712,0.0498,0.3440,2.2486,1823.905159
2025-05-01 09:06:59,SELL,1816.114128,1816.985567,-0.0480,2.6499,0.1615,1816.058770
2025-05-01 09:06:59,BUY,1817.895668,1816.987869,0.0500,0.0823,0.7700,1826.399209
2025-05-01 09:07:47,BUY,1817.897034,1816.988288,0.0500,0.0150,0.1141,1824.824600
2025-05-01 09:08:23,BUY,1817.901409,1816.996626,0.0498,0.2982,0.7727,1820.257025
2025-05-01 09:08:35,SELL,1816.087733,1816.995864,-0.0500,0.0272,0.4282,1801.814393
2025-05-01 09:08:35,SELL,1816.087200,1816.995737,-0.0500,0.0045,0.2848,1759.125675
2025-05-01 09:08:47,SELL,1816.076386,1816.974021,-0.0494,0.7761,0.2351,1815.801358
2025-05-01 09:08:47,SELL,1816.063774,1816.970506,-0.0499,0.1256,0.1479,1814.994699
2025-05-01 09:09:23,SELL,1816.060304,1816.967076,-0.0499,0.1226,0.1293,1815.102686
2025-05-01 09:09:35,SELL,1816.024049,1816.897956,-0.0481,2.4704,0.1367,1815.973802
2025-05-01 09:09:47,SELL,1815.798767,1816.516304,-0.0395,13.6412,2.1832,1815.653462
2025-05-01 09:10:23,SELL,1815.607472,1816.515156,-0.0500,0.0411,0.1418,1812.471067
2025-05-01 09:10:23,SELL,1815.605923,1816.513217,-0.0499,0.0693,0.1487,1813.657490
2025-05-01 09:10:35,SELL,1815.534463,1816.372153,-0.0461,5.0423,0.7747,1815.395002
2025-05-01 09:10:59,SELL,1815.413906,1816.271983,-0.0472,3.5807,0.1693,1815.370996
2025-05-01 09:11:47,SELL,1815.358503,1816.259524,-0.0496,0.5086,0.2534,1814.906292
2025-05-01 09:11:47,BUY,1817.180249,1816.273751,0.0499,0.1497,0.7692,1821.848508
2025-05-01 09:11:47,SELL,1815.300327,1816.157340,-0.0472,3.6528,0.1461,1815.264022
2025-05-01 09:11:47,SELL,1815.362638,1816.269564,-0.0499,0.0864,0.5769,1809.305383
2025-05-01 09:12:11,SELL,1815.248231,1816.155279,-0.0499,0.0737,0.1145,1813.837786
2025-05-01 09:12:47,SELL,1814.353206,1814.366549,-0.0007,63.9368,0.2676,1814.349409
2025-05-01 09:12:59,SELL,1813.459352,1814.366521,-0.0500,0.0010,0.4412,1413.398016
2025-05-01 09:13:11,BUY,1815.299654,1814.417487,0.0486,1.8225,0.2769,1815.437575
2025-05-01 09:13:23,BUY,1815.593019,1814.952997,0.0353,19.1484,3.8522,1815.775646
2025-05-01 09:13:35,BUY,1815.986310,1815.203645,0.0431,8.9615,1.3871,1816.126849
2025-05-01 09:13:47,BUY,1816.122792,1815.225814,0.0494,0.7926,0.7609,1816.994556
2025-05-01 09:14:23,BUY,1816.036452,1815.164522,0.0480,2.5805,0.4294,1816.187557
2025-05-01 09:14:23,SELL,1814.251499,1815.092347,-0.0463,4.7694,0.7561,1814.107689
2025-05-01 09:14:47,BUY,1816.079553,1815.178504,0.0496,0.4999,0.1316,1816.318682
2025-05-01 09:15:11,SELL,1814.245542,1815.127735,-0.0486,1.8142,0.1157,1814.187679
2025-05-01 09:15:23,BUY,1816.170486,1815.379194,0.0436,8.3525,0.1136,1816.182839
2025-05-01 09:15:23,BUY,1816.039250,1815.134727,0.0498,0.2500,0.1463,1816.570566
2025-05-01 09:15:23,BUY,1816.048184,1815.145593,0.0497,0.3885,0.2770,1816.695547
2025-05-01 09:15:35,BUY,1816.550118,1815.904530,0.0356,18.7917,0.1637,1816.558029
2025-05-01 09:15:47,SELL,1814.996336,1815.904093,-0.0500,0.0156,0.7671,1770.416611
2025-05-01 09:16:59,SELL,1814.995892,1815.903595,-0.0500,3.8524,0.7694,1814.814644
2025-05-01 09:17:23,BUY,1816.583434,1815.675765,0.0500,0.0452,0.1144,1818.884633
2025-05-01 09:17:23,SELL,1814.881151,1815.674502,-0.0437,8.1904,0.3105,1814.846748
2025-05-01 09:17:47,SELL,1814.751029,1815.641954,-0.0491,1.2088,0.2793,1814.541396
2025-05-01 09:18:23,BUY,1816.546592,1815.641813,0.0498,0.2500,0.2522,1817.462859
2025-05-01 09:18:23,SELL,1814.730567,1815.634824,-0.0498,0.2549,0.2548,1813.823475
2025-05-01 09:18:59,SELL,1814.725949,1815.625720,-0.0496,0.5754,0.7674,1813.515768
2025-05-01 09:19:59,BUY,1816.534305,1815.625798,0.0500,0.0028,0.1126,1853.349329
2025-05-01 09:20:11,BUY,1816.632610,1815.822794,0.0446,7.0466,0.4367,1816.688897
2025-05-01 09:20:35,BUY,1817.055975,1816.472158,0.0321,23.2250,0.1098,1817.060271
2025-05-01 09:20:35,BUY,1817.419133,1816.548690,0.0479,2.7370,0.1867,1817.481115
2025-05-01 09:20:47,BUY,1817.729312,1817.092244,0.0351,19.4371,0.1236,1817.735090
2025-05-01 09:20:47,BUY,1818.149615,1817.388992,0.0419,10.5861,0.1236,1818.160229
2025-05-01 09:21:11,BUY,1818.310158,1817.413011,0.0494,0.8563,0.3809,1818.714529
2025-05-01 09:21:23,BUY,1818.479096,1817.726715,0.0414,11.1831,2.8062,1818.707251
2025-05-01 09:21:35,BUY,1818.747808,1817.950159,0.0439,7.9648,1.2871,1818.894758
2025-05-01 09:21:47,BUY,1819.393962,1819.018601,0.0206,38.0762,28.5826,1820.076843
2025-05-01 09:22:11,BUY,1819.929971,1819.021412,0.0499,0.1000,0.2860,1822.532546
2025-05-01 09:22:11,SELL,1818.103979,1819.005561,-0.0496,0.5636,0.1223,1817.906729
2025-05-01 09:22:11,SELL,1818.095381,1819.004242,-0.0500,0.0469,0.1726,1814.749168
2025-05-01 09:22:23,SELL,1818.089823,1818.985716,-0.0493,0.9676,0.7870,1817.350491
2025-05-01 09:22:23,BUY,1819.921230,1819.018297,0.0496,0.5000,0.7870,1821.353450
2025-05-01 09:22:23,SELL,1818.106100,1819.012928,-0.0499,0.1909,0.2288,1817.016757
2025-05-01 09:22:35,SELL,1818.074424,1818.982117,-0.0499,0.1280,0.1388,1817.088603
2025-05-01 09:22:47,SELL,1818.072178,1818.981222,-0.0500,0.0318,0.1405,1814.058615
2025-05-01 09:22:47,SELL,1818.026072,1818.897372,-0.0479,2.7189,0.3571,1817.906694
2025-05-01 09:22:47,BUY,1819.891655,1818.982145,0.0500,0.0328,0.4708,1832.937802
2025-05-01 09:22:47,SELL,1818.068436,1818.973709,-0.0498,0.3000,0.1405,1817.642757
2025-05-01 09:23:11,SELL,1817.987621,1818.896767,-0.0500,0.0215,0.3031,1805.198179
2025-05-01 09:24:35,SELL,1817.861262,1818.644536,-0.0431,8.9842,0.1241,1817.848706
2025-05-01 09:24:59,BUY,1819.576738,1818.690638,0.0487,1.6884,0.1195,1819.641107
2025-05-01 09:24:59,SELL,1817.734476,1818.643088,-0.0500,0.0516,0.1190,1815.635879
2025-05-01 09:24:59,BUY,1819.552970,1818.643262,0.0500,0.0062,0.1190,1837.058927
2025-05-01 09:25:11,BUY,1819.600680,1818.690971,0.0500,0.0119,0.7796,1879.351672
2025-05-01 09:25:47,SELL,1817.687030,1818.594440,-0.0499,0.1347,0.7729,1812.473000
2025-05-01 09:25:47,SELL,1817.735274,1818.598222,-0.0475,3.3037,15.6593,1813.427349
2025-05-01 09:26:23,SELL,1817.632658,1818.489419,-0.0471,3.7410,0.1227,1817.602861
2025-05-01 09:26:47,SELL,1817.253949,1817.836702,-0.0321,23.2530,0.1151,1817.249451
2025-05-01 09:26:59,SELL,1816.924067,1817.832611,-0.0500,0.0273,0.4493,1801.947642
2025-05-01 09:26:59,SELL,1816.926114,1817.833376,-0.0499,0.1185,0.7765,1810.973149
2025-05-01 09:27:59,BUY,1819.110262,1818.568877,0.0298,26.2423,0.1178,1819.114345
2025-05-01 09:28:11,BUY,1819.479923,1818.571470,0.0500,0.0924,0.1498,1820.955021
2025-05-01 09:28:59,SELL,1817.661424,1818.569948,-0.0500,0.0542,0.7552,1805.006252
2025-05-01 09:30:35,SELL,1817.325947,1817.900243,-0.0316,23.8577,0.7569,1817.297121
2025-05-01 09:30:47,SELL,1816.988129,1817.900236,-0.0502,0.0002,0.4424,191.800404
2025-05-01 09:30:59,BUY,1818.826629,1817.934195,0.0491,1.2105,0.7761,1819.409695
2025-05-01 09:31:11,BUY,1819.161512,1818.569722,0.0325,22.6514,13.5051,1819.703818
2025-05-01 09:32:35,BUY,1819.486013,1818.582816,0.0497,0.4667,0.1607,1819.799264
2025-05-01 09:32:35,SELL,1817.673354,1818.582613,-0.0500,0.0073,0.1244,1802.101023
2025-05-01 09:32:47,BUY,1819.815440,1819.228765,0.0322,23.0109,9.2801,1820.182398
2025-05-01 09:32:59,BUY,1820.152897,1819.256876,0.0493,1.0000,0.7729,1820.856309
2025-05-01 09:33:11,SELL,1818.827267,1819.733299,-0.0498,0.2728,0.7661,1816.273622
2025-05-01 09:33:11,BUY,1820.409113,1819.740973,0.0367,17.2197,7.1198,1820.785452
2025-05-01 09:33:35,SELL,1818.823210,1819.732854,-0.0500,0.0158,0.1434,1810.563175
2025-05-01 09:34:11,SELL,1818.816596,1819.720064,-0.0496,0.4547,0.7681,1817.280349
2025-05-01 09:34:47,BUY,1818.802079,1818.216411,0.0322,23.0771,0.1125,1818.806513
2025-05-01 09:34:47,SELL,1817.458454,1817.017486,0.0243,96.2440,0.1124,1817.457392
2025-05-01 09:34:47,BUY,1818.202175,1817.569003,0.0348,19.6765,0.1125,1818.207372
2025-05-01 09:34:59,BUY,1819.978260,1819.921225,0.0031,60.6934,55.0708,1820.803948
2025-05-01 09:35:11,BUY,1820.831898,1819.921344,0.0500,0.0042,1.1009,2058.072180
2025-05-01 09:35:35,SELL,1819.010714,1819.920037,-0.0500,0.0464,0.4413,1810.367394
2025-05-01 09:36:11,SELL,1819.008679,1819.917249,-0.0499,0.0991,0.7716,1811.929402
2025-05-01 09:36:11,BUY,1821.138684,1820.231630,0.0498,0.2500,0.7718,1823.949701
2025-05-01 09:36:11,BUY,1820.981409,1820.224600,0.0416,10.9310,0.4441,1821.018402
2025-05-01 09:36:59,SELL,1819.321385,1820.231372,-0.0500,2.0203,0.7868,1818.967130
2025-05-01 09:38:11,SELL,1819.318596,1820.226049,-0.0499,0.1892,0.1822,1818.442448
2025-05-01 09:38:23,SELL,1819.020587,1819.635104,-0.0338,21.0074,0.4413,1819.001483
2025-05-01 09:38:23,SELL,1818.725067,1819.634721,-0.0500,0.0136,0.1138,1811.135601
2025-05-01 09:38:35,BUY,1820.953385,1820.451188,0.0276,29.0381,21.6485,1821.632166
2025-05-01 09:38:47,BUY,1821.459714,1820.646786,0.0447,6.9556,0.9594,1821.585332
2025-05-01 09:38:59,SELL,1821.940525,1822.851632,-0.0500,0.0227,0.1053,1817.721502
2025-05-01 09:38:59,BUY,1822.660697,1822.852271,-0.0105,78.4966,80.6704,1823.597265
2025-05-01 09:39:11,SELL,1821.921516,1822.814233,-0.0490,1.3312,0.0987,1821.854001
2025-05-01 09:39:11,SELL,1821.876582,1822.761720,-0.0486,1.8692,0.0987,1821.828503
2025-05-01 09:39:11,SELL,1821.838559,1822.738149,-0.0494,0.8390,0.0987,1821.731447
2025-05-01 09:39:11,SELL,1821.814002,1822.712580,-0.0493,0.9101,0.0987,1821.715267
2025-05-01 09:39:11,SELL,1821.788904,1822.687930,-0.0493,0.8774,0.0986,1821.686490
2025-05-01 09:39:11,SELL,1821.774000,1822.682760,-0.0499,0.1840,0.1987,1820.790353
2025-05-01 09:39:23,SELL,1821.759049,1822.669682,-0.0500,0.0500,0.1366,1819.271077
2025-05-01 09:39:23,SELL,1821.758002,1822.669019,-0.0500,0.0236,0.5961,1798.754156
2025-05-01 09:39:23,SELL,1821.771173,1822.682679,-0.0500,0.0029,0.1372,1778.707297
2025-05-01 09:39:23,SELL,1821.765543,1822.671087,-0.0497,0.4126,0.1110,1821.520555
2025-05-01 09:39:47,SELL,1821.754150,1822.661951,-0.0498,0.2516,0.3124,1820.623154
2025-05-01 09:39:59,SELL,1821.747446,1822.655605,-0.0498,0.2259,0.4710,1819.848433
2025-05-01 09:40:23,SELL,1821.508270,1822.412677,-0.0496,0.4839,0.1066,1821.307696
2025-05-01 09:40:23,SELL,1821.629685,1822.426284,-0.0437,8.1572,0.5382,1821.569590
2025-05-01 09:40:35,SELL,1821.250453,1821.910426,-0.0362,17.8647,0.1087,1821.244913
2025-05-01 09:40:47,SELL,1820.490649,1821.367954,-0.0482,2.3762,0.4417,1820.321442
2025-05-01 09:40:47,SELL,1820.911540,1821.734481,-0.0452,6.2588,0.7474,1820.802810
2025-05-01 09:40:47,SELL,1820.525929,1821.434746,-0.0499,0.1353,0.4417,1817.555022
2025-05-01 09:40:47,SELL,1820.675716,1821.438550,-0.0419,10.5277,0.4417,1820.637519
2025-05-01 09:41:11,BUY,1822.279198,1821.368107,0.0500,0.0054,1.0946,2005.447151
2025-05-01 09:41:35,SELL,1820.456356,1821.365980,-0.0499,0.0757,0.2020,1818.026748
2025-05-01 09:42:11,SELL,1820.249212,1820.953628,-0.0387,14.6710,2.0538,1820.121803
2025-05-01 09:42:47,SELL,1820.042897,1820.953226,-0.0500,0.0143,0.4407,1792.036039
2025-05-01 09:42:59,SELL,1820.042287,1820.952330,-0.0500,0.0319,0.3297,1810.623025
2025-05-01 09:43:23,SELL,1819.991061,1820.850694,-0.0472,3.6164,10.7642,1817.282440
2025-05-01 09:43:23,SELL,1819.932612,1820.835375,-0.0496,0.5451,2.4257,1815.883292
2025-05-01 09:43:23,SELL,1819.714094,1820.413417,-0.0384,14.9990,0.1147,1819.707139
2025-05-01 09:43:35,BUY,1821.346767,1820.458771,0.0488,1.6129,0.7821,1821.788373
2025-05-01 09:45:11,BUY,1821.039248,1820.151893,0.0488,1.6477,0.7707,1821.465135
2025-05-01 09:45:11,SELL,1819.389471,1820.140485,-0.0413,11.3135,1.8355,1819.241884
2025-05-01 09:45:11,SELL,1819.212962,1820.105563,-0.0490,1.2414,0.7707,1818.648257
2025-05-01 09:45:35,BUY,1821.175326,1820.377591,0.0438,8.0266,2.8858,1821.502706
2025-05-01 09:45:47,BUY,1821.309668,1820.420433,0.0488,1.5235,0.8584,1821.822727
2025-05-01 09:46:23,BUY,1821.333710,1820.425653,0.0499,0.1856,0.2695,1822.655820
2025-05-01 09:46:47,BUY,1821.355455,1820.463901,0.0490,1.3602,0.1498,1821.455727
2025-05-01 09:47:11,BUY,1821.377576,1820.469866,0.0499,0.2121,0.1311,1821.940279
2025-05-01 09:47:23,SELL,1819.559420,1820.469675,-0.0500,0.0068,0.1604,1798.131197
2025-05-01 09:47:35,BUY,1821.428045,1820.565177,0.0474,3.4028,0.1311,1821.463127
2025-05-01 09:47:35,SELL,1819.559345,1820.469486,-0.0500,1.2435,0.7815,1818.987543
2025-05-01 09:47:47,SELL,1819.653849,1820.563105,-0.0499,0.0736,0.7804,1810.010000
2025-05-01 09:47:47,BUY,1821.497469,1820.610335,0.0487,1.6795,0.1250,1821.565274
2025-05-01 09:47:59,BUY,1821.542901,1820.653924,0.0488,1.5500,0.7725,1821.996805
2025-05-01 09:47:59,BUY,1821.571704,1820.667909,0.0496,0.4973,0.1213,1821.793880
2025-05-01 09:48:23,BUY,1821.581477,1820.673463,0.0499,0.1975,0.4436,1823.627371
2025-05-01 09:49:23,SELL,1819.745741,1820.638675,-0.0490,1.2364,0.7732,1819.176713
2025-05-01 09:49:47,SELL,1819.728146,1820.638395,-0.0500,0.0050,0.2704,1770.430405
2025-05-01 09:49:47,SELL,1819.728286,1820.638535,-0.0500,0.0050,0.2704,1770.430538
2025-05-01 09:49:59,BUY,1821.554093,1820.648237,0.0498,0.3500,5.8262,1836.715216
2025-05-01 09:49:59,BUY,1821.711816,1820.953605,0.0416,10.8651,0.1154,1821.721493
2025-05-01 09:50:11,BUY,1821.864820,1820.954041,0.0500,0.0155,0.7685,1867.029109
2025-05-01 09:50:35,BUY,1822.436165,1822.096032,0.0187,40.6471,120.1748,1825.130217
2025-05-01 09:50:59,SELL,1821.149000,1822.024801,-0.0481,2.5062,0.1260,1821.103222
2025-05-01 09:50:59,SELL,1821.184844,1822.095751,-0.0500,0.0100,0.2736,1796.271665
2025-05-01 09:50:59,SELL,1821.184528,1822.095400,-0.0500,0.0125,0.2736,1801.238035
2025-05-01 09:50:59,SELL,1821.184282,1822.095260,-0.0500,0.0050,0.2736,1771.258101
2025-05-01 09:51:35,SELL,1821.096449,1821.990106,-0.0490,1.2341,3.0578,1818.840347
2025-05-01 09:51:35,SELL,1820.977134,1821.786055,-0.0444,7.2585,0.1062,1820.963815
2025-05-01 09:52:11,BUY,1822.920702,1822.232456,0.0378,15.8867,7.5070,1823.351398
2025-05-01 09:52:23,BUY,1823.354888,1822.653957,0.0385,15.0000,0.1069,1823.361387
2025-05-01 09:52:23,SELL,1821.742453,1822.653602,-0.0500,0.0126,0.1102,1813.794495
2025-05-01 09:52:47,BUY,1823.572408,1822.667642,0.0496,0.5000,0.2809,1824.084654
2025-05-01 09:53:11,SELL,1821.756050,1822.667130,-0.0500,0.0182,0.3524,1804.134172
2025-05-01 09:53:11,SELL,1821.720324,1822.631424,-0.0500,0.0178,0.2136,1810.762549
2025-05-01 09:53:11,SELL,1821.738202,1822.631923,-0.0490,1.2532,0.2262,1821.573761
2025-05-01 09:53:23,BUY,1823.679417,1822.903742,0.0426,9.6978,2.7489,1823.937888
2025-05-01 09:53:35,SELL,1821.985252,1822.889659,-0.0496,0.5012,0.7781,1820.571091
2025-05-01 09:53:47,BUY,1823.937524,1823.161461,0.0426,9.6787,2.7025,1824.192168
2025-05-01 09:54:11,SELL,1822.257826,1823.166959,-0.0499,0.1745,0.2704,1820.845799
2025-05-01 09:54:11,BUY,1824.078703,1823.171862,0.0497,0.3704,0.7627,1825.956867
2025-05-01 09:54:47,SELL,1822.153657,1822.963426,-0.0444,7.2440,0.1114,1822.139648
2025-05-01 09:55:47,SELL,1820.882627,1821.790710,-0.0498,0.2003,0.7691,1817.386500
2025-05-01 09:55:47,SELL,1821.468706,1821.796341,-0.0180,41.5205,0.1133,1821.466221
2025-05-01 09:55:59,SELL,1820.836459,1821.703955,-0.0476,3.0862,0.1139,1820.802869
2025-05-01 09:56:11,SELL,1820.786708,1821.691160,-0.0496,0.4552,0.7642,1819.258348
2025-05-01 09:56:11,SELL,1820.780134,1821.690800,-0.0500,0.0128,0.1339,1811.249474
2025-05-01 09:56:23,SELL,1820.633415,1821.397587,-0.0420,10.4311,0.2718,1820.609695
2025-05-01 09:56:35,BUY,1822.336785,1821.453645,0.0485,1.9954,0.2742,1822.461979
2025-05-01 09:56:47,SELL,1820.542272,1821.452366,-0.0500,0.0455,0.2730,1815.082444
2025-05-01 09:57:11,BUY,1822.379162,1821.483579,0.0492,1.1110,0.2033,1822.545894
2025-05-01 09:57:11,BUY,1822.402045,1821.483582,0.0504,0.0001,0.1102,2910.799936
2025-05-01 09:58:11,SELL,1820.065001,1820.966565,-0.0495,0.6350,0.5920,1819.216577
2025-05-01 09:58:11,SELL,1820.323363,1820.984413,-0.0363,17.7595,4.5649,1820.089417
2025-05-01 09:58:35,SELL,1819.797152,1820.448347,-0.0358,18.4254,6.5443,1819.473976
2025-05-01 09:58:35,BUY,1821.362491,1820.455266,0.0498,0.2460,0.7646,1824.192339
2025-05-01 09:58:47,SELL,1819.360859,1820.086741,-0.0399,13.0994,3.4838,1819.118925
2025-05-01 09:58:59,SELL,1818.823036,1819.716395,-0.0491,1.1738,0.4569,1818.469037
2025-05-01 09:58:59,SELL,1819.623785,1820.254424,-0.0346,19.8792,0.1159,1819.618481
2025-05-01 09:58:59,SELL,1818.839840,1819.749412,-0.0500,0.0227,0.7710,1788.001498
2025-05-01 09:58:59,BUY,1821.486940,1821.065550,0.0231,34.8182,0.1159,1821.489972
2025-05-01 09:58:59,SELL,1820.029150,1820.813699,-0.0431,8.9611,0.1159,1820.017379
2025-05-01 09:58:59,SELL,1819.092219,1819.750051,-0.0361,17.9295,8.3083,1818.670746
2025-05-01 09:59:11,SELL,1818.736243,1819.575740,-0.0461,5.0005,0.1155,1818.715232
2025-05-01 09:59:23,SELL,1818.627516,1819.498830,-0.0479,2.7344,0.1431,1818.579928
2025-05-01 09:59:35,SELL,1818.512135,1819.343727,-0.0457,5.5550,2.1840,1818.154659
2025-05-01 09:59:35,BUY,1820.409606,1819.499969,0.0500,0.0405,0.2772,1826.637341
2025-05-01 09:59:47,SELL,1818.273363,1819.022197,-0.0412,11.4324,1.7786,1818.131921
2025-05-01 09:59:59,SELL,1817.986343,1818.769460,-0.0431,8.9990,1.7139,1817.813223
2025-05-01 09:59:59,BUY,1819.694895,1818.800635,0.0492,1.1110,0.2082,1819.865371
2025-05-01 10:01:23,SELL,1817.890182,1818.799237,-0.0500,0.0248,0.2268,1809.576755
2025-05-01 10:01:23,SELL,1817.890884,1818.799933,-0.0500,0.0250,0.2626,1808.341513
2025-05-01 10:02:35,BUY,1819.719620,1818.820283,0.0494,0.7500,0.2091,1819.973246
2025-05-01 10:02:47,BUY,1819.734221,1818.828425,0.0498,0.2902,0.7690,1822.145756
2025-05-01 10:02:59,SELL,1817.887128,1818.764629,-0.0482,2.2724,0.2125,1817.802117
2025-05-01 10:03:11,BUY,1819.923276,1819.262233,0.0363,17.7148,6.4009,1820.252071
2025-05-01 10:04:11,SELL,1818.356724,1819.264708,-0.0499,0.1178,0.2535,1816.400006
2025-05-01 10:04:11,BUY,1820.175217,1819.268021,0.0499,0.2059,0.7706,1823.581382
2025-05-01 10:04:23,SELL,1818.354877,1819.264357,-0.0500,0.0125,0.2105,1803.029875
2025-05-01 10:05:11,BUY,1820.253801,1819.422994,0.0457,5.6431,2.8200,1820.708622
2025-05-01 10:05:11,BUY,1820.706529,1819.796468,0.0500,0.0223,0.1529,1826.942514
2025-05-01 10:05:11,BUY,1820.519668,1819.795840,0.0398,13.2620,0.1663,1820.531083
2025-05-01 10:05:23,BUY,1820.706971,1819.796745,0.0500,0.0099,0.2835,1846.836085
2025-05-01 10:05:23,BUY,1820.710606,1819.803757,0.0498,0.2494,0.2835,1821.745392
2025-05-01 10:05:35,BUY,1820.643211,1819.733968,0.0500,0.0768,0.2807,1823.970772
2025-05-01 10:05:35,SELL,1818.857898,1819.731809,-0.0480,2.5578,0.4445,1818.699847
2025-05-01 10:05:47,BUY,1820.651393,1819.748166,0.0496,0.5050,0.7723,1822.043511
2025-05-01 10:05:59,BUY,1820.737418,1819.905936,0.0457,5.6115,0.1101,1820.755285
2025-05-01 10:06:23,BUY,1821.013007,1820.299088,0.0392,13.9824,4.3198,1821.294304
2025-05-01 10:06:35,BUY,1821.217132,1820.313955,0.0496,0.5287,0.1496,1821.474791
2025-05-01 10:06:47,BUY,1821.252569,1820.369930,0.0485,1.9906,0.3735,1821.423428
2025-05-01 10:06:47,BUY,1821.295411,1820.399595,0.0492,1.0550,0.4422,1821.677113
2025-05-01 10:06:59,BUY,1821.378030,1820.535089,0.0463,4.8183,1.4843,1821.658574
2025-05-01 10:07:11,BUY,1822.020957,1821.110283,0.0500,0.0248,0.2341,1830.621335
2025-05-01 10:07:11,BUY,1821.733266,1821.109587,0.0342,20.4413,4.7527,1821.945046
2025-05-01 10:08:11,SELL,1820.197273,1821.106324,-0.0499,0.1070,0.7751,1813.606031
2025-05-01 10:08:11,SELL,1820.199252,1821.109331,-0.0500,6.4821,0.7751,1820.090432
2025-05-01 10:08:35,BUY,1822.017486,1821.106457,0.0500,0.0047,0.4474,1908.052358
2025-05-01 10:08:59,SELL,1820.195749,1821.106429,-0.0500,0.0010,0.2558,1584.977940
2025-05-01 10:09:23,BUY,1822.017327,1821.105950,0.0500,0.0010,0.2558,2057.470470
2025-05-01 10:09:23,SELL,1820.195606,1821.105922,-0.0500,0.0180,6.6704,1483.309177
2025-05-01 10:09:23,SELL,1820.156146,1821.027410,-0.0478,2.7944,0.1144,1820.118900
2025-05-01 10:09:35,SELL,1820.031258,1820.856052,-0.0453,6.0971,0.8107,1819.910265
2025-05-01 10:09:59,SELL,1819.865642,1820.695966,-0.0456,5.6922,0.4523,1819.793335
2025-05-01 10:09:59,SELL,1819.783299,1820.691327,-0.0499,0.1649,0.2885,1818.191357
2025-05-01 10:09:59,SELL,1819.780773,1820.691048,-0.0500,0.0099,0.1502,1806.012762
2025-05-01 10:10:11,BUY,1821.594121,1820.686557,0.0498,0.2300,0.7745,1824.661544
2025-05-01 10:10:11,SELL,1819.775226,1820.680090,-0.0497,0.9025,0.1446,1819.629413
2025-05-01 10:10:35,BUY,1821.601094,1820.694024,0.0498,0.2655,0.7635,1824.220428
2025-05-01 10:10:47,BUY,1821.605188,1820.694723,0.0500,0.0249,0.2809,1831.891050
2025-05-01 10:11:47,BUY,1821.715218,1820.913939,0.0440,7.8000,0.4277,1821.765168
2025-05-01 10:11:59,BUY,1821.824281,1820.913499,0.0500,0.0114,0.1296,1832.204188
2025-05-01 10:11:59,SELL,1820.003098,1820.913180,-0.0500,0.0270,6.6645,1595.610028
2025-05-01 10:11:59,SELL,1819.829080,1820.565325,-0.0404,12.3795,0.1092,1819.821057
2025-05-01 10:12:23,SELL,1819.567483,1820.390124,-0.0452,6.2273,0.1169,1819.550411
2025-05-01 10:13:35,SELL,1819.479714,1820.390034,-0.0500,0.0032,0.2731,1741.458843
2025-05-01 10:14:47,BUY,1821.301754,1820.392160,0.0500,0.0756,0.6853,1829.557812
2025-05-01 10:15:11,SELL,1819.473555,1820.375334,-0.0495,0.5981,0.4387,1818.806289
2025-05-01 10:15:11,BUY,1821.438719,1820.680678,0.0416,10.8583,0.1110,1821.448030
2025-05-01 10:15:23,BUY,1821.715871,1820.929284,0.0432,8.8457,0.1096,1821.727160
2025-05-01 10:15:47,BUY,1822.120716,1821.490071,0.0346,19.9619,9.5513,1822.556635
2025-05-01 10:15:47,SELL,1820.578937,1821.489292,-0.0500,0.0277,0.1447,1815.826539
2025-05-01 10:15:59,BUY,1822.529296,1821.746779,0.0430,9.1646,1.9626,1822.724447
2025-05-01 10:16:35,BUY,1822.756236,1821.972133,0.0430,9.0591,0.3061,1822.787035
2025-05-01 10:16:35,SELL,1820.821319,1821.717593,-0.0492,1.0383,0.7652,1820.150372
2025-05-01 10:16:47,BUY,1822.998208,1822.201293,0.0437,8.1553,0.1209,1823.011723
2025-05-01 10:16:59,BUY,1823.430721,1822.836649,0.0326,22.6150,9.6219,1823.818625
2025-05-01 10:17:11,BUY,1825.555372,1824.649625,0.0496,0.5000,0.9971,1827.375628
2025-05-01 10:17:11,BUY,1824.648113,1824.635563,0.0007,64.0381,61.0892,1825.518425
2025-05-01 10:17:23,SELL,1823.730812,1824.636642,-0.0496,0.4614,0.2414,1823.253734
2025-05-01 10:17:23,SELL,1823.721066,1824.630124,-0.0498,0.2316,0.2414,1822.770670
2025-05-01 10:17:23,SELL,1823.714345,1824.623196,-0.0498,0.2462,0.2414,1822.820272
2025-05-01 10:17:23,SELL,1823.710572,1824.622658,-0.0500,0.0191,0.2414,1812.215351
2025-05-01 10:17:23,SELL,1823.710077,1824.622119,-0.0500,0.0191,0.2414,1812.214860
2025-05-01 10:17:23,BUY,1825.535576,1824.623497,0.0500,0.0490,1.0095,1844.340977
2025-05-01 10:17:35,SELL,1823.694849,1824.602662,-0.0498,0.3191,0.8816,1821.176080
2025-05-01 10:17:35,SELL,1823.707531,1824.616184,-0.0498,0.2599,0.4291,1822.201791
2025-05-01 10:17:35,SELL,1823.702837,1824.614106,-0.0499,0.0739,0.4291,1818.404872
2025-05-01 10:17:35,SELL,1823.701542,1824.613593,-0.0500,0.0182,0.4291,1802.244788
2025-05-01 10:17:35,SELL,1823.700311,1824.611643,-0.0499,0.0693,0.4291,1818.053803
2025-05-01 10:17:47,SELL,1823.470931,1824.382933,-0.0500,0.0135,0.1588,1812.738431
2025-05-01 10:17:47,SELL,1823.580715,1824.383312,-0.0440,7.7975,0.6203,1823.508183
2025-05-01 10:18:35,SELL,1823.733051,1824.643615,-0.0499,0.1250,0.2974,1821.563384
2025-05-01 10:18:35,BUY,1825.427718,1824.647132,0.0428,9.3961,4.8808,1825.901827
2025-05-01 10:18:59,BUY,1825.676195,1824.883107,0.0435,8.5149,0.1462,1825.691867
2025-05-01 10:19:23,SELL,1823.960631,1824.863027,-0.0495,0.7136,0.1466,1823.773248
2025-05-01 10:19:35,BUY,1827.074149,1827.459811,-0.0211,92.2451,58.9411,1827.657864
2025-05-01 10:19:35,SELL,1826.537986,1827.443613,-0.0496,0.5746,0.1530,1826.294842
2025-05-01 10:19:47,SELL,1826.500391,1827.411277,-0.0498,0.2003,0.1444,1825.842143
2025-05-01 10:19:47,SELL,1826.516553,1827.416924,-0.0493,0.9467,0.8022,1825.742669
2025-05-01 10:19:59,SELL,1830.509722,1831.423484,-0.0499,0.1382,0.1574,1829.466840
2025-05-01 10:19:59,BUY,1830.338493,1831.437775,-0.0600,142.7860,0.1575,1830.339502
2025-05-01 10:19:59,SELL,1830.516864,1831.427385,-0.0497,0.3680,0.2783,1829.824738
2025-05-01 10:20:11,SELL,1830.164641,1830.736942,-0.0313,24.3211,6.2733,1829.928608
2025-05-01 10:20:11,SELL,1829.689167,1830.472005,-0.0428,9.3868,6.2724,1829.077854
2025-05-01 10:20:11,BUY,1831.839787,1831.016880,0.0449,6.5934,0.1507,1831.860721
2025-05-01 10:20:11,BUY,1831.567207,1830.830860,0.0402,12.7205,0.1507,1831.578055
2025-05-01 10:20:11,SELL,1829.965714,1830.817875,-0.0465,4.4837,0.3988,1829.884342
2025-05-01 10:20:11,SELL,1830.065167,1830.944436,-0.0480,2.5664,2.2210,1829.273288
2025-05-01 10:20:23,SELL,1830.941895,1831.855213,-0.0499,0.1850,0.1696,1830.102807
2025-05-01 10:20:23,SELL,1830.935500,1831.847640,-0.0498,0.2681,0.1696,1830.356509
2025-05-01 10:20:23,SELL,1830.920644,1831.825485,-0.0494,0.7845,0.1696,1830.722752
2025-05-01 10:20:23,SELL,1830.906788,1831.819920,-0.0498,0.1971,0.1696,1830.118986
2025-05-01 10:20:23,SELL,1830.902780,1831.817462,-0.0499,0.0870,0.1696,1829.119043
2025-05-01 10:20:23,SELL,1830.897454,1831.809259,-0.0498,0.2905,0.1696,1830.362959
2025-05-01 10:20:23,SELL,1830.864477,1831.751476,-0.0484,2.0461,0.1696,1830.788607
2025-05-01 10:20:23,BUY,1832.255198,1831.860438,0.0215,36.9482,0.1696,1832.259403
2025-05-01 10:20:35,SELL,1832.317992,1833.233980,-0.0500,0.0446,0.1611,1829.004874
2025-05-01 10:20:35,SELL,1832.532364,1833.385050,-0.0465,4.5333,0.1710,1832.497795
2025-05-01 10:20:35,SELL,1832.467329,1833.383005,-0.0499,0.0724,0.1710,1830.302324
2025-05-01 10:20:35,SELL,1832.656430,1833.563995,-0.0495,0.6528,0.1612,1832.430217
2025-05-01 10:20:35,SELL,1832.622349,1833.514244,-0.0486,1.7608,0.1611,1832.538490
2025-05-01 10:20:35,SELL,1832.334187,1833.248726,-0.0499,0.1481,0.1710,1831.276344
2025-05-01 10:20:35,SELL,1832.331080,1833.246682,-0.0499,0.0723,0.1710,1830.164565
2025-05-01 10:20:35,BUY,1834.170574,1833.252910,0.0501,0.0014,0.2328,1989.224258
2025-05-01 10:20:35,SELL,1832.596908,1833.513130,-0.0500,0.0394,0.3439,1824.604745
2025-05-01 10:20:35,BUY,1833.583521,1833.582439,0.0001,64.8510,18.9934,1833.852029
2025-05-01 10:20:35,SELL,1832.402299,1833.254914,-0.0465,4.5338,0.1710,1832.367738
2025-05-01 10:20:35,SELL,1832.337266,1833.252871,-0.0499,0.0723,0.1710,1830.170589
2025-05-01 10:20:35,SELL,1832.327053,1833.240674,-0.0498,0.2127,0.1710,1831.590290
2025-05-01 10:20:35,SELL,1832.301039,1833.217092,-0.0500,0.0394,0.1611,1828.551228
2025-05-01 10:20:35,SELL,1832.309479,1833.218204,-0.0496,0.5584,0.1611,1832.045133
2025-05-01 10:20:35,SELL,1832.321333,1833.235239,-0.0499,0.1924,0.1611,1831.554085
2025-05-01 10:20:47,SELL,1832.210668,1833.118612,-0.0495,0.6102,0.1675,1831.959183
2025-05-01 10:20:47,SELL,1832.223592,1833.135851,-0.0498,0.3052,0.1675,1831.720701
2025-05-01 10:20:47,SELL,1832.174314,1833.085904,-0.0497,0.3509,0.2679,1831.474797
2025-05-01 10:20:47,BUY,1834.017948,1833.144473,0.0476,3.0835,0.4976,1834.165945
2025-05-01 10:20:47,SELL,1832.167677,1833.082540,-0.0499,0.1191,0.1675,1830.879143
2025-05-01 10:20:47,SELL,1832.271156,1833.158410,-0.0484,2.0771,0.1675,1832.197272
2025-05-01 10:20:47,SELL,1832.218855,1833.112436,-0.0487,1.6273,0.1675,1832.124553
2025-05-01 10:20:47,SELL,1832.189376,1833.099422,-0.0496,0.4607,0.1675,1831.856247
2025-05-01 10:20:47,SELL,1832.170496,1833.074657,-0.0493,0.8766,0.1675,1831.995449
2025-05-01 10:20:47,SELL,1832.155162,1833.068743,-0.0498,0.2093,0.1675,1831.422102
2025-05-01 10:20:47,SELL,1832.146543,1833.057406,-0.0497,0.4013,0.1675,1831.764183
2025-05-01 10:20:47,SELL,1832.180581,1833.095817,-0.0499,0.0930,0.2926,1829.298621
2025-05-01 10:20:47,SELL,1832.187652,1833.102102,-0.0499,0.1488,0.1774,1831.095654
2025-05-01 10:20:47,SELL,1832.183720,1833.098445,-0.0499,0.1295,0.1675,1830.998307
2025-05-01 10:20:47,SELL,1832.195903,1833.106306,-0.0497,0.4356,0.1675,1831.843612
2025-05-01 10:20:59,BUY,1834.252247,1833.587737,0.0362,17.8904,0.1880,1834.261884
2025-05-01 10:21:11,SELL,1836.942497,1837.840349,-0.0489,1.4902,0.5234,1836.619872
2025-05-01 10:21:11,SELL,1836.968012,1837.882506,-0.0498,0.3147,0.1926,1836.405831
2025-05-01 10:21:11,BUY,1836.656735,1837.891410,-0.0672,152.3329,0.1926,1836.657896
2025-05-01 10:21:23,SELL,1836.360080,1837.277464,-0.0499,0.0888,0.4500,1831.707254
2025-05-01 10:21:23,SELL,1836.357969,1837.275775,-0.0500,0.0597,0.1950,1833.357922
2025-05-01 10:21:23,SELL,1836.814755,1837.626901,-0.0442,7.5454,0.1950,1836.791015
2025-05-01 10:21:23,SELL,1836.669489,1837.549667,-0.0479,2.7303,0.1950,1836.603891
2025-05-01 10:21:23,SELL,1836.607416,1837.502691,-0.0487,1.6607,0.1950,1836.499572
2025-05-01 10:21:23,SELL,1836.568754,1837.472305,-0.0492,1.0742,0.1950,1836.402042
2025-05-01 10:21:23,SELL,1836.529335,1837.423813,-0.0487,1.7143,0.1950,1836.424875
2025-05-01 10:21:23,SELL,1836.490856,1837.395308,-0.0492,1.0077,0.1950,1836.313155
2025-05-01 10:21:23,SELL,1836.464045,1837.370165,-0.0493,0.8889,0.1950,1836.262600
2025-05-01 10:21:23,SELL,1836.444592,1837.356385,-0.0496,0.4871,0.1950,1836.077018
2025-05-01 10:21:23,SELL,1836.427982,1837.336926,-0.0495,0.6880,0.1950,1836.167713
2025-05-01 10:21:23,SELL,1836.410548,1837.321501,-0.0496,0.5453,0.1950,1836.082199
2025-05-01 10:21:23,SELL,1836.397632,1837.311080,-0.0497,0.3684,0.1950,1835.911603
2025-05-01 10:21:23,SELL,1836.388058,1837.302343,-0.0498,0.3089,0.1950,1835.808420
2025-05-01 10:21:23,SELL,1836.377872,1837.290698,-0.0497,0.4117,0.1950,1835.942971
2025-05-01 10:21:23,SELL,1836.371239,1837.289099,-0.0500,0.0565,0.1950,1833.203811
2025-05-01 10:21:23,SELL,1836.367541,1837.283270,-0.0498,0.2061,0.1950,1835.498664
2025-05-01 10:21:23,SELL,1836.364121,1837.282256,-0.0500,0.0358,0.1950,1831.368577
2025-05-01 10:21:23,SELL,1836.362475,1837.279975,-0.0499,0.0807,0.1950,1834.142568
2025-05-01 10:21:47,SELL,1836.355593,1837.272690,-0.0499,0.1091,0.4190,1832.828898
2025-05-01 10:22:11,SELL,1836.592385,1837.510226,-0.0500,0.0649,0.3825,1831.178286
2025-05-01 10:22:11,BUY,1838.322203,1837.533403,0.0429,9.2217,3.1923,1838.640395
2025-05-01 10:22:11,SELL,1836.607290,1837.518704,-0.0496,0.5196,0.8646,1835.079474
2025-05-01 10:22:11,SELL,1836.598986,1837.516785,-0.0499,0.0678,0.2196,1833.626032
2025-05-01 10:22:11,SELL,1836.595666,1837.512061,-0.0499,0.1670,0.2196,1835.388255
2025-05-01 10:22:23,BUY,1838.430095,1837.511500,0.0500,0.0450,2.5437,1890.335682
2025-05-01 10:22:23,SELL,1836.592035,1837.510080,-0.0500,0.0502,0.2383,1832.229206
2025-05-01 10:22:35,BUY,1837.869824,1836.952164,0.0500,0.0906,0.5875,1843.829593
2025-05-01 10:22:35,SELL,1836.310569,1836.949604,-0.0348,19.7787,11.5358,1835.775063
2025-05-01 10:22:35,SELL,1835.873051,1836.630744,-0.0413,11.3711,0.5874,1835.825632
2025-05-01 10:22:35,SELL,1836.590724,1837.508878,-0.0500,0.0425,0.2735,1830.683155
2025-05-01 10:22:47,SELL,1835.595750,1836.397277,-0.0436,8.2602,0.6207,1835.526782
2025-05-01 10:22:47,BUY,1837.320884,1836.407163,0.0498,0.3500,0.2638,1838.013329
2025-05-01 10:22:59,SELL,1835.203658,1835.836319,-0.0345,20.1988,0.4599,1835.182767
2025-05-01 10:22:59,BUY,1836.762637,1835.846656,0.0499,0.1700,0.8261,1841.225597
2025-05-01 10:22:59,BUY,1836.757466,1835.841854,0.0499,0.1960,0.2946,1838.138099
2025-05-01 10:23:11,SELL,1834.616505,1835.422205,-0.0439,7.9324,0.6004,1834.547077
2025-05-01 10:23:11,SELL,1834.828625,1835.646347,-0.0445,7.0885,1.0883,1834.687778
2025-05-01 10:23:35,SELL,1833.781085,1833.974946,-0.0106,51.2069,0.2906,1833.775882
2025-05-01 10:23:35,SELL,1833.057944,1833.974917,-0.0500,0.0010,0.4556,1423.644416
2025-05-01 10:23:47,SELL,1832.790698,1833.440224,-0.0354,18.9236,20.0348,1831.820489
2025-05-01 10:23:47,SELL,1832.314131,1833.021293,-0.0386,14.8285,0.2954,1832.295883
2025-05-01 10:24:23,BUY,1834.057668,1833.259993,0.0435,8.4535,0.6245,1834.125413
2025-05-01 10:24:47,BUY,1834.191406,1833.283924,0.0495,0.6810,0.2848,1834.574902
2025-05-01 10:24:47,BUY,1834.179433,1833.264695,0.0499,0.1665,0.3105,1835.889675
2025-05-01 10:24:59,BUY,1835.927162,1835.012152,0.0499,0.2091,0.2779,1837.147478
2025-05-01 10:24:59,BUY,1835.062414,1835.006245,0.0031,60.9787,0.2776,1835.066591
2025-05-01 10:25:11,BUY,1836.762476,1836.676276,0.0047,58.9111,59.2276,1837.685790
2025-05-01 10:25:23,BUY,1838.104518,1837.694928,0.0223,36.0435,2.5362,1838.169188
2025-05-01 10:25:35,BUY,1838.615657,1837.697760,0.0499,0.1002,0.4959,1843.167162
2025-05-01 10:25:47,SELL,1836.612324,1837.379494,-0.0418,10.7189,0.2474,1836.591133
2025-05-01 10:25:47,SELL,1836.771384,1837.682698,-0.0496,0.5324,0.2474,1836.344651
2025-05-01 10:26:23,SELL,1836.405484,1837.268800,-0.0470,3.9135,0.9223,1836.189089
2025-05-01 10:26:35,BUY,1838.426306,1837.745417,0.0371,16.8579,9.3016,1838.933498
2025-05-01 10:26:47,SELL,1836.803324,1837.698954,-0.0487,1.6425,0.2957,1836.637974
2025-05-01 10:26:47,BUY,1838.794252,1838.050772,0.0404,12.4425,0.3265,1838.818380
2025-05-01 10:26:47,SELL,1837.131450,1838.050253,-0.0500,0.0184,0.2958,1822.342987
2025-05-01 10:26:59,BUY,1838.611893,1837.692578,0.0500,0.0088,1.2800,1971.648697
2025-05-01 10:26:59,SELL,1836.622686,1837.390348,-0.0418,10.6844,0.6394,1836.567733
2025-05-01 10:26:59,SELL,1836.952346,1837.692328,-0.0403,12.6522,5.0441,1836.586172
2025-05-01 10:27:35,BUY,1838.344860,1837.461028,0.0481,2.5000,0.3124,1838.459729
2025-05-01 10:27:47,BUY,1838.684909,1837.765628,0.0500,0.0092,0.9664,1935.106683
2025-05-01 10:27:47,BUY,1838.532458,1837.765367,0.0417,10.7642,3.5579,1838.836304
2025-05-01 10:27:59,BUY,1838.613338,1837.694150,0.0500,0.0143,0.6518,1880.516412
2025-05-01 10:27:59,BUY,1838.621412,1837.710051,0.0496,0.5624,0.3555,1839.202567
2025-05-01 10:27:59,SELL,1836.817219,1837.706547,-0.0484,2.0885,0.3804,1836.649939
2025-05-01 10:27:59,SELL,1836.781296,1837.693746,-0.0497,0.4525,0.9826,1834.787048
2025-05-01 10:28:11,BUY,1839.508722,1839.468551,0.0022,62.1687,0.3195,1839.513449
2025-05-01 10:28:35,BUY,1840.493643,1839.678247,0.0443,7.4066,1.5083,1840.681041
2025-05-01 10:28:59,BUY,1841.027118,1840.535061,0.0267,30.2589,10.1234,1841.335083
2025-05-01 10:28:59,BUY,1841.456698,1840.536865,0.0500,0.0637,1.7067,1866.125274
2025-05-01 10:28:59,SELL,1839.611737,1840.527144,-0.0497,0.3431,0.9866,1836.966625
2025-05-01 10:29:11,BUY,1842.333175,1842.298824,0.0019,62.3105,29.7298,1842.772685
2025-05-01 10:29:23,SELL,1841.362535,1842.268530,-0.0492,1.0635,0.3119,1841.092501
2025-05-01 10:29:23,SELL,1841.332448,1842.238621,-0.0492,1.0500,0.3119,1841.058942
2025-05-01 10:29:23,SELL,1841.310865,1842.225342,-0.0496,0.4661,0.3119,1840.694810
2025-05-01 10:29:23,SELL,1841.292937,1842.202746,-0.0494,0.7933,0.3119,1840.930937
2025-05-01 10:29:23,SELL,1841.251236,1842.141898,-0.0483,2.1361,0.3119,1841.116813
2025-05-01 10:30:11,BUY,1845.935706,1847.888438,-0.1057,201.6370,0.3364,1845.937246
2025-05-01 10:30:23,BUY,1849.338894,1849.186260,0.0083,54.1016,0.3135,1849.344253
2025-05-01 10:30:23,SELL,1846.879055,1847.717479,-0.0454,5.9901,7.7529,1845.683855
2025-05-01 10:30:23,SELL,1846.756181,1847.642565,-0.0480,2.6249,7.7526,1844.028995
2025-05-01 10:30:35,SELL,1848.215585,1849.094052,-0.0475,3.2292,0.2918,1848.132070
2025-05-01 10:30:35,SELL,1848.103640,1848.962259,-0.0464,4.6156,0.2918,1848.045218
2025-05-01 10:30:35,SELL,1848.016864,1848.920411,-0.0489,1.4656,0.2918,1847.832890
2025-05-01 10:30:35,SELL,1847.958753,1848.845980,-0.0480,2.6068,0.2918,1847.855328
2025-05-01 10:30:35,SELL,1847.911410,1848.825676,-0.0495,0.7111,0.2918,1847.532276
2025-05-01 10:30:35,SELL,1847.894375,1848.811892,-0.0496,0.4828,0.2918,1847.335925
2025-05-01 10:30:35,SELL,1847.866945,1848.770790,-0.0489,1.4395,0.2918,1847.679672
2025-05-01 10:30:35,SELL,1847.835336,1848.748642,-0.0494,0.7757,0.2918,1847.487810
2025-05-01 10:30:35,SELL,1847.815323,1848.730744,-0.0495,0.6269,0.2918,1847.385306
2025-05-01 10:30:35,SELL,1847.801317,1848.720615,-0.0497,0.3547,0.2918,1847.041404
2025-05-01 10:30:35,SELL,1847.784596,1848.697286,-0.0494,0.8171,0.2918,1847.454692
2025-05-01 10:30:35,SELL,1847.768805,1848.689020,-0.0498,0.2895,0.2918,1846.837751
2025-05-01 10:30:35,SELL,1847.760758,1848.681181,-0.0498,0.2745,0.2918,1846.778931
2025-05-01 10:30:35,SELL,1847.753134,1848.673765,-0.0498,0.2598,0.2918,1846.715395
2025-05-01 10:30:35,SELL,1847.746002,1848.666914,-0.0498,0.2399,0.2918,1846.622616
2025-05-01 10:30:35,SELL,1847.739397,1848.660544,-0.0498,0.2231,0.2918,1846.531186
2025-05-01 10:30:35,SELL,1847.734014,1848.656143,-0.0499,0.1542,0.2918,1845.985534
2025-05-01 10:30:35,SELL,1847.726588,1848.645685,-0.0497,0.3663,0.2918,1846.990689
2025-05-01 10:30:35,SELL,1847.719824,1848.642610,-0.0499,0.1077,0.2918,1845.217373
2025-05-01 10:30:35,SELL,1847.716619,1848.639270,-0.0499,0.1170,0.2918,1845.412704
2025-05-01 10:30:35,SELL,1847.697997,1848.605347,-0.0491,1.1881,0.2918,1847.471141
2025-05-01 10:30:35,SELL,1847.675978,1848.595209,-0.0497,0.3551,0.2918,1846.916930
2025-05-01 10:30:47,SELL,1845.690690,1846.509935,-0.0444,7.2948,0.4897,1845.628736
2025-05-01 10:30:47,SELL,1845.562410,1846.461372,-0.0487,1.7021,1.5775,1844.707186
2025-05-01 10:30:47,SELL,1846.796481,1846.845920,-0.0027,61.2913,11.4598,1846.623830
2025-05-01 10:30:47,SELL,1845.858601,1846.718066,-0.0465,4.4810,1.6620,1845.516276
2025-05-01 10:30:59,BUY,1847.385198,1846.461530,0.0500,0.0055,0.5484,1938.760660
2025-05-01 10:30:59,SELL,1845.535689,1846.456306,-0.0499,0.1831,0.3266,1843.889935
2025-05-01 10:30:59,SELL,1845.477333,1846.344762,-0.0470,3.9105,0.9913,1845.243422
2025-05-01 10:31:11,SELL,1845.408480,1846.327701,-0.0498,0.2768,0.4040,1844.061881
2025-05-01 10:31:11,SELL,1845.417008,1846.335596,-0.0498,0.3213,0.9533,1842.679593
2025-05-01 10:31:23,SELL,1844.179568,1843.883807,0.0160,85.4834,0.3873,1844.175390
2025-05-01 10:31:23,SELL,1845.401321,1846.321267,-0.0498,0.2256,1.0519,1841.098379
2025-05-01 10:31:35,SELL,1842.705722,1843.371301,-0.0361,17.9819,5.5627,1842.420703
2025-05-01 10:31:47,BUY,1844.388644,1843.467760,0.0500,0.0925,0.9477,1853.836235
2025-05-01 10:31:47,BUY,1844.340383,1843.465125,0.0475,3.2938,1.0386,1844.631165
2025-05-01 10:31:59,SELL,1841.840389,1842.056112,-0.0117,49.5455,39.8549,1841.099591
2025-05-01 10:32:11,SELL,1840.309319,1840.405876,-0.0052,58.0388,39.4356,1839.684102
2025-05-01 10:32:35,BUY,1841.794091,1841.341757,0.0246,32.9737,0.3735,1841.804524
2025-05-01 10:32:59,BUY,1842.262030,1841.341725,0.0500,0.0589,0.7376,1853.799777
2025-05-01 10:32:59,SELL,1840.213891,1840.927233,-0.0387,14.5561,5.6844,1839.854573
2025-05-01 10:32:59,SELL,1840.420233,1841.340049,-0.0500,0.0600,0.6442,1830.536047
2025-05-01 10:33:11,SELL,1839.815209,1840.543940,-0.0396,13.5271,6.0425,1839.404290
2025-05-01 10:33:23,SELL,1839.621746,1840.540093,-0.0499,0.1358,1.0941,1832.209853
2025-05-01 10:33:35,SELL,1839.598594,1840.497614,-0.0488,1.4993,1.1187,1838.912293
2025-05-01 10:33:35,BUY,1841.418518,1840.497952,0.0500,0.0120,0.4807,1878.439902
2025-05-01 10:33:47,BUY,1841.439912,1840.540431,0.0489,1.5000,0.4812,1841.735284
2025-05-01 10:34:11,BUY,1841.478870,1840.575831,0.0491,1.2500,0.4297,1841.795365
2025-05-01 10:34:23,BUY,1841.498400,1840.579470,0.0499,0.1285,0.4599,1844.793480
2025-05-01 10:34:59,SELL,1839.120455,1840.038025,-0.0499,0.1730,0.5372,1836.265197
2025-05-01 10:34:59,SELL,1839.391023,1840.042926,-0.0354,18.9379,11.4257,1838.836149
2025-05-01 10:35:47,SELL,1839.240658,1840.161185,-0.0500,0.0010,0.5711,1311.796650
2025-05-01 10:35:47,BUY,1841.010920,1840.161214,0.0462,5.0006,0.5653,1841.114982
2025-05-01 10:35:47,SELL,1839.108806,1840.019618,-0.0495,0.6497,0.4254,1838.506807
2025-05-01 10:35:59,SELL,1838.983758,1839.646270,-0.0360,18.1765,0.3888,1838.964088
2025-05-01 10:36:11,BUY,1840.567234,1839.647604,0.0500,0.0471,1.0120,1860.323505
2025-05-01 10:36:35,SELL,1838.482322,1839.156475,-0.0367,17.3392,7.8551,1838.065884
2025-05-01 10:36:47,SELL,1838.058387,1838.977735,-0.0500,0.0100,0.5257,1789.748144
2025-05-01 10:36:47,SELL,1838.147693,1838.978018,-0.0452,6.3043,1.0339,1837.996959
2025-05-01 10:36:59,SELL,1837.855585,1838.572232,-0.0390,14.3305,0.3527,1837.832966
2025-05-01 10:37:11,SELL,1837.354476,1837.975042,-0.0338,21.1054,12.7816,1836.798120
2025-05-01 10:37:11,BUY,1839.061795,1838.309501,0.0409,11.8265,0.5209,1839.102297
2025-05-01 10:37:23,SELL,1836.539949,1837.240795,-0.0381,15.4053,0.3547,1836.518805
2025-05-01 10:37:23,SELL,1837.070623,1837.669791,-0.0326,22.6098,22.3004,1836.164661
2025-05-01 10:37:23,BUY,1838.592492,1837.676593,0.0498,0.2406,0.7226,1841.353891
2025-05-01 10:37:59,SELL,1835.734326,1836.064698,-0.0180,41.6048,0.3769,1835.726012
2025-05-01 10:38:11,SELL,1835.110713,1835.992757,-0.0480,2.5454,0.8386,1834.808410
2025-05-01 10:38:35,SELL,1835.074725,1835.992686,-0.0500,0.0025,0.3744,1697.657544
2025-05-01 10:38:47,SELL,1835.074605,1835.992517,-0.0500,0.0060,0.3718,1778.212578
2025-05-01 10:38:59,BUY,1836.911269,1835.993018,0.0500,0.0178,0.5397,1864.837337
2025-05-01 10:39:23,SELL,1836.548779,1837.466963,-0.0500,0.0392,0.4911,1825.036776
2025-05-01 10:39:23,BUY,1837.649173,1837.468071,0.0099,52.2015,0.3257,1837.654906
2025-05-01 10:39:35,SELL,1836.545056,1837.460612,-0.0498,0.2245,0.5238,1834.402578
2025-05-01 10:39:47,BUY,1838.381040,1837.463086,0.0500,0.0875,1.0086,1848.976105
2025-05-01 10:39:59,SELL,1836.521723,1837.417801,-0.0488,1.6008,0.3542,1836.318557
2025-05-01 10:40:11,SELL,1836.495197,1837.410008,-0.0498,0.2755,0.3686,1835.266497
2025-05-01 10:40:23,BUY,1838.331528,1837.414716,0.0499,0.1665,0.9848,1843.768055
2025-05-01 10:40:35,SELL,1836.488904,1837.400502,-0.0496,0.5025,0.3494,1835.850405
2025-05-01 10:40:47,SELL,1836.481194,1837.399320,-0.0500,0.0418,0.9839,1814.849815
2025-05-01 10:41:11,SELL,1836.479185,1837.396448,-0.0499,16.7860,0.4925,1836.452243
2025-05-01 10:41:11,SELL,1836.425876,1837.292651,-0.0472,3.6692,0.6579,1836.261251
2025-05-01 10:41:35,SELL,1836.329022,1837.202653,-0.0476,3.1824,0.8139,1836.094207
2025-05-01 10:41:47,SELL,1836.267676,1837.169885,-0.0491,1.1590,0.4152,1835.938812
2025-05-01 10:42:35,SELL,1836.201073,1837.069382,-0.0473,3.5549,0.9900,1835.945386
2025-05-01 10:42:59,BUY,1837.935047,1837.030855,0.0492,1.0458,0.2915,1838.191189
2025-05-01 10:42:59,SELL,1836.214845,1837.110978,-0.0488,1.5870,0.6222,1835.854893
2025-05-01 10:42:59,BUY,1838.012356,1837.155846,0.0466,4.4233,0.9529,1838.210336
2025-05-01 10:42:59,SELL,1836.116824,1837.001303,-0.0481,2.4081,0.4568,1835.942662
2025-05-01 10:43:11,SELL,1836.189208,1837.104546,-0.0498,0.2275,0.6444,1833.588680
2025-05-01 10:43:23,SELL,1836.091271,1836.915010,-0.0448,6.7043,0.6964,1835.995908
2025-05-01 10:43:35,BUY,1838.005866,1837.258734,0.0407,12.1639,0.3122,1838.029456
2025-05-01 10:43:35,BUY,1838.038992,1837.344339,0.0378,15.8760,2.0960,1838.160322
2025-05-01 10:43:35,SELL,1836.158653,1836.895671,-0.0401,12.8419,2.1238,1836.006824
2025-05-01 10:43:47,BUY,1838.647478,1838.112051,0.0291,27.1494,12.6899,1839.077180
2025-05-01 10:44:11,BUY,1839.566518,1838.675019,0.0485,2.0000,0.9315,1839.994893
2025-05-01 10:44:11,BUY,1839.284875,1838.618450,0.0362,17.9053,8.1660,1839.704295
2025-05-01 10:44:47,SELL,1837.754717,1838.673092,-0.0499,0.0681,0.7919,1827.070302
2025-05-01 10:45:11,SELL,1837.739052,1838.643672,-0.0492,1.0396,0.6425,1837.171134
2025-05-01 10:45:47,SELL,1837.822839,1838.666502,-0.0459,5.3506,0.6002,1837.719765
2025-05-01 10:45:47,SELL,1837.623942,1838.419934,-0.0433,8.7134,0.6001,1837.560663
2025-05-01 10:45:47,BUY,1839.650620,1838.817921,0.0453,6.1605,0.4830,1839.722737
2025-05-01 10:45:59,SELL,1837.172889,1837.763994,-0.0322,23.1828,5.1616,1836.968366
2025-05-01 10:46:11,SELL,1836.713234,1837.500115,-0.0428,9.3274,0.2859,1836.685080
2025-05-01 10:46:23,SELL,1836.428430,1837.194129,-0.0417,10.8177,2.0743,1836.252365
2025-05-01 10:46:35,SELL,1836.271291,1837.185645,-0.0498,0.3001,0.6507,1834.280238
2025-05-01 10:46:47,SELL,1835.953464,1836.558208,-0.0329,22.1944,3.3997,1835.812852
2025-05-01 10:46:59,SELL,1835.584113,1836.471331,-0.0483,2.1957,0.2927,1835.461770
2025-05-01 10:46:59,SELL,1835.627529,1836.533398,-0.0493,0.8777,0.2511,1835.364990
2025-05-01 10:47:23,SELL,1835.552445,1836.470042,-0.0500,0.0456,0.8965,1817.500850
2025-05-01 10:47:35,SELL,1835.551715,1836.469859,-0.0500,0.0065,0.2841,1795.403702
2025-05-01 10:47:47,SELL,1835.551445,1836.469501,-0.0500,0.0127,0.2359,1818.451762
2025-05-01 10:47:47,SELL,1835.473019,1836.312931,-0.0457,5.5391,0.2359,1835.433931
2025-05-01 10:47:59,SELL,1835.178497,1835.880186,-0.0382,15.3108,1.2479,1835.103710
2025-05-01 10:48:23,SELL,1834.744364,1835.444230,-0.0381,15.4262,1.2637,1834.669212
2025-05-01 10:48:35,BUY,1836.652287,1836.023739,0.0342,20.5157,1.5423,1836.721322
2025-05-01 10:48:47,BUY,1836.943796,1836.026904,0.0499,0.1120,0.2453,1838.954486
2025-05-01 10:48:59,BUY,1836.946707,1836.029564,0.0500,0.0942,0.9126,1845.846871
2025-05-01 10:49:35,BUY,1836.844471,1835.926867,0.0500,0.0583,0.5507,1845.512891
2025-05-01 10:49:35,SELL,1835.052343,1835.911095,-0.0468,4.1917,0.2202,1835.004147
2025-05-01 10:49:35,SELL,1835.008697,1835.926726,-0.0500,0.0050,0.5507,1734.184580
2025-05-01 10:49:35,BUY,1836.836577,1835.925219,0.0496,0.5000,0.8811,1838.455009
2025-05-01 10:49:59,SELL,1834.946496,1835.802133,-0.0466,4.4085,0.8934,1834.760560
2025-05-01 10:50:23,BUY,1837.365289,1837.091307,0.0149,45.6302,42.1914,1838.214738
2025-05-01 10:50:47,BUY,1839.114011,1838.265199,0.0462,5.0030,0.1992,1839.150631
2025-05-01 10:50:47,BUY,1839.041817,1838.123711,0.0499,0.1000,0.8609,1846.958424
2025-05-01 10:50:47,BUY,1838.525249,1838.120883,0.0220,36.4141,15.4682,1838.915739
2025-05-01 10:51:23,SELL,1837.835103,1838.753687,-0.0500,0.0561,0.3625,1831.894770
2025-05-01 10:51:23,BUY,1839.429935,1838.755274,0.0367,17.3273,3.2190,1839.600796
2025-05-01 10:51:35,BUY,1840.102360,1839.611200,0.0267,30.2979,18.7245,1840.670964
2025-05-01 10:51:59,BUY,1840.640075,1839.828316,0.0441,7.6676,0.5537,1840.706540
2025-05-01 10:52:47,SELL,1838.905536,1839.822586,-0.0498,0.2023,0.8546,1835.021135
2025-05-01 10:53:23,BUY,1840.985535,1840.307532,0.0368,17.1245,7.4971,1841.388529
2025-05-01 10:53:35,BUY,1841.555157,1840.961426,0.0323,23.0817,9.7604,1841.944520
2025-05-01 10:53:47,BUY,1842.051377,1841.299293,0.0408,11.8693,2.4223,1842.239340
2025-05-01 10:53:47,BUY,1842.220704,1841.299344,0.0500,0.0018,0.2163,1952.304672
2025-05-01 10:54:11,SELL,1840.233095,1841.008011,-0.0421,10.2294,0.8768,1840.154225
2025-05-01 10:54:47,BUY,1842.186107,1841.522053,0.0361,18.0576,8.3940,1842.614271
2025-05-01 10:54:59,SELL,1840.590363,1841.500186,-0.0494,0.7677,0.2294,1840.315397
2025-05-01 10:55:35,BUY,1842.400149,1841.483924,0.0498,0.3495,0.8822,1844.725261
2025-05-01 10:55:35,SELL,1840.566336,1841.473974,-0.0493,0.9203,0.8822,1839.684127
2025-05-01 10:55:47,SELL,1840.531666,1841.443403,-0.0495,0.6312,0.2240,1840.205113
2025-05-01 10:55:47,SELL,1840.551917,1841.461382,-0.0494,10.2762,0.3753,1840.518305
2025-05-01 10:56:23,BUY,1843.194168,1843.102160,0.0050,58.2520,53.0075,1844.032794
2025-05-01 10:56:35,SELL,1843.191470,1844.112455,-0.0499,0.0752,0.8210,1833.130105
2025-05-01 10:56:35,BUY,1844.447987,1843.949465,0.0270,29.7412,24.4791,1845.207044
2025-05-01 10:56:35,SELL,1843.027262,1843.949070,-0.0500,0.0138,0.8730,1784.854728
2025-05-01 10:56:35,BUY,1844.954310,1844.114599,0.0455,5.8094,0.5411,1845.040236
2025-05-01 10:56:47,SELL,1843.432722,1844.328622,-0.0486,1.8434,0.3795,1843.242990
2025-05-01 10:56:47,SELL,1843.372590,1844.260853,-0.0482,2.3771,0.3795,1843.225462
2025-05-01 10:56:47,BUY,1845.184837,1844.263620,0.0500,0.0971,0.3795,1848.790029
2025-05-01 10:56:47,BUY,1845.169397,1844.381178,0.0427,9.4306,1.9182,1845.357051
2025-05-01 10:56:59,BUY,1845.313468,1844.518011,0.0431,8.9273,0.2061,1845.334773
2025-05-01 10:57:11,BUY,1845.945186,1845.530823,0.0225,35.6838,20.6660,1846.479718
2025-05-01 10:57:11,SELL,1843.593622,1844.513749,-0.0499,0.1495,0.2295,1842.178439
2025-05-01 10:57:23,BUY,1846.455129,1845.532958,0.0500,0.0749,0.8718,1857.201465
2025-05-01 10:57:35,SELL,1844.605686,1845.526910,-0.0499,0.1081,1.8667,1828.673122
2025-05-01 10:57:35,SELL,1844.603893,1845.526403,-0.0500,0.0178,1.8667,1747.781068
2025-05-01 10:57:35,SELL,1844.608705,1845.529992,-0.0499,0.1040,1.9508,1827.312298
2025-05-01 10:57:59,SELL,1844.442741,1845.204459,-0.0413,11.2885,1.2076,1844.344086
2025-05-01 10:57:59,SELL,1844.043354,1844.727246,-0.0371,16.7347,0.3772,1844.022574
2025-05-01 10:58:11,SELL,1843.767221,1844.651886,-0.0480,2.6429,0.3756,1843.636208
2025-05-01 10:58:11,SELL,1843.539687,1844.443434,-0.0490,1.2967,0.2358,1843.372077
2025-05-01 10:58:11,SELL,1843.643858,1844.480403,-0.0454,6.0145,2.2016,1843.306425
2025-05-01 10:58:35,SELL,1843.481300,1844.363571,-0.0478,2.8012,0.3646,1843.361329
2025-05-01 10:58:59,SELL,1843.191384,1843.863343,-0.0364,17.5469,0.8694,1843.145720
2025-05-01 10:59:11,BUY,1846.491697,1847.275288,-0.0424,119.6851,0.2241,1846.493426
2025-05-01 10:59:23,SELL,1846.332479,1847.236927,-0.0490,1.3441,0.9925,1845.650848
2025-05-01 10:59:23,SELL,1846.299932,1847.210160,-0.0493,0.9379,0.9924,1845.323119
2025-05-01 10:59:23,SELL,1846.276218,1847.189479,-0.0494,0.7247,0.9924,1845.011975
2025-05-01 10:59:23,SELL,1846.256062,1847.169825,-0.0495,0.6887,0.9924,1844.925740
2025-05-01 10:59:23,SELL,1846.245858,1847.169061,-0.0500,0.0268,0.9924,1812.024496
2025-05-01 10:59:23,SELL,1846.243765,1847.165636,-0.0499,0.1200,0.9924,1838.609783
2025-05-01 10:59:23,BUY,1848.142711,1847.271645,0.0472,3.7163,0.4890,1848.264296
2025-05-01 10:59:23,SELL,1846.338247,1847.261286,-0.0500,0.0415,0.2055,1841.764551
2025-05-01 10:59:23,SELL,1846.343423,1847.262470,-0.0498,0.3215,0.2055,1845.753392
2025-05-01 10:59:35,BUY,1848.385236,1847.660822,0.0392,14.0057,0.3902,1848.410987
2025-05-01 10:59:47,SELL,1846.728902,1847.652374,-0.0500,0.0255,0.5452,1826.963962
2025-05-01 10:59:47,SELL,1846.733133,1847.653101,-0.0498,0.2705,0.8778,1843.736988
2025-05-01 11:00:11,SELL,1851.269027,1852.194399,-0.0500,0.0504,0.2265,1847.111932
2025-05-01 11:00:11,BUY,1850.844390,1852.195850,-0.0730,158.6760,0.2041,1850.845580
2025-05-01 11:00:23,BUY,1853.077154,1853.229299,-0.0082,75.0000,0.1950,1853.079563
2025-05-01 11:00:23,SELL,1852.198184,1853.020199,-0.0444,7.2658,0.1950,1852.173326
2025-05-01 11:00:23,SELL,1851.981974,1852.796664,-0.0440,7.7679,0.4015,1851.934107
2025-05-01 11:00:23,SELL,1850.776351,1851.210139,-0.0234,34.2147,0.1948,1850.771082
2025-05-01 11:00:23,SELL,1850.260151,1851.161350,-0.0487,1.6962,0.1948,1850.153892
2025-05-01 11:00:23,SELL,1850.224067,1851.137935,-0.0494,0.8141,0.1948,1850.002672
2025-05-01 11:00:23,SELL,1850.189856,1851.092893,-0.0488,1.5660,0.1948,1850.074768
2025-05-01 11:00:23,SELL,1850.157188,1851.072567,-0.0495,0.7067,0.1948,1849.902163
2025-05-01 11:00:23,SELL,1851.819118,1852.694320,-0.0472,3.5566,0.5285,1851.681538
2025-05-01 11:00:35,SELL,1851.791110,1852.714672,-0.0498,0.1944,0.1929,1850.872718
2025-05-01 11:00:35,SELL,1851.260447,1852.185748,-0.0500,0.0551,0.3662,1845.103347
2025-05-01 11:00:35,SELL,1851.578154,1852.127737,-0.0297,26.1841,0.1928,1851.571337
2025-05-01 11:00:35,SELL,1851.198199,1852.120788,-0.0498,0.2415,0.1928,1850.459266
2025-05-01 11:00:35,SELL,1851.192116,1852.115572,-0.0499,0.1813,0.1928,1850.207926
2025-05-01 11:00:35,SELL,1851.188018,1852.112586,-0.0499,0.1038,0.1928,1849.468464
2025-05-01 11:00:35,BUY,1853.199858,1852.360771,0.0453,6.0862,0.4992,1853.275856
2025-05-01 11:00:35,BUY,1853.076497,1852.187332,0.0480,2.5993,0.5262,1853.264067
2025-05-01 11:00:35,BUY,1853.467244,1852.720267,0.0403,12.5000,0.1929,1853.481543
2025-05-01 11:00:35,BUY,1853.714591,1852.881153,0.0450,6.4959,3.1715,1854.167107
2025-05-01 11:00:47,SELL,1851.638911,1852.484232,-0.0456,5.6275,0.5460,1851.549079
2025-05-01 11:00:47,SELL,1851.556095,1852.481785,-0.0500,0.0387,0.2126,1846.476566
2025-05-01 11:00:47,SELL,1851.557320,1852.482900,-0.0500,0.0463,0.8795,1833.967811
2025-05-01 11:00:47,SELL,1851.734720,1852.646158,-0.0492,1.0351,0.8796,1850.948006
2025-05-01 11:00:47,SELL,1851.785027,1852.708093,-0.0498,0.2286,0.2126,1850.924031
2025-05-01 11:00:47,SELL,1851.776376,1852.697362,-0.0497,0.3729,0.2126,1851.248537
2025-05-01 11:00:47,SELL,1851.760309,1852.675944,-0.0494,0.7443,0.2126,1851.495847
2025-05-01 11:00:59,BUY,1854.312161,1854.288661,0.0013,62.8126,0.2394,1854.315694
2025-05-01 11:01:11,BUY,1856.656419,1857.168632,-0.0276,100.0548,0.2143,1856.658406
2025-05-01 11:01:35,SELL,1855.993516,1856.905151,-0.0491,1.1682,0.2030,1855.832282
2025-05-01 11:01:35,SELL,1856.219102,1857.126720,-0.0489,1.4548,0.2030,1856.089599
2025-05-01 11:01:35,SELL,1856.162075,1857.054521,-0.0481,2.5061,0.2030,1856.086902
2025-05-01 11:01:35,SELL,1856.112152,1857.026823,-0.0493,0.9615,0.2030,1855.916221
2025-05-01 11:01:35,SELL,1856.052166,1856.934491,-0.0475,3.2051,0.2030,1855.993394
2025-05-01 11:01:35,SELL,1855.971355,1856.894463,-0.0497,0.3710,0.2130,1855.438573
2025-05-01 11:01:35,BUY,1857.865585,1856.938805,0.0499,0.1498,3.2112,1877.778931
2025-05-01 11:01:47,BUY,1852.045597,1851.263856,0.0422,10.0373,0.2276,1852.066596
2025-05-01 11:01:47,BUY,1851.399649,1850.985039,0.0224,35.5662,0.2276,1851.405572
2025-05-01 11:01:47,SELL,1852.498676,1849.964041,0.1370,240.8465,0.5471,1852.496572
2025-05-01 11:01:47,SELL,1850.054680,1850.975303,-0.0497,0.3385,0.2539,1849.360901
2025-05-01 11:01:59,BUY,1855.415216,1857.716759,-0.1239,224.2580,0.2569,1855.416279
2025-05-01 11:02:11,SELL,1855.917641,1855.975780,-0.0031,60.4361,0.2807,1855.913331
2025-05-01 11:02:23,SELL,1854.320040,1854.519833,-0.0108,50.5631,0.2576,1854.315316
2025-05-01 11:02:35,SELL,1853.159483,1854.086093,-0.0500,0.0301,0.2701,1844.843768
2025-05-01 11:02:35,SELL,1853.160348,1854.086960,-0.0500,0.0300,0.3154,1843.429530
2025-05-01 11:02:35,SELL,1853.161567,1854.087824,-0.0500,0.0556,0.2300,1849.328531
2025-05-01 11:02:35,SELL,1853.377464,1854.089424,-0.0384,14.9513,1.3398,1853.294419
2025-05-01 11:02:47,SELL,1853.139463,1854.046901,-0.0489,1.3615,1.6570,1852.011801
2025-05-01 11:02:47,SELL,1853.007969,1853.822978,-0.0440,7.7793,0.2587,1852.977162
2025-05-01 11:02:47,SELL,1852.896031,1853.822906,-0.0500,0.0025,0.5924,1632.942374
2025-05-01 11:02:59,BUY,1854.752076,1853.826482,0.0499,0.1243,1.5950,1866.653091
2025-05-01 11:03:11,SELL,1852.897517,1853.822377,-0.0499,0.1426,0.9539,1846.701256
2025-05-01 11:03:11,SELL,1852.894797,1853.821047,-0.0500,0.0462,0.2865,1847.151904
2025-05-01 11:03:35,SELL,1852.886930,1853.806630,-0.0496,0.5009,0.6328,1851.716501
2025-05-01 11:03:35,SELL,1852.584033,1853.214995,-0.0340,20.5561,0.2990,1852.570561
2025-05-01 11:03:59,SELL,1851.745993,1852.129822,-0.0207,37.7122,40.0511,1850.762698
2025-05-01 11:03:59,SELL,1851.201156,1852.124626,-0.0499,0.1806,0.3167,1849.577997
2025-05-01 11:04:23,SELL,1850.924492,1851.576250,-0.0352,19.0618,2.0189,1850.826472
2025-05-01 11:04:47,BUY,1852.504085,1851.579404,0.0499,0.1097,0.2903,1854.955055
2025-05-01 11:05:11,SELL,1850.646426,1851.565021,-0.0496,0.5000,0.4187,1849.871488
2025-05-01 11:05:23,SELL,1849.661486,1849.612074,0.0027,68.0548,0.2833,1849.657636
2025-05-01 11:05:23,BUY,1850.544242,1849.625862,0.0497,0.4835,0.6162,1851.723576
2025-05-01 11:05:35,SELL,1848.402215,1849.027944,-0.0338,20.9582,4.6265,1848.198198
2025-05-01 11:05:35,BUY,1849.954045,1849.030170,0.0500,0.0781,0.9264,1860.930373
2025-05-01 11:05:59,SELL,1847.813332,1848.445279,-0.0342,20.5048,0.2775,1847.800827
2025-05-01 11:06:11,SELL,1847.224370,1847.851673,-0.0339,20.8159,12.0378,1846.690248
2025-05-01 11:06:23,SELL,1846.827085,1847.650254,-0.0446,7.0641,0.9171,1846.707203
2025-05-01 11:06:35,BUY,1848.648650,1847.798400,0.0460,5.1977,0.2784,1848.698165
2025-05-01 11:06:47,BUY,1848.730739,1847.814345,0.0496,0.5594,0.4581,1849.487639
2025-05-01 11:06:59,BUY,1848.738926,1847.814594,0.0500,0.0087,0.9456,1949.134597
2025-05-01 11:07:11,BUY,1848.739181,1847.814982,0.0500,0.0136,0.3219,1870.575461
2025-05-01 11:07:35,BUY,1848.743631,1847.823537,0.0498,0.3002,0.9505,1851.670927
2025-05-01 11:07:47,BUY,1848.421655,1847.497854,0.0500,0.0306,0.9431,1876.912672
2025-05-01 11:07:47,SELL,1846.736422,1847.496982,-0.0412,11.4517,3.7428,1846.434633
2025-05-01 11:07:59,SELL,1846.531224,1847.412050,-0.0477,3.0092,0.9435,1846.241738
2025-05-01 11:08:11,SELL,1846.245073,1846.925297,-0.0368,17.0719,8.4398,1845.788710
2025-05-01 11:08:23,SELL,1845.686298,1846.293987,-0.0329,22.1464,12.2879,1845.174259
2025-05-01 11:08:23,SELL,1845.368794,1846.289902,-0.0499,0.1433,0.6038,1841.481424
2025-05-01 11:08:59,BUY,1847.354588,1846.571941,0.0424,9.9000,0.4355,1847.395222
2025-05-01 11:08:59,BUY,1847.512266,1846.605076,0.0491,1.1629,21.0364,1864.222539
2025-05-01 11:09:11,BUY,1847.532404,1846.612200,0.0498,0.2500,0.9350,1850.987299
2025-05-01 11:09:47,BUY,1848.063666,1847.667220,0.0215,37.0215,35.5099,1848.949970
2025-05-01 11:10:11,BUY,1848.748589,1847.981224,0.0415,11.0166,0.2680,1848.771074
2025-05-01 11:10:23,BUY,1849.801060,1849.771533,0.0016,62.7930,0.2713,1849.805056
2025-05-01 11:10:35,BUY,1850.776386,1849.930467,0.0457,5.5729,0.2456,1850.817167
2025-05-01 11:10:35,BUY,1850.856468,1849.931586,0.0500,0.0392,0.5786,1864.501412
2025-05-01 11:11:47,SELL,1849.005544,1849.929445,-0.0499,0.0750,0.4409,1843.573972
2025-05-01 11:11:59,BUY,1850.860165,1849.940017,0.0497,0.3707,0.2588,1851.506154
2025-05-01 11:12:11,SELL,1849.014770,1849.939939,-0.0500,0.0028,0.6056,1645.713270
2025-05-01 11:12:35,SELL,1849.012425,1849.934851,-0.0499,0.1783,0.2946,1847.485015
2025-05-01 11:13:11,SELL,1848.848403,1849.611743,-0.0413,11.3242,55.3156,1844.332840
2025-05-01 11:13:23,SELL,1847.734695,1848.643644,-0.0492,1.0785,0.9087,1846.956265
2025-05-01 11:13:23,SELL,1848.251844,1848.741224,-0.0265,30.5146,24.2339,1847.517928
2025-05-01 11:13:23,SELL,1847.783461,1848.674406,-0.0482,2.3425,0.9087,1847.425056
2025-05-01 11:13:23,SELL,1847.718680,1848.642360,-0.0500,0.0450,0.4096,1839.310019
2025-05-01 11:13:35,SELL,1847.574336,1848.454122,-0.0476,3.1178,0.3106,1847.482309
2025-05-01 11:13:35,SELL,1847.668408,1848.543050,-0.0473,3.4817,2.3541,1847.043767
2025-05-01 11:14:35,SELL,1847.287171,1847.968466,-0.0369,17.0285,0.7385,1847.247115
2025-05-01 11:15:11,SELL,1847.041845,1847.963199,-0.0499,0.1847,0.5566,1844.259024
2025-05-01 11:15:11,BUY,1848.982200,1848.152224,0.0449,6.6314,0.1830,1849.007718
2025-05-01 11:15:11,SELL,1847.221484,1848.138892,-0.0496,0.4674,0.3495,1846.530829
2025-05-01 11:15:23,SELL,1847.453754,1848.375805,-0.0499,0.1500,0.8714,1842.089534
2025-05-01 11:15:23,BUY,1849.321847,1848.418567,0.0489,1.5000,0.8714,1849.858997
2025-05-01 11:15:23,BUY,1849.184076,1848.380085,0.0435,8.4610,0.5386,1849.242938
2025-05-01 11:15:35,SELL,1846.454107,1846.337634,0.0063,72.9811,0.8799,1846.442976
2025-05-01 11:15:35,BUY,1847.762229,1847.339217,0.0229,35.1500,0.2154,1847.767889
2025-05-01 11:15:47,BUY,1848.282857,1847.378213,0.0490,1.3683,29.3069,1868.076054
2025-05-01 11:16:11,SELL,1846.454374,1847.377913,-0.0500,0.0105,0.2449,1824.986639
2025-05-01 11:17:11,SELL,1846.450277,1847.370016,-0.0498,0.2770,0.4799,1844.850692
2025-05-01 11:17:59,SELL,1846.431544,1847.340430,-0.0492,1.0376,0.8947,1845.635489
2025-05-01 11:18:11,SELL,1845.675319,1846.522649,-0.0459,5.3299,0.2270,1845.636011
2025-05-01 11:18:11,SELL,1846.083977,1846.674591,-0.0320,23.3540,0.2270,1846.075003
2025-05-01 11:18:47,SELL,1845.264997,1845.853605,-0.0319,23.4786,12.3654,1844.779079
2025-05-01 11:18:59,SELL,1844.613000,1845.535727,-0.0500,0.0092,0.4006,1804.553202
2025-05-01 11:18:59,SELL,1844.771943,1845.535990,-0.0414,11.1477,3.1495,1844.511349
2025-05-01 11:19:23,SELL,1844.615181,1845.537933,-0.0500,0.0028,0.8929,1545.516028
2025-05-01 11:19:23,BUY,1846.460099,1845.538011,0.0500,1.0429,0.2480,1846.679600
2025-05-01 11:19:47,SELL,1844.616188,1845.538588,-0.0500,0.0270,0.5484,1825.861716
2025-05-01 11:19:47,BUY,1846.461876,1845.539357,0.0500,0.0500,0.8806,1862.722064
2025-05-01 11:19:47,SELL,1844.606659,1845.520260,-0.0495,0.6433,0.2658,1844.225646
2025-05-01 11:20:35,SELL,1844.596788,1845.518836,-0.0500,0.0500,0.2360,1840.244009
2025-05-01 11:20:59,SELL,1844.207220,1844.740817,-0.0289,27.3111,0.2305,1844.199438
2025-05-01 11:21:23,SELL,1843.411040,1843.925693,-0.0279,28.6678,17.3556,1842.853037
2025-05-01 11:21:35,SELL,1842.888768,1843.695661,-0.0438,8.0914,2.9900,1842.548270
2025-05-01 11:21:59,SELL,1842.396593,1842.940920,-0.0295,26.5517,7.9608,1842.120397
2025-05-01 11:22:11,BUY,1843.865679,1842.946567,0.0499,0.1988,0.2406,1844.981895
2025-05-01 11:22:35,BUY,1843.873475,1842.955089,0.0498,0.2500,0.2704,1844.870506
2025-05-01 11:22:35,BUY,1843.869212,1842.947987,0.0500,0.0500,0.8712,1859.932169
2025-05-01 11:22:47,SELL,1841.858239,1842.604201,-0.0405,12.3471,3.0906,1841.627725
2025-05-01 11:23:11,BUY,1844.182650,1843.367732,0.0442,7.5444,0.5410,1844.248776
2025-05-01 11:23:11,BUY,1843.800666,1843.153391,0.0351,19.3335,8.1253,1844.188111
2025-05-01 11:23:35,BUY,1844.372167,1843.532235,0.0456,5.7899,0.2123,1844.405981
2025-05-01 11:23:47,SELL,1842.610298,1843.531893,-0.0500,0.0120,0.5374,1801.353555
2025-05-01 11:23:47,BUY,1844.454344,1843.532188,0.0500,0.0104,0.2157,1863.622551
2025-05-01 11:24:59,BUY,1844.530635,1843.684555,0.0459,5.3625,0.8603,1844.678589
2025-05-01 11:25:47,SELL,1841.797515,1841.753784,0.0024,67.9417,0.1836,1841.795026
2025-05-01 11:25:47,BUY,1842.676136,1841.755804,0.0500,0.0711,0.3718,1847.491483
2025-05-01 11:25:59,SELL,1840.598134,1841.282014,-0.0371,16.6790,11.2529,1839.977231
2025-05-01 11:25:59,SELL,1840.256800,1841.072769,-0.0443,7.3668,0.5052,1840.193696
2025-05-01 11:26:23,SELL,1839.869122,1840.506825,-0.0346,20.0000,0.1740,1839.861117
2025-05-01 11:26:23,BUY,1841.433134,1840.518008,0.0497,0.3959,0.1813,1841.854660
2025-05-01 11:26:47,SELL,1839.485775,1840.293955,-0.0439,7.9283,1.4529,1839.317227
2025-05-01 11:27:35,SELL,1839.349540,1840.245395,-0.0487,1.7184,0.3087,1839.184329
2025-05-01 11:27:47,SELL,1838.950586,1839.495725,-0.0296,26.5536,7.7622,1838.681802
2025-05-01 11:28:11,BUY,1840.419159,1839.502168,0.0498,0.2283,0.8642,1843.901985
2025-05-01 11:28:23,BUY,1840.583509,1839.824281,0.0413,11.4158,0.2131,1840.600688
2025-05-01 11:28:23,BUY,1840.848566,1840.032007,0.0444,7.3613,0.3605,1840.893638
2025-05-01 11:29:23,BUY,1841.099964,1840.326834,0.0420,10.4472,0.1716,1841.115086
2025-05-01 11:29:35,BUY,1841.415599,1840.662964,0.0409,11.9098,1.8068,1841.555273
2025-05-01 11:29:59,SELL,1839.742278,1840.662256,-0.0500,0.0251,0.8652,1807.987770
2025-05-01 11:30:11,BUY,1841.976081,1841.448876,0.0286,27.7783,15.2836,1842.482807
2025-05-01 11:30:11,BUY,1842.467756,1841.644174,0.0447,6.8843,0.5329,1842.539073
2025-05-01 11:30:23,BUY,1842.730142,1841.973395,0.0411,11.6042,0.2024,1842.746212
2025-05-01 11:30:23,BUY,1842.898390,1841.980488,0.0498,0.2500,0.2629,1843.867502
2025-05-01 11:30:35,BUY,1843.164696,1842.323544,0.0457,5.6691,0.5242,1843.249912
2025-05-01 11:30:35,BUY,1843.245805,1842.324821,0.0500,0.0450,0.2019,1847.379820
2025-05-01 11:30:35,BUY,1842.993082,1842.162687,0.0451,6.4216,0.8085,1843.109094
2025-05-01 11:30:35,BUY,1843.248055,1842.328036,0.0499,0.1133,0.3816,1846.351617
2025-05-01 11:31:11,BUY,1843.657600,1843.143632,0.0279,28.7382,0.1959,1843.663884
2025-05-01 11:31:23,BUY,1844.176873,1843.365945,0.0440,7.8315,1.3831,1844.339724
2025-05-01 11:31:23,BUY,1844.291639,1843.373042,0.0498,0.2500,0.2468,1845.202143
2025-05-01 11:31:35,SELL,1842.930328,1843.842754,-0.0495,0.6689,0.8490,1841.760791
2025-05-01 11:31:35,BUY,1844.539577,1843.861755,0.0368,17.2197,7.3774,1844.934704
2025-05-01 11:31:35,SELL,1842.451281,1843.372892,-0.0500,0.0053,0.8488,1693.940120
2025-05-01 11:31:47,BUY,1844.768688,1843.849852,0.0498,0.2500,0.2457,1845.675252
2025-05-01 11:31:59,SELL,1842.927533,1843.849067,-0.0500,0.0276,0.1868,1836.699803
2025-05-01 11:32:11,BUY,1844.814373,1843.892222,0.0500,0.0200,0.8413,1883.636060
2025-05-01 11:32:11,BUY,1845.099312,1844.177365,0.0500,0.0428,0.3556,1852.769406
2025-05-01 11:32:11,BUY,1844.792757,1843.891654,0.0489,1.5000,0.2343,1844.936848
2025-05-01 11:32:11,BUY,1844.956659,1844.176151,0.0423,10.0000,0.1776,1844.973040
2025-05-01 11:32:35,SELL,1843.249292,1844.165392,-0.0497,0.4215,0.3256,1842.537269
2025-05-01 11:32:59,SELL,1843.057264,1843.793134,-0.0399,13.1046,0.5137,1843.021137
2025-05-01 11:33:23,SELL,1842.612882,1843.276202,-0.0360,18.1997,0.1719,1842.604181
2025-05-01 11:33:23,SELL,1842.354383,1843.275840,-0.0500,0.0128,0.3445,1817.465152
2025-05-01 11:33:35,SELL,1842.188995,1842.945276,-0.0410,11.6396,0.1859,1842.174283
2025-05-01 11:33:47,SELL,1841.528701,1841.954733,-0.0231,34.8896,0.1872,1841.523759
2025-05-01 11:33:47,SELL,1840.865463,1841.617995,-0.0409,11.8633,0.3545,1840.837960
2025-05-01 11:34:11,SELL,1840.670768,1841.591209,-0.0500,0.0250,0.3615,1827.362000
2025-05-01 11:34:11,SELL,1840.684153,1841.591918,-0.0493,0.9187,0.5257,1840.157499
2025-05-01 11:34:11,SELL,1840.611021,1841.472368,-0.0468,4.1871,0.2254,1840.561481
2025-05-01 11:34:47,SELL,1840.551438,1841.471980,-0.0500,0.0137,0.3426,1817.514051
2025-05-01 11:35:11,BUY,1842.395839,1841.477294,0.0499,0.1873,0.8483,1846.567031
2025-05-01 11:35:23,BUY,1842.400966,1841.482232,0.0499,0.1740,0.5201,1845.153558
2025-05-01 11:35:23,BUY,1842.455416,1841.586146,0.0472,3.6630,0.5132,1842.584495
2025-05-01 11:35:47,BUY,1842.664925,1841.901052,0.0415,11.0999,0.3333,1842.692587
2025-05-01 11:35:59,BUY,1843.301659,1842.521535,0.0423,9.9750,0.8494,1843.380141
2025-05-01 11:35:59,BUY,1842.991260,1842.238492,0.0409,11.8931,0.3519,1843.018524
2025-05-01 11:36:11,SELL,1841.576233,1842.473430,-0.0487,1.6944,41.1414,1819.218983
2025-05-01 11:36:11,SELL,1841.468083,1842.305130,-0.0454,5.9283,0.1833,1841.439616
2025-05-01 11:36:23,SELL,1841.368416,1842.273992,-0.0492,1.0968,0.2563,1841.153260
2025-05-01 11:37:23,SELL,1841.297253,1842.162734,-0.0470,3.9192,0.5043,1841.178792
2025-05-01 11:37:35,SELL,1841.234487,1842.148395,-0.0496,6.0521,0.3724,1841.177840
2025-05-01 11:38:35,SELL,1841.223756,1842.141267,-0.0498,0.2511,0.6524,1838.831872
2025-05-01 11:38:35,SELL,1841.217636,1842.136145,-0.0499,0.1804,0.1560,1840.421698
2025-05-01 11:39:35,SELL,1841.214900,1842.135884,-0.0500,0.0092,0.3118,1810.034526
2025-05-01 11:39:35,BUY,1843.070274,1842.161593,0.0493,0.9061,0.2958,1843.371065
2025-05-01 11:39:59,BUY,1843.137653,1842.270576,0.0471,3.8409,0.1817,1843.181247
2025-05-01 11:40:11,BUY,1843.190318,1842.319143,0.0473,3.5539,0.1786,1843.236632
2025-05-01 11:40:11,SELL,1841.323317,1842.218304,-0.0486,1.8413,0.8418,1840.902423
2025-05-01 11:40:23,BUY,1843.371390,1842.580275,0.0429,9.2026,2.1745,1843.589172
2025-05-01 11:40:23,SELL,1841.648265,1842.558127,-0.0494,0.8047,0.3452,1841.253272
2025-05-01 11:40:23,BUY,1843.502379,1842.580972,0.0500,0.0246,0.3452,1856.441021
2025-05-01 11:41:11,SELL,1841.620901,1842.541687,-0.0500,0.0354,0.8238,1820.185801
2025-05-01 11:41:11,SELL,1841.620007,1842.541648,-0.0500,0.0014,0.4921,1511.225851
2025-05-01 11:41:11,SELL,1841.629134,1842.542691,-0.0496,4.9785,0.1626,1841.599055
2025-05-01 11:41:59,BUY,1844.032434,1843.679395,0.0191,40.0830,31.4631,1844.756170
2025-05-01 11:42:11,BUY,1844.768671,1844.013193,0.0410,11.7570,1.0914,1844.854299
2025-05-01 11:42:35,BUY,1845.078576,1844.298892,0.0423,10.0620,6.9217,1845.713192
2025-05-01 11:42:35,BUY,1845.223030,1844.301932,0.0499,0.1071,0.1755,1846.735910
2025-05-01 11:42:47,SELL,1843.303351,1844.148998,-0.0459,5.3834,2.6414,1842.851136
2025-05-01 11:43:59,BUY,1845.072327,1844.150584,0.0500,9.6406,0.8336,1845.152094
2025-05-01 11:44:11,SELL,1843.209046,1844.111640,-0.0489,1.3709,0.3651,1842.963578
2025-05-01 11:44:11,SELL,1843.188986,1844.111601,-0.0500,0.0014,0.2125,1701.538160
2025-05-01 11:44:35,BUY,1844.825837,1843.906002,0.0499,0.1818,0.1715,1845.696149
2025-05-01 11:44:35,SELL,1843.084215,1843.900841,-0.0443,7.4193,0.2047,1843.058789
2025-05-01 11:44:47,SELL,1842.774342,1843.486403,-0.0386,14.7723,0.1661,1842.763980
2025-05-01 11:44:47,BUY,1844.408813,1843.486575,0.0500,0.0061,0.3221,1893.422724
2025-05-01 11:44:47,SELL,1842.562346,1843.481607,-0.0499,0.1749,0.1913,1841.554667
2025-05-01 11:45:35,BUY,1843.704293,1843.164004,0.0293,26.8848,0.1443,1843.709242
2025-05-01 11:45:35,SELL,1841.593946,1841.337069,0.0140,83.0195,0.3099,1841.590508
2025-05-01 11:45:35,BUY,1844.182610,1843.357039,0.0448,6.8001,0.4967,1844.249956
2025-05-01 11:45:35,BUY,1842.790349,1842.400991,0.0211,37.5000,0.1443,1842.793893
2025-05-01 11:45:35,BUY,1844.510150,1843.694190,0.0443,7.4881,1.4277,1844.685987
2025-05-01 11:45:47,BUY,1844.413947,1843.626451,0.0427,9.4901,0.8832,1844.499775
2025-05-01 11:46:23,BUY,1844.790940,1844.110669,0.0369,17.0550,3.1118,1844.959237
2025-05-01 11:46:23,SELL,1843.188543,1844.110527,-0.0500,0.0050,0.2994,1788.011653
2025-05-01 11:46:35,BUY,1845.175566,1844.395441,0.0423,10.0341,3.0565,1845.456597
2025-05-01 11:46:47,BUY,1845.489400,1844.737890,0.0407,12.0591,2.8238,1845.705474
2025-05-01 11:47:11,BUY,1845.717549,1844.851492,0.0469,4.0000,0.4868,1845.829854
2025-05-01 11:47:35,BUY,1845.783535,1844.869794,0.0495,0.6444,0.2804,1846.185134
2025-05-01 11:47:47,BUY,1845.793649,1844.871703,0.0500,0.0672,0.8234,1857.096201
2025-05-01 11:47:47,BUY,1845.794675,1844.871852,0.0500,0.0052,0.8234,1990.671580
2025-05-01 11:48:11,SELL,1843.949345,1844.871748,-0.0500,0.0037,0.2393,1783.543495
2025-05-01 11:48:23,BUY,1845.795121,1844.872640,0.0500,0.0314,0.8318,1870.248703
2025-05-01 11:48:47,BUY,1845.918564,1845.118578,0.0434,8.6592,0.3363,1845.954409
2025-05-01 11:48:59,BUY,1846.042105,1845.119590,0.0500,0.0356,0.1983,1851.178630
2025-05-01 11:49:35,BUY,1846.042459,1845.119609,0.0500,0.0145,0.7814,1895.780381
2025-05-01 11:49:35,SELL,1844.196834,1845.119197,-0.0500,0.0138,0.1488,1834.278487
2025-05-01 11:49:59,SELL,1844.197017,1845.119545,-0.0500,0.4990,0.3390,1843.570548
2025-05-01 11:50:35,BUY,1846.044628,1845.123655,0.0499,0.1447,0.2006,1847.323885
2025-05-01 11:50:47,SELL,1845.327254,1846.250139,-0.0500,0.0182,0.3181,1829.186326
2025-05-01 11:50:47,BUY,1846.610375,1846.250656,0.0195,39.6729,37.7151,1847.488118
2025-05-01 11:50:59,BUY,1847.360668,1846.623872,0.0399,13.1525,4.3666,1847.667329
2025-05-01 11:50:59,BUY,1847.548357,1846.625293,0.0500,0.0500,0.8361,1862.995399
2025-05-01 11:51:35,BUY,1848.038395,1847.603587,0.0235,34.4183,19.3031,1848.556621
2025-05-01 11:51:59,SELL,1846.677279,1847.598580,-0.0499,0.1760,0.8299,1842.324370
2025-05-01 11:52:59,BUY,1848.740101,1848.032907,0.0383,15.2776,0.8458,1848.791274
2025-05-01 11:53:35,SELL,1847.007273,1847.829575,-0.0445,7.1485,0.5358,1846.938059
2025-05-01 11:53:59,SELL,1846.335491,1846.688842,-0.0191,40.1116,15.5879,1845.976736
2025-05-01 11:53:59,SELL,1845.710304,1846.578401,-0.0470,3.8841,0.8397,1845.510795
2025-05-01 11:54:23,SELL,1845.395531,1846.066904,-0.0364,17.7170,0.2147,1845.384348
2025-05-01 11:54:23,SELL,1845.651177,1846.570532,-0.0498,0.2768,0.8295,1842.885376
2025-05-01 11:55:11,SELL,1845.107703,1845.994534,-0.0480,2.5462,0.1930,1845.037781
2025-05-01 11:55:11,SELL,1845.066552,1845.984559,-0.0497,0.3509,0.8409,1842.855996
2025-05-01 11:55:23,SELL,1845.061400,1845.984428,-0.0500,0.0046,0.8450,1676.060019
2025-05-01 11:55:59,SELL,1845.035538,1845.932607,-0.0486,1.8233,0.1689,1844.950100
2025-05-01 11:55:59,SELL,1845.006942,1845.927211,-0.0499,0.1898,0.8333,1840.957521
2025-05-01 11:56:11,BUY,1846.854162,1845.934255,0.0498,0.2480,0.1664,1847.473726
2025-05-01 11:56:47,SELL,1845.010665,1845.934235,-0.0500,0.0007,0.1559,1641.657871
2025-05-01 11:56:47,BUY,1846.861217,1845.941333,0.0498,0.2499,0.1888,1847.558838
2025-05-01 11:56:47,SELL,1845.018100,1845.940809,-0.0500,0.0185,0.1555,1837.241134
2025-05-01 11:56:59,BUY,1846.879493,1845.971297,0.0492,1.0732,0.8370,1847.599690
2025-05-01 11:57:23,SELL,1845.034678,1845.944016,-0.0493,0.9599,0.8396,1844.227762
2025-05-01 11:57:47,BUY,1846.880363,1845.969829,0.0493,0.9087,0.8299,1847.723750
2025-05-01 11:58:35,SELL,1845.043195,1845.962529,-0.0498,0.2568,0.8200,1842.097538
2025-05-01 11:58:59,SELL,1845.039171,1845.962490,-0.0500,0.0014,0.2091,1705.620940
2025-05-01 11:58:59,SELL,1844.993705,1845.870838,-0.0475,3.2247,0.2071,1844.934450
2025-05-01 12:00:23,SELL,1844.917284,1845.809572,-0.0483,2.1556,0.5316,1844.689799
2025-05-01 12:00:35,BUY,1846.733282,1845.809625,0.0500,0.0019,0.2153,1953.924277
2025-05-01 12:01:11,SELL,1844.875885,1845.787944,-0.0494,0.7628,1.0072,1843.658011
2025-05-01 12:01:35,SELL,1844.759957,1845.577659,-0.0443,7.3992,1.4012,1844.585287
2025-05-01 12:01:47,SELL,1844.298135,1844.863902,-0.0307,25.1178,4.0639,1844.148939
2025-05-01 12:01:59,SELL,1843.538017,1844.056692,-0.0281,28.4135,9.6379,1843.225352
2025-05-01 12:02:11,SELL,1842.929885,1843.779821,-0.0461,5.0691,0.4921,1842.840433
2025-05-01 12:02:11,SELL,1843.068885,1843.923805,-0.0464,4.7229,1.4657,1842.782890
2025-05-01 12:02:11,BUY,1844.979829,1844.057959,0.0500,0.0446,0.3552,1852.326621
2025-05-01 12:02:59,BUY,1844.707142,1843.789757,0.0498,0.3500,0.8140,1846.852323
2025-05-01 12:03:47,SELL,1842.826663,1843.707318,-0.0478,2.9025,0.1901,1842.766300
2025-05-01 12:04:35,SELL,1842.785333,1843.707082,-0.0500,0.0083,0.2798,1811.696254
2025-05-01 12:04:59,BUY,1844.630817,1843.709921,0.0499,0.1000,0.8463,1852.436204
2025-05-01 12:05:11,SELL,1842.746759,1843.627266,-0.0478,2.9101,0.1658,1842.694251
2025-05-01 12:05:35,SELL,1842.701527,1843.619416,-0.0498,0.2764,0.8114,1839.996876
2025-05-01 12:05:47,BUY,1844.558819,1843.653663,0.0491,1.2064,0.4980,1844.939546
2025-05-01 12:06:23,SELL,1842.731569,1843.653224,-0.0500,0.0155,0.1966,1831.018183
2025-05-01 12:06:35,BUY,1844.691056,1843.884205,0.0438,8.1362,1.4206,1844.852094
2025-05-01 12:06:47,BUY,1845.055061,1844.139503,0.0496,0.4910,0.2221,1845.472356
2025-05-01 12:06:47,BUY,1844.927344,1844.125563,0.0435,8.5012,0.4876,1844.980258
2025-05-01 12:07:11,BUY,1845.221600,1844.458489,0.0414,11.2345,0.1598,1845.234725
2025-05-01 12:07:23,SELL,1844.186301,1845.108649,-0.0500,0.0179,0.4913,1818.876664
2025-05-01 12:07:23,BUY,1846.028622,1845.109157,0.0498,0.2500,0.2073,1846.793803
2025-05-01 12:07:23,BUY,1845.703093,1845.102057,0.0326,22.6622,0.1592,1845.709575
2025-05-01 12:07:47,BUY,1846.052976,1845.151251,0.0489,1.5000,0.2099,1846.182120
2025-05-01 12:07:59,BUY,1846.322387,1845.647234,0.0366,17.4620,4.5474,1846.562792
2025-05-01 12:08:23,BUY,1846.860999,1846.227948,0.0343,20.4421,2.6165,1846.979193
2025-05-01 12:08:35,BUY,1847.262014,1846.448825,0.0440,7.7744,1.2546,1847.411067
2025-05-01 12:08:47,BUY,1847.665173,1846.758642,0.0491,1.2175,0.3305,1847.915960
2025-05-01 12:08:47,BUY,1847.503878,1846.711439,0.0429,9.2407,1.7804,1847.681854
2025-05-01 12:08:47,BUY,1847.641560,1846.724039,0.0497,0.4433,0.1936,1848.044880
2025-05-01 12:08:59,BUY,1848.725765,1848.844758,-0.0064,73.3797,0.1681,1848.727882
2025-05-01 12:09:11,SELL,1847.917818,1848.839729,-0.0499,0.1767,0.6546,1844.495954
2025-05-01 12:09:11,SELL,1847.914562,1848.838264,-0.0500,0.0515,0.6546,1836.164655
2025-05-01 12:09:23,BUY,1849.854559,1849.021004,0.0451,6.4259,0.1730,1849.879457
2025-05-01 12:09:35,BUY,1850.088887,1849.306693,0.0423,10.0454,1.0639,1850.186861
2025-05-01 12:09:35,BUY,1850.302947,1849.448900,0.0462,5.0000,0.8373,1850.457866
2025-05-01 12:09:47,BUY,1850.647831,1849.729485,0.0496,0.4907,0.2033,1851.031210
2025-05-01 12:09:47,BUY,1850.507462,1849.715527,0.0428,9.3740,2.4599,1850.750266
2025-05-01 12:10:11,SELL,1850.809494,1851.732412,-0.0498,0.2059,0.6727,1847.785924
2025-05-01 12:10:11,SELL,1850.804407,1851.728137,-0.0499,0.1490,0.6727,1846.625889
2025-05-01 12:10:11,SELL,1850.800733,1851.725072,-0.0499,0.1069,0.6727,1844.974675
2025-05-01 12:10:11,BUY,1851.658167,1851.738320,-0.0043,70.1816,28.0485,1852.028180
2025-05-01 12:10:35,SELL,1850.797724,1851.722108,-0.0499,0.1033,0.8328,1843.335261
2025-05-01 12:10:35,SELL,1850.794071,1851.717765,-0.0499,0.1514,0.2594,1849.208369
2025-05-01 12:10:47,SELL,1850.787508,1851.709205,-0.0498,0.2900,0.2929,1849.853156
2025-05-01 12:10:47,SELL,1850.791736,1851.717527,-0.0500,0.0083,0.1998,1828.487438
2025-05-01 12:10:59,SELL,1850.759800,1851.682284,-0.0498,0.2343,0.2128,1849.919367
2025-05-01 12:10:59,SELL,1850.782268,1851.707045,-0.0499,0.0753,0.6748,1842.488727
2025-05-01 12:10:59,SELL,1850.780138,1851.704943,-0.0499,0.0733,0.6748,1842.256531
2025-05-01 12:10:59,SELL,1850.778054,1851.702873,-0.0499,0.0721,0.6748,1842.121343
2025-05-01 12:10:59,SELL,1850.776017,1851.700869,-0.0499,0.0698,0.6748,1841.835401
2025-05-01 12:10:59,SELL,1850.774144,1851.699130,-0.0500,0.0606,0.6748,1840.466880
2025-05-01 12:10:59,SELL,1850.772425,1851.697439,-0.0500,0.0590,0.6748,1840.180509
2025-05-01 12:10:59,SELL,1850.770773,1851.695810,-0.0500,0.0568,0.6748,1839.767839
2025-05-01 12:10:59,SELL,1850.769189,1851.694284,-0.0500,0.0532,0.6748,1839.028924
2025-05-01 12:10:59,SELL,1850.767679,1851.692795,-0.0500,0.0519,0.6748,1838.735328
2025-05-01 12:10:59,SELL,1850.766520,1851.691953,-0.0500,0.0293,0.6748,1829.472541
2025-05-01 12:10:59,SELL,1850.765344,1851.690452,-0.0500,0.0523,0.6748,1838.829337
2025-05-01 12:10:59,SELL,1850.763874,1851.689007,-0.0500,0.0504,0.6748,1838.363556
2025-05-01 12:11:11,SELL,1850.607844,1851.384950,-0.0420,10.3634,0.8482,1850.532112
2025-05-01 12:11:23,SELL,1850.190793,1851.105944,-0.0494,0.7256,0.3546,1849.738729
2025-05-01 12:11:23,SELL,1850.330223,1851.126761,-0.0430,8.9997,0.5212,1850.276644
2025-05-01 12:11:47,SELL,1850.180262,1851.105712,-0.0500,0.0081,0.1847,1829.071436
2025-05-01 12:11:59,SELL,1850.179317,1851.104028,-0.0500,0.0587,0.1952,1847.104139
2025-05-01 12:12:35,SELL,1850.167531,1851.082127,-0.0494,0.7634,1.0070,1848.947318
2025-05-01 12:13:23,BUY,1852.220436,1851.506548,0.0386,14.8013,5.5888,1852.570126
2025-05-01 12:13:47,SELL,1851.155295,1852.078778,-0.0499,0.1785,0.1561,1850.346123
2025-05-01 12:13:47,BUY,1852.721562,1852.083900,0.0344,20.1318,8.9841,1853.134963
2025-05-01 12:13:59,BUY,1853.477611,1853.023086,0.0245,32.9202,26.8015,1854.232102
2025-05-01 12:14:11,BUY,1853.953651,1853.030257,0.0498,0.2499,0.8223,1857.003512
2025-05-01 12:14:23,BUY,1854.186132,1853.259846,0.0500,0.0568,0.3392,1859.723459
2025-05-01 12:14:23,BUY,1854.071269,1853.258217,0.0439,7.9458,1.6799,1854.267261
2025-05-01 12:14:35,SELL,1852.258818,1853.110978,-0.0460,5.1863,0.4970,1852.170065
2025-05-01 12:14:59,SELL,1852.183286,1853.108704,-0.0499,13.8914,0.2140,1852.169022
2025-05-01 12:15:23,SELL,1852.182078,1853.108560,-0.0500,0.0050,0.4861,1762.152256
2025-05-01 12:15:23,BUY,1854.046250,1853.129894,0.0494,0.7436,0.2759,1854.390169
2025-05-01 12:15:35,SELL,1852.046320,1852.815733,-0.0415,10.9455,0.4936,1852.004558
2025-05-01 12:15:47,SELL,1851.621384,1852.279622,-0.0355,18.6804,0.8890,1851.577325
2025-05-01 12:15:59,SELL,1851.216609,1852.005749,-0.0426,9.5440,0.1529,1851.201783
2025-05-01 12:16:35,BUY,1852.937031,1852.015368,0.0498,0.3354,0.8072,1855.166695
2025-05-01 12:16:35,BUY,1852.945428,1852.022537,0.0498,0.2499,0.8072,1855.937470
2025-05-01 12:16:59,SELL,1850.946926,1851.723201,-0.0419,10.4322,0.1593,1850.932792
2025-05-01 12:16:59,BUY,1852.653112,1851.730371,0.0498,0.2500,0.8259,1855.713488
2025-05-01 12:18:11,SELL,1850.458058,1851.037193,-0.0313,24.1612,29.1079,1849.343401
2025-05-01 12:18:23,SELL,1849.705657,1850.630049,-0.0500,0.0647,0.8028,1838.237743
2025-05-01 12:18:23,SELL,1849.909121,1850.631906,-0.0391,14.1287,5.3921,1849.556119
2025-05-01 12:18:35,SELL,1849.320735,1849.863135,-0.0293,26.8186,37.3743,1848.032131
2025-05-01 12:19:23,SELL,1848.845677,1849.677993,-0.0450,6.5056,0.1767,1848.820570
2025-05-01 12:19:59,BUY,1850.713344,1849.788407,0.0500,0.0306,0.8243,1875.666130
2025-05-01 12:19:59,BUY,1850.658094,1849.787537,0.0471,3.8512,12.8793,1853.752612
2025-05-01 12:20:23,SELL,1848.863348,1849.788077,-0.0500,0.0116,0.3533,1820.658441
2025-05-01 12:20:23,SELL,1848.817168,1849.696002,-0.0475,3.2354,0.3115,1848.728160
2025-05-01 12:20:35,BUY,1850.763367,1849.979980,0.0423,9.9834,0.1873,1850.780727
2025-05-01 12:20:59,BUY,1850.906856,1849.982825,0.0499,0.1000,0.5098,1855.624725
2025-05-01 12:21:11,BUY,1851.323253,1850.813513,0.0275,29.0234,17.0582,1851.867302
2025-05-01 12:21:23,BUY,1851.710052,1850.787781,0.0498,0.2500,0.2300,1852.562005
2025-05-01 12:21:23,SELL,1849.871664,1850.780613,-0.0491,1.1469,0.5095,1849.460773
2025-05-01 12:21:47,SELL,1849.861764,1850.786542,-0.0500,0.0432,0.3596,1842.161705
2025-05-01 12:21:47,SELL,1849.859385,1850.783157,-0.0499,0.1130,0.2077,1848.158968
2025-05-01 12:21:47,SELL,1849.861077,1850.786398,-0.0500,0.0050,0.5076,1755.967647
2025-05-01 12:21:59,SELL,1849.796762,1850.661092,-0.0467,4.2554,0.5117,1849.685536
2025-05-01 12:22:11,SELL,1849.735520,1850.660621,-0.0500,0.0164,0.2026,1838.336834
2025-05-01 12:22:23,SELL,1849.735010,1850.660107,-0.0500,0.0179,0.6860,1814.324923
2025-05-01 12:22:23,SELL,1849.734577,1850.659790,-0.0500,0.0111,0.6860,1792.371088
2025-05-01 12:22:35,BUY,1851.587344,1850.665134,0.0498,0.2500,0.2114,1852.370265
2025-05-01 12:22:35,SELL,1849.733549,1850.657967,-0.0500,14.2635,0.8257,1849.680010
2025-05-01 12:22:35,SELL,1849.739614,1850.665001,-0.0500,0.0046,0.1747,1814.855686
2025-05-01 12:22:47,BUY,1851.662506,1850.808351,0.0462,4.9999,0.8349,1851.817100
2025-05-01 12:23:23,SELL,1849.873134,1850.788717,-0.0495,0.6845,0.8243,1848.759281
2025-05-01 12:23:35,BUY,1851.718160,1850.795885,0.0498,0.2500,0.2236,1852.546366
2025-05-01 12:24:35,SELL,1849.804193,1850.663233,-0.0464,4.6245,0.8274,1849.638721
2025-05-01 12:24:47,BUY,1851.714691,1850.790935,0.0499,0.1467,0.2002,1852.978466
2025-05-01 12:24:47,SELL,1849.865989,1850.786730,-0.0497,0.3246,0.8352,1847.486019
2025-05-01 12:24:47,BUY,1851.655464,1850.796041,0.0464,4.6322,1.1191,1851.879125
2025-05-01 12:24:59,BUY,1851.904460,1851.166099,0.0399,13.0846,0.1659,1851.916203
2025-05-01 12:25:23,SELL,1850.166031,1851.017057,-0.0460,5.1954,0.2740,1850.117238
2025-05-01 12:25:35,SELL,1850.081838,1851.000440,-0.0496,0.4812,0.8310,1848.484290
2025-05-01 12:25:35,SELL,1850.090143,1851.014244,-0.0499,0.0981,0.2565,1847.670629
2025-05-01 12:25:59,SELL,1849.715180,1850.280630,-0.0306,25.0946,0.1470,1849.709762
2025-05-01 12:26:11,SELL,1848.293507,1849.077897,-0.0424,9.8560,0.1636,1848.278166
2025-05-01 12:26:11,SELL,1848.720557,1849.358345,-0.0345,20.1742,0.4961,1848.697825
2025-05-01 12:26:11,SELL,1848.145869,1849.063809,-0.0496,0.4637,0.1965,1847.754305
2025-05-01 12:26:11,SELL,1848.152906,1849.077003,-0.0500,0.0314,0.1635,1843.343302
2025-05-01 12:26:11,SELL,1849.188100,1849.946290,-0.0410,11.7144,0.1633,1849.175212
2025-05-01 12:26:11,SELL,1849.014404,1849.932458,-0.0496,0.4860,0.8293,1847.437032
2025-05-01 12:26:23,BUY,1849.901061,1848.979666,0.0498,0.2500,0.2118,1850.684795
2025-05-01 12:26:23,SELL,1848.117687,1848.972556,-0.0462,4.8960,0.4956,1848.024151
2025-05-01 12:26:23,SELL,1848.188012,1849.111864,-0.0500,0.0499,0.8285,1832.853061
2025-05-01 12:26:23,BUY,1850.013553,1849.113284,0.0487,1.7397,0.8285,1850.454057
2025-05-01 12:26:35,SELL,1847.819279,1848.507667,-0.0372,16.5900,6.1702,1847.475653
2025-05-01 12:26:35,SELL,1847.583335,1848.507510,-0.0500,0.0055,0.4984,1764.325065
2025-05-01 12:27:23,BUY,1849.464948,1848.572922,0.0483,2.3004,0.4991,1849.665585
2025-05-01 12:27:35,SELL,1847.536095,1848.347736,-0.0439,7.9155,5.0630,1846.945224
2025-05-01 12:27:47,SELL,1847.423332,1848.347607,-0.0500,0.0045,0.1884,1808.885350
2025-05-01 12:28:35,SELL,1847.329901,1848.237733,-0.0491,1.1458,0.2704,1847.111950
2025-05-01 12:28:35,SELL,1847.384811,1848.270325,-0.0479,2.7167,0.6453,1847.165405
2025-05-01 12:28:47,SELL,1847.035977,1847.682223,-0.0350,19.5297,9.5585,1846.583977
2025-05-01 12:28:59,SELL,1845.669107,1846.592058,-0.0500,0.0258,0.8142,1816.591113
2025-05-01 12:28:59,SELL,1846.213858,1846.592792,-0.0205,38.3089,15.2579,1845.846197
2025-05-01 12:29:23,BUY,1847.098123,1846.177764,0.0499,0.2247,0.1560,1847.739004
2025-05-01 12:29:23,SELL,1845.458689,1846.171747,-0.0386,14.7854,4.3647,1845.186294
2025-05-01 12:29:23,SELL,1845.248455,1846.171379,-0.0500,0.0130,0.1793,1832.488888
2025-05-01 12:29:35,BUY,1847.102672,1846.180464,0.0500,0.0950,0.8147,1855.018718
2025-05-01 12:30:23,BUY,1847.106147,1846.184725,0.0499,0.1500,0.8115,1852.102286
2025-05-01 12:30:35,SELL,1843.860032,1844.750942,-0.0483,2.2160,0.8148,1843.521053
2025-05-01 12:30:35,SELL,1844.576438,1844.813906,-0.0129,48.2368,0.1507,1844.573557
2025-05-01 12:30:47,SELL,1843.837559,1844.751651,-0.0496,0.5834,0.8036,1842.567613
2025-05-01 12:30:47,BUY,1845.683488,1844.770348,0.0495,0.6834,0.1395,1845.871885
2025-05-01 12:30:47,SELL,1843.846900,1844.768227,-0.0499,0.0747,0.8036,1833.926571
2025-05-01 12:31:23,BUY,1846.080961,1845.564279,0.0280,28.6120,0.1462,1846.085678
2025-05-01 12:31:23,SELL,1844.640077,1845.561438,-0.0499,0.1000,0.8106,1837.163627
2025-05-01 12:31:35,BUY,1846.604946,1845.801857,0.0435,8.4638,0.1428,1846.620519
2025-05-01 12:31:59,BUY,1846.978308,1846.307816,0.0363,17.8101,8.6877,1847.428783
2025-05-01 12:31:59,SELL,1845.384348,1846.307719,-0.0500,0.0034,0.1361,1808.356804
2025-05-01 12:32:23,BUY,1847.263299,1846.371616,0.0483,2.2490,0.7987,1847.591290
2025-05-01 12:32:35,BUY,1847.402519,1846.586039,0.0442,7.5459,1.1002,1847.537197
2025-05-01 12:32:47,BUY,1847.977844,1847.521790,0.0247,32.9222,4.4786,1848.103540
2025-05-01 12:33:11,BUY,1848.504802,1847.639309,0.0468,4.1340,0.1472,1848.537712
2025-05-01 12:33:23,SELL,1846.714779,1847.637887,-0.0500,0.0500,0.8187,1831.595437
2025-05-01 12:34:35,BUY,1848.618529,1847.750555,0.0470,3.9634,2.8759,1849.289229
2025-05-01 12:34:47,BUY,1848.960141,1848.320810,0.0346,20.0586,8.8622,1849.368589
2025-05-01 12:34:59,BUY,1849.450610,1848.730983,0.0389,14.4256,1.4116,1849.541098
2025-05-01 12:34:59,BUY,1849.656216,1848.731793,0.0500,0.0285,0.8218,1876.325203
2025-05-01 12:34:59,SELL,1847.794291,1848.705509,-0.0493,0.9239,0.8218,1846.972457
2025-05-01 12:35:23,SELL,1847.718909,1848.580955,-0.0466,4.3781,0.1442,1847.688473
2025-05-01 12:35:35,BUY,1849.619423,1848.808277,0.0439,7.9944,2.0314,1849.854424
2025-05-01 12:35:35,BUY,1849.754482,1848.850932,0.0489,1.5000,0.3233,1849.953817
2025-05-01 12:35:47,BUY,1850.126588,1849.552185,0.0311,24.6582,17.4836,1850.782495
2025-05-01 12:36:23,BUY,1850.493262,1849.583845,0.0492,1.1132,0.8267,1851.180433
2025-05-01 12:36:35,SELL,1848.634917,1849.535549,-0.0487,1.6972,0.8250,1848.185627
2025-05-01 12:36:59,BUY,1850.584648,1849.783172,0.0433,8.7061,1.0166,1850.692691
2025-05-01 12:36:59,BUY,1850.847455,1850.060901,0.0425,9.7639,1.0167,1850.943820
2025-05-01 12:37:59,SELL,1848.862794,1849.514514,-0.0352,19.2000,0.1420,1848.855955
2025-05-01 12:37:59,SELL,1848.453679,1849.342594,-0.0481,2.5145,0.6379,1848.219236
2025-05-01 12:37:59,SELL,1848.539596,1849.414144,-0.0473,3.5273,0.6048,1848.381108
2025-05-01 12:38:11,SELL,1848.422404,1849.345275,-0.0499,0.1268,0.2723,1846.437955
2025-05-01 12:38:11,BUY,1850.271121,1849.348883,0.0499,0.2039,0.1506,1850.954295
2025-05-01 12:38:11,BUY,1850.273631,1849.351709,0.0499,0.2263,0.1769,1850.996877
2025-05-01 12:38:11,BUY,1850.268005,1849.343083,0.0500,0.0172,0.8163,1894.170762
2025-05-01 12:38:47,BUY,1850.280745,1849.359494,0.0498,0.2737,0.8117,1853.024422
2025-05-01 12:38:59,BUY,1850.284976,1849.360092,0.0500,0.0211,0.8022,1885.536521
2025-05-01 12:39:23,BUY,1852.144905,1853.084264,-0.0507,130.0983,0.2996,1852.147038
2025-05-01 12:39:23,SELL,1850.862655,1850.493751,0.0199,90.2878,0.6915,1850.855568
2025-05-01 12:39:35,SELL,1849.143014,1850.019455,-0.0474,3.4149,0.1421,1849.104551
2025-05-01 12:39:35,SELL,1849.379892,1850.116642,-0.0398,13.1600,3.3274,1849.146093
2025-05-01 12:40:59,SELL,1849.094255,1850.019304,-0.0500,0.0053,0.1357,1825.331611
2025-05-01 12:41:11,BUY,1851.213697,1850.557705,0.0354,18.8193,6.9719,1851.556600
2025-05-01 12:41:23,BUY,1851.724337,1851.050519,0.0364,17.5815,0.1388,1851.731647
2025-05-01 12:41:23,SELL,1849.626809,1850.546465,-0.0497,22.8429,0.1651,1849.620125
2025-05-01 12:41:47,SELL,1850.618062,1851.542323,-0.0499,0.1059,0.5200,1846.072612
2025-05-01 12:41:47,BUY,1852.224035,1851.545360,0.0367,17.2578,7.3758,1852.619845
2025-05-01 12:42:11,BUY,1852.651376,1851.907797,0.0402,12.7446,4.0337,1852.944559
2025-05-01 12:42:35,SELL,1850.891430,1851.726886,-0.0451,6.3053,0.8085,1850.772764
2025-05-01 12:42:35,BUY,1852.674730,1851.769901,0.0489,1.5000,0.1843,1852.788561
2025-05-01 12:43:11,BUY,1852.739286,1851.855933,0.0477,3.0000,0.1954,1852.799616
2025-05-01 12:43:47,BUY,1852.885042,1852.061272,0.0445,7.1600,0.4853,1852.947834
2025-05-01 12:44:23,BUY,1853.884457,1853.854191,0.0016,62.5000,0.8541,1853.897124
2025-05-01 12:44:35,SELL,1852.456562,1852.912435,-0.0246,32.8088,11.9798,1852.118358
2025-05-01 12:44:47,SELL,1851.877618,1852.695612,-0.0442,7.5549,0.5404,1851.811391
2025-05-01 12:45:11,SELL,1851.765500,1852.691752,-0.0500,0.0100,0.2212,1831.368299
2025-05-01 12:45:11,SELL,1851.767473,1852.692040,-0.0499,0.1245,0.8565,1845.396584
2025-05-01 12:45:11,SELL,1851.765061,1852.691073,-0.0500,0.0236,0.2209,1843.118748
2025-05-01 12:45:47,SELL,1852.706844,1853.608017,-0.0486,1.7867,0.2404,1852.582213
2025-05-01 12:45:47,BUY,1854.102177,1853.659306,0.0239,33.7500,0.8910,1854.126652
2025-05-01 12:45:59,SELL,1852.471291,1853.187987,-0.0387,14.6329,5.0417,1852.152160
2025-05-01 12:46:11,SELL,1852.258098,1853.181394,-0.0498,0.2297,0.2545,1851.232033
2025-05-01 12:46:35,SELL,1851.907237,1852.485979,-0.0312,24.2304,0.2034,1851.899464
2025-05-01 12:46:35,SELL,1851.499710,1852.365870,-0.0468,4.1854,0.3701,1851.417849
2025-05-01 12:46:35,SELL,1851.432317,1852.351124,-0.0496,0.5139,0.8702,1849.864602
2025-05-01 12:46:59,SELL,1851.259795,1852.184548,-0.0499,0.0936,0.2431,1848.855530
2025-05-01 12:46:59,SELL,1851.343042,1852.187233,-0.0456,5.7113,4.6727,1850.585700
2025-05-01 12:46:59,SELL,1850.907869,1851.483092,-0.0311,24.4478,0.2117,1850.899856
2025-05-01 12:47:23,SELL,1849.923827,1850.847407,-0.0499,0.1287,0.2561,1848.083708
2025-05-01 12:47:23,SELL,1850.241485,1850.851100,-0.0329,22.0308,0.2248,1850.232045
2025-05-01 12:47:35,SELL,1849.767654,1850.538607,-0.0417,10.7660,2.7001,1849.535693
2025-05-01 12:47:35,SELL,1849.561540,1850.434962,-0.0472,3.6136,0.3901,1849.461699
2025-05-01 12:47:47,SELL,1849.377003,1850.169355,-0.0428,9.2611,1.9292,1849.184374
2025-05-01 12:47:59,SELL,1849.195377,1850.071597,-0.0474,3.4320,0.2249,1849.134787
2025-05-01 12:48:11,SELL,1849.064148,1849.906693,-0.0455,5.7944,0.4774,1848.987971
2025-05-01 12:48:35,SELL,1848.910742,1849.764629,-0.0462,4.9921,0.4094,1848.834919
2025-05-01 12:48:47,SELL,1848.830637,1849.746400,-0.0495,6.7056,0.2651,1848.794092
2025-05-01 12:48:47,SELL,1848.814157,1849.731654,-0.0496,0.5177,0.4216,1848.061346
2025-05-01 12:49:47,BUY,1850.692588,1849.802830,0.0481,2.5000,0.9106,1851.029637
2025-05-01 12:50:11,SELL,1848.877758,1849.802488,-0.0500,0.0120,0.5559,1806.055049
2025-05-01 12:50:23,BUY,1850.783089,1849.859399,0.0499,0.1198,0.4329,1854.126882
2025-05-01 12:50:23,SELL,1848.877296,1849.801907,-0.0500,3.3026,0.2402,1848.810055
2025-05-01 12:50:23,BUY,1850.730831,1849.809024,0.0498,0.2500,0.9019,1854.069344
2025-05-01 12:50:23,BUY,1850.735109,1849.810435,0.0500,0.0496,0.9019,1867.576477
2025-05-01 12:50:23,BUY,1850.779955,1849.855989,0.0499,0.1000,0.5690,1856.045363
2025-05-01 12:50:23,BUY,1850.757167,1849.853141,0.0489,1.5000,0.3030,1850.944087
2025-05-01 12:51:11,SELL,1848.934385,1849.859231,-0.0500,0.0060,0.5725,1760.718106
2025-05-01 12:52:11,SELL,1848.933582,1849.857803,-0.0500,0.0508,0.8970,1832.625378
2025-05-01 12:52:47,SELL,1848.931669,1849.855408,-0.0499,0.0853,0.9104,1839.066776
2025-05-01 12:53:35,BUY,1850.642865,1849.841580,0.0433,8.8394,0.2521,1850.669253
2025-05-01 12:53:35,SELL,1848.799594,1849.593515,-0.0429,9.3275,0.4019,1848.759767
2025-05-01 12:54:23,SELL,1848.895131,1849.791486,-0.0485,2.0340,0.2201,1848.795088
2025-05-01 12:54:23,BUY,1850.770474,1849.848596,0.0498,0.2500,0.2895,1851.842017
2025-05-01 12:54:35,SELL,1848.864640,1849.787592,-0.0499,0.1387,0.2548,1847.165825
2025-05-01 12:55:11,BUY,1850.949456,1850.159232,0.0427,18.3384,0.3797,1850.968619
2025-05-01 12:55:11,SELL,1848.862040,1849.786294,-0.0500,0.0462,0.8679,1831.503130
2025-05-01 12:55:35,SELL,1849.213915,1850.118744,-0.0489,1.4416,0.1982,1849.086791
2025-05-01 12:55:47,SELL,1849.210843,1850.133071,-0.0498,0.2023,0.8696,1845.236420
2025-05-01 12:55:47,BUY,1851.054275,1850.138752,0.0495,0.7129,0.8696,1852.183260
2025-05-01 12:56:11,BUY,1851.061845,1850.139555,0.0498,0.2310,0.3833,1852.597127
2025-05-01 12:57:35,SELL,1849.212258,1850.135097,-0.0499,0.1588,0.4436,1846.628715
2025-05-01 12:57:47,SELL,1849.201950,1850.118931,-0.0496,0.5757,0.2302,1848.832300
2025-05-01 12:57:59,SELL,1849.193460,1850.118108,-0.0500,3.8629,0.8535,1848.989168
2025-05-01 12:57:59,SELL,1849.192900,1850.117848,-0.0500,0.0092,0.8535,1763.840754
2025-05-01 12:58:23,SELL,1848.595982,1848.923829,-0.0177,42.5281,0.4946,1848.585233
2025-05-01 12:58:35,SELL,1847.990380,1848.905847,-0.0495,0.6406,0.6789,1847.011165
2025-05-01 12:58:35,SELL,1847.913232,1848.769458,-0.0463,4.8588,0.6788,1847.784148
2025-05-01 12:58:59,BUY,1849.737424,1848.855654,0.0477,3.0722,0.2277,1849.805985
2025-05-01 12:59:23,SELL,1847.927757,1848.848718,-0.0498,0.2471,1.1502,1843.626345
2025-05-01 12:59:47,BUY,1849.787642,1848.876778,0.0493,1.0001,0.3138,1850.077819
2025-05-01 12:59:59,BUY,1849.803921,1848.881252,0.0499,0.1594,0.1946,1850.932814
2025-05-01 13:00:11,SELL,1847.953969,1848.875564,-0.0498,0.2026,0.2145,1846.975565
2025-05-01 13:00:35,BUY,1849.895897,1849.066338,0.0449,6.7993,0.3708,1849.946339
2025-05-01 13:00:47,BUY,1849.991551,1849.066622,0.0500,0.0101,0.2078,1868.957475
2025-05-01 13:01:23,BUY,1850.219554,1849.298324,0.0498,0.2767,0.3752,1851.474044
2025-05-01 13:01:23,BUY,1850.103639,1849.290559,0.0440,7.9808,0.5417,1850.166424
2025-05-01 13:01:35,SELL,1848.370535,1849.292046,-0.0498,0.2236,1.1540,1843.601382
2025-05-01 13:01:47,SELL,1848.349600,1849.256429,-0.0490,1.2687,1.1617,1847.503359
2025-05-01 13:01:47,SELL,1848.113402,1848.819440,-0.0382,15.5665,0.2296,1848.099773
2025-05-01 13:01:59,BUY,1850.470856,1850.272881,0.0107,51.7630,0.2194,1850.474778
2025-05-01 13:01:59,SELL,1848.971547,1849.520916,-0.0297,26.7498,0.2193,1848.963967
2025-05-01 13:01:59,SELL,1848.420695,1849.169836,-0.0405,12.5052,0.2193,1848.404489
2025-05-01 13:02:23,BUY,1850.101901,1849.183865,0.0496,0.5000,1.0946,1852.126979
2025-05-01 13:02:35,SELL,1848.227914,1849.121117,-0.0483,2.2352,0.2766,1848.113564
2025-05-01 13:02:47,SELL,1847.892349,1848.512448,-0.0335,21.6835,9.2972,1847.496190
2025-05-01 13:02:47,SELL,1847.516718,1848.369432,-0.0461,5.0954,0.9201,1847.349914
2025-05-01 13:03:11,SELL,1847.186268,1847.850482,-0.0359,18.2578,2.8312,1847.043048
2025-05-01 13:03:23,SELL,1846.816177,1847.629618,-0.0440,7.7582,3.6453,1846.382307
2025-05-01 13:03:35,SELL,1846.616529,1847.450984,-0.0452,6.2752,0.2862,1846.574411
2025-05-01 13:03:47,SELL,1846.333297,1847.062886,-0.0395,13.6344,1.9741,1846.199634
2025-05-01 13:03:59,BUY,1847.929346,1847.010117,0.0498,0.3329,0.3110,1848.792401
2025-05-01 13:03:59,SELL,1846.026510,1846.837090,-0.0439,7.9332,10.0482,1844.857418
2025-05-01 13:03:59,BUY,1847.842787,1847.000646,0.0456,5.7493,0.2944,1847.890093
2025-05-01 13:04:11,SELL,1846.082866,1847.002624,-0.0498,0.2633,1.8101,1839.736199
2025-05-01 13:04:35,SELL,1846.970396,1847.858744,-0.0481,2.5009,0.2994,1846.859829
2025-05-01 13:04:35,BUY,1848.390421,1847.929943,0.0249,32.5925,0.2994,1848.398912
2025-05-01 13:05:11,SELL,1846.934715,1847.858569,-0.0500,0.0062,0.3100,1800.523595
2025-05-01 13:05:23,SELL,1846.934256,1847.857851,-0.0500,0.0252,0.9759,1811.193666
2025-05-01 13:05:47,SELL,1846.933129,1847.856266,-0.0500,0.9235,0.3168,1846.616292
2025-05-01 13:05:59,BUY,1849.311933,1848.914724,0.0215,37.5000,0.9799,1849.336094
2025-05-01 13:06:35,SELL,1847.989712,1848.913616,-0.0500,9.2399,0.9820,1847.891508
2025-05-01 13:06:47,BUY,1849.851897,1848.940326,0.0493,0.9520,0.9874,1850.811234
2025-05-01 13:06:47,SELL,1848.015476,1848.940284,-0.0500,0.0015,0.3474,1632.773354
2025-05-01 13:06:59,BUY,1847.371658,1848.402469,-0.0558,137.4566,1.1714,1847.379530
2025-05-01 13:06:59,SELL,1845.796448,1844.494472,0.0706,156.5480,0.4920,1845.793547
2025-05-01 13:07:11,BUY,1849.594446,1848.936866,0.0356,19.0479,8.6117,1850.012556
2025-05-01 13:07:47,SELL,1848.011555,1848.935198,-0.0500,0.0594,0.9982,1832.488008
2025-05-01 13:08:11,SELL,1847.881113,1848.675843,-0.0430,9.2394,0.9451,1847.786604
2025-05-01 13:08:35,BUY,1850.626535,1849.906155,0.0389,14.6043,0.3203,1850.646826
2025-05-01 13:08:35,BUY,1850.011037,1849.496311,0.0278,29.2412,0.3202,1850.021166
2025-05-01 13:08:35,SELL,1848.805726,1849.555043,-0.0405,12.5051,0.3202,1848.782056
2025-05-01 13:08:35,SELL,1848.629991,1849.554588,-0.0500,0.0162,0.9860,1792.375277
2025-05-01 13:08:47,SELL,1848.724717,1849.645649,-0.0498,0.2773,0.9986,1845.395938
2025-05-01 13:08:47,BUY,1850.528928,1849.652739,0.0474,3.4976,0.5327,1850.669851
2025-05-01 13:08:47,BUY,1850.578404,1849.653435,0.0500,0.0248,0.6657,1875.434499
2025-05-01 13:09:11,SELL,1847.781112,1848.575802,-0.0430,9.2389,0.9785,1847.683266
2025-05-01 13:09:11,SELL,1848.315728,1848.835136,-0.0281,28.8707,9.2556,1848.019455
2025-05-01 13:09:23,BUY,1849.644315,1848.863422,0.0422,10.2598,0.3511,1849.675961
2025-05-01 13:09:23,SELL,1847.651372,1848.575574,-0.0500,0.0081,0.3791,1804.514045
2025-05-01 13:09:35,SELL,1847.874169,1848.733717,-0.0465,4.6207,0.5114,1847.771907
2025-05-01 13:09:47,SELL,1847.809034,1848.733084,-0.0500,4.6195,0.9985,1847.609339
2025-05-01 13:10:35,BUY,1850.115978,1849.648869,0.0253,32.6373,1.0116,1850.144652
2025-05-01 13:10:59,SELL,1848.722471,1849.645733,-0.0499,0.1117,0.5244,1844.382639
2025-05-01 13:11:23,SELL,1848.656062,1849.515974,-0.0465,4.6216,1.0308,1848.449905
2025-05-01 13:11:35,BUY,1850.453835,1849.541241,0.0493,0.9004,0.3646,1850.828524
2025-05-01 13:11:47,SELL,1848.583986,1849.476240,-0.0482,2.3152,0.5334,1848.371023
2025-05-01 13:11:59,BUY,1850.402191,1849.477740,0.0500,0.0535,0.6860,1862.275045
2025-05-01 13:12:11,BUY,1850.442004,1849.555825,0.0479,2.7826,1.0323,1850.785248
2025-05-01 13:12:23,SELL,1848.630716,1849.555163,-0.0500,4.5291,1.0095,1848.424690
2025-05-01 13:12:47,SELL,1848.590001,1849.476248,-0.0479,2.7433,0.3741,1848.463971
2025-05-01 13:12:47,SELL,1848.629439,1849.553270,-0.0499,12.9404,1.0275,1848.556050
2025-05-01 13:12:59,SELL,1848.472957,1849.374303,-0.0487,1.6636,1.0281,1847.901779
2025-05-01 13:12:59,SELL,1848.523904,1849.421009,-0.0485,1.9675,1.0281,1848.040919
2025-05-01 13:13:11,BUY,1850.312034,1849.397339,0.0495,0.7456,1.0284,1851.588137
2025-05-01 13:13:11,BUY,1850.300510,1849.376416,0.0500,16.8702,0.5734,1850.331955
2025-05-01 13:13:59,SELL,1848.467947,1849.387949,-0.0497,0.3344,0.3500,1847.500842
2025-05-01 13:13:59,SELL,1848.451060,1849.363547,-0.0493,0.8692,1.0157,1847.370969
2025-05-01 13:14:11,BUY,1850.296464,1849.379083,0.0496,0.5536,0.6633,1851.404961
2025-05-01 13:14:47,BUY,1850.343187,1849.456949,0.0479,2.7749,0.9936,1850.674470
2025-05-01 13:14:47,SELL,1848.532079,1849.456818,-0.0500,0.0047,0.9936,1651.776755
2025-05-01 13:14:47,SELL,1848.461242,1849.315054,-0.0462,5.0495,0.3278,1848.401245
2025-05-01 13:14:59,BUY,1850.247193,1849.329085,0.0496,0.5000,0.3408,1850.877836
2025-05-01 13:15:11,SELL,1849.009380,1849.933137,-0.0499,0.0865,0.9968,1838.357436
2025-05-01 13:15:11,BUY,1850.557579,1849.935566,0.0336,21.6116,0.3308,1850.571742
2025-05-01 13:15:59,SELL,1849.000107,1849.917003,-0.0496,0.5746,0.3658,1848.411549
2025-05-01 13:16:11,SELL,1848.582187,1849.357176,-0.0419,10.6690,0.3238,1848.554137
2025-05-01 13:16:11,SELL,1848.870024,1849.656717,-0.0425,9.8447,0.3238,1848.839617
2025-05-01 13:16:11,SELL,1848.391605,1849.275352,-0.0478,2.9145,1.3224,1847.972281
2025-05-01 13:16:23,BUY,1850.154174,1849.229104,0.0500,0.0083,0.6208,1919.621615
2025-05-01 13:16:23,SELL,1848.278547,1849.177193,-0.0486,1.8491,0.6122,1847.972576
2025-05-01 13:16:23,SELL,1848.251646,1849.175276,-0.0499,0.0683,0.6684,1839.205493
2025-05-01 13:16:23,SELL,1848.308723,1849.228872,-0.0498,0.3183,0.3356,1847.334225
2025-05-01 13:16:35,SELL,1848.248437,1849.170772,-0.0499,0.1604,0.6956,1844.241692
2025-05-01 13:17:11,SELL,1847.354133,1848.278139,-0.0500,0.0139,0.6748,1802.364161
2025-05-01 13:17:11,SELL,1847.800448,1848.278534,-0.0259,31.7707,0.3521,1847.790207
2025-05-01 13:17:23,SELL,1847.325982,1848.219696,-0.0484,2.1362,0.4261,1847.141736
2025-05-01 13:17:23,BUY,1849.203940,1848.280519,0.0500,0.0836,0.7349,1857.330254
2025-05-01 13:17:35,SELL,1846.334706,1846.297511,0.0020,67.5304,0.4089,1846.329117
2025-05-01 13:17:47,SELL,1845.374300,1846.297399,-0.0500,0.0040,0.4083,1750.007782
2025-05-01 13:17:47,SELL,1845.374010,1846.297071,-0.0500,0.0115,0.7074,1788.624372
2025-05-01 13:17:59,SELL,1844.952886,1845.870491,-0.0497,0.3750,0.6617,1843.325209
2025-05-01 13:17:59,SELL,1845.166059,1845.881158,-0.0387,14.6198,0.7642,1845.117834
2025-05-01 13:18:47,SELL,1847.681929,1847.810537,-0.0070,56.2800,0.7569,1847.669504
2025-05-01 13:18:47,BUY,1848.816869,1847.896137,0.0498,0.2584,0.3883,1850.205994
2025-05-01 13:18:47,BUY,1848.774048,1847.888784,0.0479,2.7499,1.0203,1849.117017
2025-05-01 13:18:47,BUY,1848.562726,1849.397372,-0.0451,124.5115,0.6685,1848.567688
2025-05-01 13:18:59,BUY,1848.836879,1847.928784,0.0491,1.1473,1.0645,1849.694565
2025-05-01 13:18:59,BUY,1848.660545,1847.736924,0.0500,0.0499,0.4158,1856.366830
2025-05-01 13:18:59,SELL,1846.908226,1847.735505,-0.0448,6.7891,2.3704,1846.585797
2025-05-01 13:19:11,BUY,1848.642840,1847.719230,0.0500,0.0500,0.7266,1862.074947
2025-05-01 13:19:11,SELL,1846.803501,1847.717807,-0.0495,0.6715,0.8171,1845.679861
2025-05-01 13:19:11,SELL,1846.691836,1847.607164,-0.0495,0.5958,0.3943,1846.080780
2025-05-01 13:19:11,SELL,1846.747841,1847.624125,-0.0474,3.3408,0.4199,1846.631776
2025-05-01 13:19:47,SELL,1846.673813,1847.588060,-0.0495,0.6711,0.4379,1846.071329
2025-05-01 13:20:23,SELL,1846.496471,1847.414555,-0.0497,0.3954,0.3673,1845.638770
2025-05-01 13:20:23,SELL,1846.587629,1847.434712,-0.0459,5.3870,1.3783,1846.351393
2025-05-01 13:20:23,SELL,1846.506545,1847.425810,-0.0498,0.3127,0.7100,1844.410388
2025-05-01 13:20:47,SELL,1846.484990,1847.402835,-0.0497,0.4117,0.9904,1844.264340
2025-05-01 13:20:59,BUY,1848.327199,1847.403158,0.0500,0.0114,0.3391,1875.890752
2025-05-01 13:21:23,BUY,1848.593842,1847.935971,0.0356,18.7257,3.3468,1848.759041
2025-05-01 13:21:47,BUY,1848.983385,1848.066008,0.0496,0.5000,0.3614,1849.651599
2025-05-01 13:21:47,BUY,1848.882943,1847.981031,0.0488,1.5835,0.5369,1849.196385
2025-05-01 13:21:47,SELL,1847.056869,1847.980689,-0.0500,0.0120,0.4493,1812.498672
2025-05-01 13:21:47,BUY,1848.940704,1848.051779,0.0481,2.4982,0.6186,1849.169614
2025-05-01 13:22:47,SELL,1846.458898,1846.699424,-0.0130,48.0084,0.6121,1846.447127
2025-05-01 13:22:47,BUY,1847.985357,1847.423375,0.0304,25.4475,0.3436,1847.997834
2025-05-01 13:22:59,BUY,1848.748318,1848.224599,0.0283,28.1579,0.3650,1848.760301
2025-05-01 13:22:59,SELL,1847.230184,1848.083927,-0.0462,4.9408,1.0303,1847.037583
2025-05-01 13:23:11,BUY,1849.594648,1849.253360,0.0185,41.5684,31.9898,1850.306346
2025-05-01 13:23:11,BUY,1850.248641,1849.393675,0.0462,5.0005,0.5917,1850.358116
2025-05-01 13:23:23,BUY,1850.392536,1849.541008,0.0460,5.2503,0.3715,1850.457998
2025-05-01 13:23:35,SELL,1848.614940,1849.538413,-0.0499,0.0924,1.0218,1838.397127
2025-05-01 13:23:47,SELL,1848.260134,1848.831108,-0.0309,25.1948,17.5386,1847.616828
2025-05-01 13:23:47,BUY,1849.794972,1848.909043,0.0479,2.7778,1.0349,1850.139547
2025-05-01 13:23:47,SELL,1847.818791,1848.577297,-0.0410,11.8191,0.7019,1847.763920
2025-05-01 13:23:59,SELL,1847.231868,1847.766480,-0.0289,27.3988,6.8362,1847.001419
2025-05-01 13:23:59,SELL,1847.625929,1848.543140,-0.0496,0.5034,0.3931,1846.904513
2025-05-01 13:23:59,SELL,1847.642999,1848.557269,-0.0495,0.7136,0.3931,1847.134069
2025-05-01 13:24:11,SELL,1846.838388,1847.758058,-0.0498,0.2958,0.3943,1845.607593
2025-05-01 13:24:23,BUY,1848.905150,1848.203363,0.0380,15.6498,2.5728,1849.057126
2025-05-01 13:24:35,BUY,1849.136141,1848.219781,0.0496,0.5769,0.3755,1849.737940
2025-05-01 13:24:35,BUY,1849.145781,1848.222627,0.0499,0.1000,0.3755,1852.616919
2025-05-01 13:24:35,BUY,1849.192793,1848.313705,0.0476,3.2029,0.4464,1849.321649
2025-05-01 13:24:47,BUY,1849.253345,1848.363807,0.0481,2.5000,1.0731,1849.650249
2025-05-01 13:24:47,BUY,1849.293470,1848.373837,0.0498,0.3575,0.7404,1851.208392
2025-05-01 13:24:47,SELL,1847.379452,1848.293454,-0.0495,0.7136,0.4077,1846.851674
2025-05-01 13:24:47,BUY,1849.456101,1848.688922,0.0415,11.2318,0.4244,1849.491046
2025-05-01 13:25:11,BUY,1849.602934,1848.678834,0.0500,0.0500,1.0466,1868.961548
2025-05-01 13:25:11,SELL,1847.758835,1848.677431,-0.0497,0.4094,0.3811,1846.898745
2025-05-01 13:25:11,BUY,1849.770856,1848.861816,0.0492,1.1296,0.3811,1850.082922
2025-05-01 13:25:11,BUY,1849.679317,1848.830124,0.0459,5.3927,0.3978,1849.747537
2025-05-01 13:25:23,SELL,1847.928802,1848.844642,-0.0495,0.6118,0.6786,1846.903947
2025-05-01 13:25:47,SELL,1847.919761,1848.840619,-0.0498,0.2542,0.5242,1846.014239
2025-05-01 13:25:47,BUY,1849.771090,1848.847754,0.0499,0.1109,1.0234,1858.305255
2025-05-01 13:25:59,SELL,1847.913740,1848.835707,-0.0499,0.1750,0.4889,1845.332548
2025-05-01 13:26:23,BUY,1849.770045,1848.854612,0.0495,0.6738,0.4763,1850.423777
2025-05-01 13:26:47,SELL,1847.884310,1848.762819,-0.0475,3.2702,0.3767,1847.777886
2025-05-01 13:26:59,BUY,1849.693315,1848.774116,0.0497,0.4027,1.0436,1852.090241
2025-05-01 13:27:23,SELL,1847.849486,1848.773631,-0.0500,3.6821,0.7010,1847.673581
2025-05-01 13:27:59,SELL,1847.848995,1848.773174,-0.0500,0.0163,0.3867,1825.906197
2025-05-01 13:28:11,BUY,1849.698138,1848.773363,0.0500,0.0067,0.3557,1898.568784
2025-05-01 13:28:47,SELL,1847.848646,1848.772702,-0.0500,5.0125,0.9990,1847.664506
2025-05-01 13:28:59,SELL,1847.563761,1848.487529,-0.0500,0.0340,0.6691,1829.358849
2025-05-01 13:28:59,SELL,1847.706271,1848.488482,-0.0423,10.1262,0.3739,1847.672162
2025-05-01 13:29:23,BUY,1850.124012,1849.910644,0.0115,50.7203,0.3465,1850.130332
2025-05-01 13:29:35,BUY,1850.871158,1849.980802,0.0481,2.5000,0.3087,1850.985431
2025-05-01 13:29:35,BUY,1851.533634,1850.682614,0.0460,5.2858,0.3072,1851.587441
2025-05-01 13:29:35,BUY,1851.182078,1850.533124,0.0351,19.5790,0.3072,1851.196601
2025-05-01 13:29:59,SELL,1849.858869,1850.783873,-0.0500,0.0274,0.3214,1839.016046
2025-05-01 13:29:59,BUY,1851.659460,1850.784649,0.0473,3.6077,0.3244,1851.742701
2025-05-01 13:30:23,SELL,1849.312091,1849.692722,-0.0206,38.6913,0.3438,1849.303876
2025-05-01 13:30:47,SELL,1847.714177,1847.578022,0.0074,74.9710,0.4854,1847.708195
2025-05-01 13:30:47,BUY,1849.148720,1848.865953,0.0153,45.5428,0.3537,1849.155900
2025-05-01 13:30:59,BUY,1850.635041,1849.709626,0.0500,0.0028,0.3532,1966.704586
2025-05-01 13:30:59,BUY,1850.212808,1849.709547,0.0272,30.0653,0.3532,1850.223676
2025-05-01 13:31:11,BUY,1851.797394,1850.937731,0.0464,4.6837,1.0188,1851.998806
2025-05-01 13:31:11,BUY,1851.181954,1850.805262,0.0204,38.8645,14.6574,1851.531033
2025-05-01 13:31:23,SELL,1849.578274,1850.070022,-0.0266,30.6906,23.3905,1848.873455
2025-05-01 13:31:23,SELL,1848.960331,1849.700544,-0.0400,13.1593,0.6847,1848.912230
2025-05-01 13:31:35,SELL,1848.350760,1848.850349,-0.0270,30.2854,10.4018,1848.033343
2025-05-01 13:31:35,BUY,1849.775885,1848.851627,0.0500,0.0456,0.3355,1856.587660
2025-05-01 13:31:59,SELL,1847.777573,1848.552234,-0.0419,10.6666,0.3448,1847.747711
2025-05-01 13:31:59,SELL,1847.563170,1848.422596,-0.0465,4.6189,0.6654,1847.430083
2025-05-01 13:32:23,BUY,1850.405866,1849.481793,0.0500,0.0814,1.0134,1861.931497
2025-05-01 13:32:23,BUY,1849.875916,1849.479511,0.0214,37.6713,0.3476,1849.884451
2025-05-01 13:32:35,BUY,1850.407695,1849.483189,0.0500,0.0498,0.9918,1868.852533
2025-05-01 13:32:47,BUY,1849.479800,1848.576083,0.0489,1.4988,0.6322,1849.869867
2025-05-01 13:32:47,SELL,1848.084048,1848.534037,-0.0243,33.8129,0.3293,1848.075050
2025-05-01 13:33:11,BUY,1849.931369,1849.436825,0.0267,30.6787,26.5241,1850.731073
2025-05-01 13:33:11,BUY,1850.474359,1849.661426,0.0440,8.0041,0.6750,1850.552387
2025-05-01 13:33:47,SELL,1847.960305,1848.105872,-0.0079,55.3142,0.3708,1847.954111
2025-05-01 13:33:59,SELL,1847.181746,1848.105727,-0.0500,0.0051,0.6999,1720.427297
2025-05-01 13:34:23,SELL,1845.715273,1845.172796,0.0294,103.0714,0.3654,1845.712001
2025-05-01 13:34:35,SELL,1843.312052,1843.296043,0.0009,66.0092,0.3304,1843.307438
2025-05-01 13:34:35,BUY,1844.291934,1843.443536,0.0460,5.1916,0.3305,1844.350632
2025-05-01 13:34:47,BUY,1841.787371,1840.982053,0.0437,8.1671,8.6025,1842.757363
2025-05-01 13:34:47,BUY,1842.019265,1841.214464,0.0437,8.1870,0.3037,1842.053428
2025-05-01 13:34:47,SELL,1840.218421,1841.063519,-0.0459,5.3145,0.3037,1840.165849
2025-05-01 13:34:47,SELL,1841.175324,1840.751102,0.0230,94.7984,0.3036,1841.172376
2025-05-01 13:34:59,SELL,1838.808560,1838.395334,0.0225,94.4350,95.6545,1837.877282
2025-05-01 13:34:59,BUY,1839.456128,1838.677476,0.0423,10.0026,0.5069,1839.502738
2025-05-01 13:35:11,SELL,1836.970958,1837.744828,-0.0421,10.2836,0.2586,1836.947861
2025-05-01 13:35:11,BUY,1838.207663,1837.658954,0.0299,26.2719,0.2586,1838.216709
2025-05-01 13:35:11,BUY,1838.948799,1838.399771,0.0299,26.2674,0.2587,1838.957855
2025-05-01 13:35:11,BUY,1839.319669,1838.400197,0.0500,0.0151,0.2587,1855.060136
2025-05-01 13:35:11,BUY,1839.343068,1838.446596,0.0488,1.6450,4.5715,1841.898826
2025-05-01 13:35:11,BUY,1839.405618,1838.525234,0.0479,2.7879,3.9863,1840.720651
2025-05-01 13:35:11,SELL,1837.253416,1837.819838,-0.0308,24.9979,0.2586,1837.243912
2025-05-01 13:35:11,SELL,1836.878725,1836.918335,-0.0022,62.3534,70.4179,1835.841498
2025-05-01 13:35:11,BUY,1838.846834,1838.034989,0.0442,7.6289,2.2696,1839.120364
2025-05-01 13:35:23,BUY,1837.397439,1836.745959,0.0355,18.9663,0.2553,1837.409805
2025-05-01 13:35:23,BUY,1837.931964,1837.280090,0.0355,18.9535,0.2554,1837.944346
2025-05-01 13:35:23,BUY,1838.199358,1837.280389,0.0500,0.0106,0.2554,1860.334677
2025-05-01 13:35:23,BUY,1838.203638,1837.288679,0.0498,0.2940,0.2815,1839.083607
2025-05-01 13:35:23,SELL,1836.059458,1836.211560,-0.0083,54.3733,0.2552,1836.055149
2025-05-01 13:35:35,BUY,1838.277513,1837.428072,0.0462,4.9434,0.3294,1838.338755
2025-05-01 13:35:47,SELL,1835.222401,1834.853660,0.0201,91.3186,23.0611,1834.990673
2025-05-01 13:35:59,BUY,1834.490764,1833.574442,0.0500,0.0663,0.4166,1840.255219
2025-05-01 13:35:59,BUY,1834.422143,1833.565559,0.0467,4.3049,0.3143,1834.489100
2025-05-01 13:35:59,BUY,1834.584013,1833.727595,0.0467,4.3223,1.0794,1834.813079
2025-05-01 13:35:59,BUY,1834.507400,1833.605848,0.0492,1.1150,0.3143,1834.765928
2025-05-01 13:35:59,BUY,1834.486311,1833.572575,0.0498,0.2491,1.3881,1839.597682
2025-05-01 13:35:59,SELL,1833.231774,1833.444307,-0.0116,50.0034,21.8731,1832.830817
2025-05-01 13:36:11,BUY,1831.459206,1830.566953,0.0487,1.6688,0.3525,1831.652655
2025-05-01 13:36:11,BUY,1831.495269,1830.592089,0.0493,0.8934,0.3525,1831.856635
2025-05-01 13:36:11,BUY,1831.508872,1830.594137,0.0500,0.0728,0.3525,1835.943889
2025-05-01 13:36:11,BUY,1831.534858,1830.644045,0.0487,1.7737,0.3525,1831.716874
2025-05-01 13:36:11,BUY,1831.571229,1830.666841,0.0494,0.8102,0.3525,1831.969721
2025-05-01 13:36:11,BUY,1831.586789,1830.675148,0.0498,0.2952,0.3525,1832.680367
2025-05-01 13:36:11,BUY,1831.599236,1830.691724,0.0496,0.5891,0.3526,1832.147308
2025-05-01 13:36:11,BUY,1831.609313,1830.695289,0.0499,0.1267,0.3526,1834.157885
2025-05-01 13:36:11,BUY,1831.614731,1830.702558,0.0498,0.2584,0.3526,1832.864446
2025-05-01 13:36:11,BUY,1831.618488,1830.702743,0.0500,0.0066,0.3526,1880.755730
2025-05-01 13:36:11,SELL,1831.206940,1830.520000,0.0375,113.8777,0.3525,1831.204106
2025-05-01 13:36:23,BUY,1832.063909,1831.166837,0.0490,1.3476,1.5700,1833.131120
2025-05-01 13:36:23,BUY,1831.684684,1830.834943,0.0464,4.6982,0.3471,1831.752337
2025-05-01 13:36:23,BUY,1831.832411,1830.998050,0.0456,5.7964,0.3471,1831.887256
2025-05-01 13:36:23,BUY,1831.928683,1831.027387,0.0492,1.0426,0.3471,1832.233627
2025-05-01 13:36:23,BUY,1831.967261,1831.075168,0.0487,1.6979,0.3471,1832.154510
2025-05-01 13:36:23,BUY,1832.002028,1831.096885,0.0494,0.7717,0.3471,1832.414014
2025-05-01 13:36:23,BUY,1832.021717,1831.114526,0.0495,0.6269,0.3471,1832.528912
2025-05-01 13:36:23,BUY,1832.031872,1831.117184,0.0500,0.0944,0.3471,1835.398480
2025-05-01 13:36:23,BUY,1832.034800,1831.120379,0.0499,0.1135,0.3471,1834.834948
2025-05-01 13:36:23,BUY,1832.039446,1831.126472,0.0499,0.2165,0.3471,1833.508057
2025-05-01 13:36:23,BUY,1832.043717,1831.128915,0.0500,0.0868,0.3471,1835.706177
2025-05-01 13:36:23,BUY,1832.107363,1831.215780,0.0487,1.7392,0.3471,1832.290200
2025-05-01 13:36:23,BUY,1832.132766,1831.217599,0.0500,0.0646,0.3471,1837.053638
2025-05-01 13:36:35,BUY,1832.867578,1831.954505,0.0498,0.2389,0.3899,1834.363141
2025-05-01 13:36:35,BUY,1832.876739,1831.964156,0.0498,0.2741,0.4064,1834.235668
2025-05-01 13:36:35,BUY,1832.863260,1831.947778,0.0500,0.0682,0.4988,1839.567508
2025-05-01 13:36:35,BUY,1832.497924,1831.945858,0.0301,25.8740,20.9043,1833.238184
2025-05-01 13:36:35,BUY,1832.871909,1831.956440,0.0500,0.0687,0.3899,1838.071710
2025-05-01 13:36:47,BUY,1834.346329,1834.895323,-0.0299,104.0691,0.4393,1834.350201
2025-05-01 13:36:59,BUY,1836.725423,1836.719084,0.0003,64.7304,0.3981,1836.731071
2025-05-01 13:36:59,SELL,1835.797647,1836.712931,-0.0498,0.2183,2.2698,1826.251321
2025-05-01 13:37:11,SELL,1835.720012,1836.563734,-0.0459,5.2922,1.8843,1835.393206
2025-05-01 13:37:11,BUY,1837.483031,1836.564844,0.0500,0.0394,1.6467,1875.880829
2025-05-01 13:37:23,BUY,1838.016401,1837.630224,0.0210,37.7979,33.4157,1838.828862
2025-05-01 13:37:23,BUY,1838.652746,1837.836621,0.0444,7.3189,0.7341,1838.744961
2025-05-01 13:37:35,SELL,1836.760042,1837.521155,-0.0414,11.1810,0.7844,1836.695616
2025-05-01 13:37:35,BUY,1838.475642,1837.591653,0.0481,2.5000,0.4536,1838.642438
2025-05-01 13:37:47,SELL,1836.665354,1837.576641,-0.0496,0.5321,0.5425,1835.728983
2025-05-01 13:38:11,BUY,1838.522148,1837.629131,0.0486,1.8614,1.1174,1839.073980
2025-05-01 13:38:47,BUY,1838.399081,1837.480735,0.0500,0.0612,0.4951,1845.838342
2025-05-01 13:38:47,SELL,1836.637627,1837.483683,-0.0460,5.1553,0.9904,1836.461205
2025-05-01 13:38:47,SELL,1836.562602,1837.479010,-0.0499,0.1656,0.6987,1832.688816
2025-05-01 13:38:59,SELL,1836.159231,1836.674979,-0.0281,28.5738,7.6264,1835.914194
2025-05-01 13:39:11,SELL,1834.554459,1834.269929,0.0155,85.3197,0.4787,1834.549312
2025-05-01 13:39:23,SELL,1832.876496,1833.316979,-0.0240,33.8136,0.4367,1832.864661
2025-05-01 13:39:35,BUY,1834.270971,1833.390692,0.0480,2.6171,1.0712,1834.646364
2025-05-01 13:39:35,SELL,1832.472299,1833.387307,-0.0499,0.1201,0.7412,1826.817453
2025-05-01 13:39:59,SELL,1832.469575,1833.385242,-0.0499,0.0733,16.9810,1620.207184
2025-05-01 13:39:59,SELL,1830.584719,1829.617869,0.0528,133.7802,0.6770,1830.580087
2025-05-01 13:39:59,BUY,1831.803816,1832.158932,-0.0194,90.3001,0.8825,1831.812767
2025-05-01 13:40:23,BUY,1833.888724,1833.784986,0.0057,57.7390,0.4731,1833.896236
2025-05-01 13:40:35,SELL,1831.197077,1832.113098,-0.0500,0.0025,1.1240,1420.656197
2025-05-01 13:40:35,SELL,1831.978757,1832.005854,-0.0015,63.1444,66.8046,1831.009671
2025-05-01 13:40:35,SELL,1831.671133,1832.113169,-0.0241,33.6716,0.7942,1831.649532
2025-05-01 13:40:35,BUY,1833.450480,1833.061808,0.0212,37.5000,0.4647,1833.461839
2025-05-01 13:40:47,BUY,1833.469787,1832.993112,0.0260,31.2517,0.4539,1833.483103
2025-05-01 13:40:59,BUY,1833.965054,1833.103033,0.0470,3.9031,1.0977,1834.222951
2025-05-01 13:41:23,SELL,1831.398318,1831.526305,-0.0070,55.9715,0.4386,1831.391142
2025-05-01 13:41:35,BUY,1832.639740,1831.920580,0.0393,14.0069,0.4198,1832.667204
2025-05-01 13:41:47,BUY,1832.842827,1831.932231,0.0497,0.4138,1.0823,1835.239640
2025-05-01 13:42:11,BUY,1832.850934,1831.936779,0.0499,0.1615,0.4684,1835.508274
2025-05-01 13:42:35,BUY,1833.131794,1832.493720,0.0348,19.7803,0.5759,1833.158480
2025-05-01 13:42:59,BUY,1833.294423,1832.412303,0.0481,2.4524,1.0798,1833.698040
2025-05-01 13:42:59,BUY,1833.114486,1832.199741,0.0499,0.1288,0.7499,1838.449206
2025-05-01 13:42:59,SELL,1831.388052,1832.196113,-0.0441,7.6742,0.7499,1831.298572
2025-05-01 13:42:59,SELL,1831.502274,1832.343249,-0.0459,5.3411,2.3595,1831.097735
2025-05-01 13:43:11,SELL,1830.152314,1829.936743,0.0118,80.3735,0.4343,1830.147369
2025-05-01 13:43:23,SELL,1827.686414,1827.265830,0.0230,94.9407,0.4006,1827.682558
2025-05-01 13:43:47,SELL,1827.211053,1828.106224,-0.0490,1.3431,0.6958,1826.737729
2025-05-01 13:43:47,BUY,1828.706982,1828.144007,0.0308,25.0000,0.3668,1828.720397
2025-05-01 13:43:47,BUY,1828.186351,1827.278681,0.0497,0.4573,0.3666,1828.919174
2025-05-01 13:43:47,BUY,1828.213838,1827.320781,0.0489,1.4981,0.3666,1828.437545
2025-05-01 13:43:47,BUY,1828.244383,1827.339740,0.0495,0.6747,0.3666,1828.741136
2025-05-01 13:43:47,BUY,1828.282018,1827.396013,0.0485,2.0024,0.3666,1828.449397
2025-05-01 13:43:47,BUY,1828.322689,1827.421041,0.0493,0.8906,0.3666,1828.699040
2025-05-01 13:43:47,BUY,1828.342012,1827.434641,0.0497,0.4839,0.3666,1829.034648
2025-05-01 13:43:47,BUY,1828.352166,1827.441332,0.0498,0.2381,0.3666,1829.759955
2025-05-01 13:43:47,SELL,1827.127287,1827.976397,-0.0465,4.6163,0.3977,1827.048587
2025-05-01 13:43:59,BUY,1829.729564,1829.653416,0.0042,59.6337,0.4129,1829.735899
2025-05-01 13:44:11,BUY,1831.242098,1830.327551,0.0500,0.0765,0.4065,1836.105257
2025-05-01 13:44:11,BUY,1831.182906,1830.881423,0.0165,43.6481,0.3736,1831.190743
2025-05-01 13:44:11,SELL,1829.688088,1830.325398,-0.0348,19.7515,1.0324,1829.640268
2025-05-01 13:44:23,BUY,1831.362668,1830.448088,0.0500,0.0783,0.4202,1836.279626
2025-05-01 13:44:23,SELL,1829.530670,1830.445886,-0.0500,0.0005,0.6523,703.742609
2025-05-01 13:44:23,BUY,1831.302376,1830.445901,0.0468,4.2065,0.8249,1831.481937
2025-05-01 13:44:35,BUY,1832.220714,1832.161597,0.0032,60.8836,45.9467,1832.912071
2025-05-01 13:44:47,BUY,1833.213484,1832.432166,0.0426,9.6093,2.3631,1833.438892
2025-05-01 13:44:59,BUY,1833.883740,1833.501585,0.0208,37.9737,23.6641,1834.455152
2025-05-01 13:45:11,SELL,1832.548483,1833.428847,-0.0480,2.5812,1.1353,1832.145462
2025-05-01 13:45:11,BUY,1834.417347,1833.571434,0.0461,5.0623,0.7249,1834.548683
2025-05-01 13:45:23,BUY,1834.745070,1834.089600,0.0357,18.5940,0.8390,1834.786462
2025-05-01 13:45:23,SELL,1832.651849,1833.565833,-0.0498,0.8247,0.6486,1831.931219
2025-05-01 13:45:47,BUY,1835.011260,1834.097910,0.0498,0.2950,1.1317,1838.531202
2025-05-01 13:45:47,SELL,1833.177023,1834.090230,-0.0498,0.2725,0.6730,1830.913291
2025-05-01 13:45:59,SELL,1832.349547,1832.442499,-0.0051,58.4749,28.1724,1831.908147
2025-05-01 13:46:11,SELL,1831.029397,1831.448426,-0.0229,35.2931,15.9470,1830.615727
2025-05-01 13:46:23,SELL,1830.152726,1830.688172,-0.0292,27.0028,8.2815,1829.872082
2025-05-01 13:46:35,SELL,1831.024412,1831.916109,-0.0487,1.7235,1.1575,1830.409550
2025-05-01 13:46:35,BUY,1832.242402,1831.964657,0.0152,45.3560,0.4980,1832.252462
2025-05-01 13:46:59,BUY,1833.404277,1833.059220,0.0188,40.5957,43.3119,1834.382315
2025-05-01 13:46:59,SELL,1832.136005,1833.049459,-0.0498,0.2182,0.4926,1830.067485
2025-05-01 13:46:59,SELL,1832.140879,1833.055606,-0.0499,0.1282,0.6775,1827.301302
2025-05-01 13:47:11,BUY,1834.498377,1834.112949,0.0210,37.7570,25.0439,1835.106780
2025-05-01 13:47:11,BUY,1835.031283,1834.114559,0.0500,0.0571,0.6894,1846.102720
2025-05-01 13:47:23,BUY,1835.533885,1835.117815,0.0227,35.6085,14.2883,1835.902149
2025-05-01 13:47:23,SELL,1834.193201,1835.103701,-0.0496,0.5006,1.1440,1832.097508
2025-05-01 13:47:35,BUY,1836.428036,1835.915946,0.0279,28.8299,5.4485,1836.601567
2025-05-01 13:47:47,BUY,1837.028924,1836.304894,0.0394,13.8055,1.1527,1837.105618
2025-05-01 13:48:23,BUY,1837.582916,1837.023425,0.0305,25.5000,1.1425,1837.624080
2025-05-01 13:48:35,SELL,1835.857528,1836.775668,-0.0500,0.0176,0.7822,1794.971624
2025-05-01 13:48:35,SELL,1836.083481,1836.992385,-0.0495,0.6808,0.6920,1835.150375
2025-05-01 13:48:35,SELL,1835.965829,1836.776164,-0.0441,7.6692,0.7822,1835.872206
2025-05-01 13:48:35,SELL,1836.098994,1837.011580,-0.0497,0.4201,0.4683,1835.075788
2025-05-01 13:48:47,SELL,1835.853108,1836.770218,-0.0499,0.0905,0.7249,1828.502391
2025-05-01 13:48:47,SELL,1835.855826,1836.772770,-0.0499,0.1028,0.4973,1831.416090
2025-05-01 13:49:11,BUY,1837.763954,1836.919929,0.0459,5.3129,7.7643,1839.106820
2025-05-01 13:49:11,SELL,1835.928612,1836.832325,-0.0492,1.0436,0.7709,1835.250503
2025-05-01 13:49:11,SELL,1835.972392,1836.861747,-0.0484,2.0637,0.4698,1835.763430
2025-05-01 13:49:11,SELL,1835.913518,1836.831605,-0.0500,0.0255,0.4734,1818.901430
2025-05-01 13:49:23,SELL,1835.911599,1836.828424,-0.0499,19.3669,0.7229,1835.877337
2025-05-01 13:49:47,SELL,1835.811044,1836.630399,-0.0446,7.0241,0.4603,1835.750890
2025-05-01 13:49:59,BUY,1837.563268,1836.658573,0.0493,0.9999,1.1707,1838.639050
2025-05-01 13:49:59,SELL,1835.740184,1836.658454,-0.0500,0.0042,0.7303,1676.713082
2025-05-01 13:50:11,SELL,1834.392109,1835.181136,-0.0430,9.1248,0.8439,1834.307285
2025-05-01 13:50:11,SELL,1835.130298,1835.438392,-0.0168,43.2845,11.2872,1834.891026
2025-05-01 13:50:35,SELL,1833.739971,1834.133613,-0.0215,37.1606,0.5084,1833.727427
2025-05-01 13:50:35,SELL,1833.188136,1834.076765,-0.0485,2.0170,0.5654,1832.931187
2025-05-01 13:50:35,BUY,1835.201578,1834.491213,0.0387,14.7113,0.5085,1835.233296
2025-05-01 13:50:59,BUY,1836.206943,1835.321247,0.0483,2.3000,1.2651,1836.711924
2025-05-01 13:50:59,BUY,1836.294430,1835.389470,0.0493,0.9359,1.1571,1837.429560
2025-05-01 13:50:59,BUY,1835.791679,1835.256433,0.0292,27.1580,8.2383,1836.070121
2025-05-01 13:50:59,BUY,1836.260301,1835.363095,0.0489,1.4850,1.1571,1836.975690
2025-05-01 13:50:59,BUY,1836.312461,1835.399140,0.0498,0.3432,1.1571,1839.408530
2025-05-01 13:51:11,BUY,1836.675733,1835.803044,0.0475,3.2408,0.5815,1836.840511
2025-05-01 13:51:11,BUY,1836.473677,1835.711747,0.0415,11.0972,5.2227,1836.905829
2025-05-01 13:51:23,BUY,1836.895945,1836.151967,0.0405,12.3853,1.8299,1837.031648
2025-05-01 13:51:23,BUY,1837.219744,1836.450313,0.0419,10.5891,0.5391,1837.266509
2025-05-01 13:51:35,SELL,1835.130464,1835.646751,-0.0281,28.5082,0.4765,1835.115129
2025-05-01 13:51:47,SELL,1833.902080,1833.992511,-0.0049,58.6849,43.4443,1833.223262
2025-05-01 13:51:59,SELL,1833.075179,1833.991920,-0.0500,0.0210,0.6640,1804.087522
2025-05-01 13:52:11,BUY,1834.978786,1834.130675,0.0462,4.9256,0.4892,1835.069905
2025-05-01 13:52:23,BUY,1835.362031,1834.758078,0.0329,22.2694,1.7513,1835.434198
2025-05-01 13:52:59,BUY,1835.864152,1835.134380,0.0398,13.3549,1.9721,1835.999701
2025-05-01 13:53:11,BUY,1836.074113,1835.177771,0.0488,1.5399,0.8412,1836.575636
2025-05-01 13:53:47,SELL,1833.738287,1834.133607,-0.0216,37.0415,25.8262,1833.099024
2025-05-01 13:53:59,SELL,1832.756219,1833.569134,-0.0443,7.3753,0.6743,1832.672434
2025-05-01 13:53:59,SELL,1833.137723,1833.975897,-0.0457,5.5956,0.9582,1832.980770
2025-05-01 13:53:59,SELL,1832.959499,1833.776982,-0.0446,7.0580,0.8094,1832.854400
2025-05-01 13:53:59,SELL,1832.647970,1833.560371,-0.0498,0.3110,0.8093,1830.263283
2025-05-01 13:54:11,SELL,1832.454400,1833.181820,-0.0397,13.4336,4.0618,1832.177367
2025-05-01 13:54:11,SELL,1832.158620,1833.075268,-0.0500,0.0005,0.8478,184.861244
2025-05-01 13:54:11,SELL,1832.211986,1833.075282,-0.0471,3.7810,0.8478,1832.006576
2025-05-01 13:54:23,SELL,1831.836557,1832.753164,-0.0500,0.0013,0.5100,1477.861428
2025-05-01 13:54:23,SELL,1831.997771,1832.753202,-0.0412,11.4306,0.8379,1831.930628
2025-05-01 13:54:35,SELL,1831.371168,1831.821576,-0.0246,33.0691,3.5153,1831.273829
2025-05-01 13:54:47,SELL,1830.836041,1831.682269,-0.0462,4.9464,0.8605,1830.676798
2025-05-01 13:54:47,SELL,1830.757306,1831.672364,-0.0500,0.0554,1.1254,1812.155970
2025-05-01 13:54:47,SELL,1830.762257,1831.673924,-0.0498,0.2964,1.1254,1827.286341
2025-05-01 13:54:59,SELL,1830.649008,1831.457224,-0.0441,7.6403,0.8566,1830.546384
2025-05-01 13:55:11,SELL,1829.809268,1829.992330,-0.0100,52.0352,25.4442,1829.361897
2025-05-01 13:55:35,SELL,1828.622341,1829.082003,-0.0251,32.3473,22.5005,1827.986355
2025-05-01 13:55:59,SELL,1827.725111,1828.196965,-0.0258,31.4565,9.9342,1827.436508
2025-05-01 13:56:11,SELL,1827.704894,1828.618356,-0.0500,0.0603,0.6255,1818.227999
2025-05-01 13:56:11,SELL,1827.919066,1828.620053,-0.0383,15.1717,1.1007,1827.852757
2025-05-01 13:56:11,BUY,1829.536670,1829.046937,0.0268,30.2254,0.4425,1829.550063
2025-05-01 13:56:23,BUY,1829.558916,1828.669917,0.0486,1.8335,0.4977,1829.807217
2025-05-01 13:56:35,SELL,1827.754893,1828.668573,-0.0500,0.0478,0.8307,1811.861154
2025-05-01 13:56:35,BUY,1829.590328,1828.682493,0.0496,0.4950,0.5345,1830.578123
2025-05-01 13:56:47,SELL,1827.767911,1828.682061,-0.0500,0.0154,1.1957,1756.709732
2025-05-01 13:56:47,SELL,1827.767170,1828.680987,-0.0500,0.0382,1.2107,1798.774266
2025-05-01 13:56:59,SELL,1827.708970,1828.565579,-0.0468,4.1019,0.4955,1827.598575
2025-05-01 13:57:11,SELL,1827.363453,1827.989675,-0.0343,20.4722,0.4956,1827.341335
2025-05-01 13:57:23,SELL,1827.075362,1827.989087,-0.0500,0.0209,0.6778,1797.476384
2025-05-01 13:57:35,SELL,1827.075018,1827.988939,-0.0500,0.0053,0.6852,1708.180505
2025-05-01 13:58:47,BUY,1828.730257,1827.827365,0.0494,0.8165,1.1274,1829.992844
2025-05-01 13:58:47,SELL,1826.982727,1827.804418,-0.0450,6.5616,1.1776,1826.818781
2025-05-01 13:59:23,BUY,1828.745193,1827.834272,0.0498,0.2457,1.1255,1832.933480
2025-05-01 13:59:47,BUY,1828.751454,1827.839877,0.0499,0.1994,0.4687,1830.900483
2025-05-01 14:00:11,BUY,1832.256774,1834.848649,-0.1413,249.0218,0.4273,1832.258346
2025-05-01 14:00:23,SELL,1833.055789,1833.097318,-0.0023,62.1396,0.3952,1833.049960
2025-05-01 14:00:35,SELL,1832.175908,1833.087590,-0.0497,0.3452,0.4255,1831.046830
2025-05-01 14:00:47,BUY,1834.653507,1834.384998,0.0146,46.0598,24.8051,1835.147526
2025-05-01 14:00:59,SELL,1833.184945,1833.819038,-0.0346,20.0804,17.5520,1832.383763
2025-05-01 14:00:59,SELL,1832.772335,1833.679947,-0.0495,0.6553,1.0966,1831.238731
2025-05-01 14:00:59,SELL,1832.692680,1833.539026,-0.0462,5.0006,0.4364,1832.612701
2025-05-01 14:00:59,SELL,1832.841845,1833.698413,-0.0467,4.2802,0.7666,1832.677720
2025-05-01 14:01:11,SELL,1831.501134,1831.296436,0.0112,79.6076,0.4394,1831.496080
2025-05-01 14:01:11,BUY,1832.938055,1832.747100,0.0104,51.5285,0.5847,1832.948454
2025-05-01 14:01:23,BUY,1833.670934,1832.761095,0.0496,0.4970,0.4302,1834.464500
2025-05-01 14:01:35,SELL,1831.831844,1832.735342,-0.0493,0.9141,1.0538,1830.775893
2025-05-01 14:01:47,BUY,1834.126648,1833.683950,0.0241,33.6816,0.4427,1834.138700
2025-05-01 14:01:59,BUY,1834.690688,1833.862741,0.0451,6.3473,3.5589,1835.205040
2025-05-01 14:01:59,BUY,1834.780283,1833.863007,0.0500,0.0094,1.0595,1937.657756
2025-05-01 14:02:23,SELL,1832.771769,1833.514236,-0.0405,12.3758,3.8948,1832.483370
2025-05-01 14:02:47,SELL,1832.597314,1833.514072,-0.0500,0.0058,0.6586,1729.205969
2025-05-01 14:03:23,SELL,1832.590517,1833.500472,-0.0496,0.4826,0.7515,1831.163667
2025-05-01 14:03:35,BUY,1834.660229,1833.985357,0.0368,17.2141,3.0461,1834.822557
2025-05-01 14:04:11,BUY,1834.913351,1834.006431,0.0495,0.7481,0.6015,1835.651032
2025-05-01 14:04:23,BUY,1834.927544,1834.013729,0.0498,0.2590,0.4394,1836.483686
2025-05-01 14:04:35,SELL,1833.093813,1834.007916,-0.0498,0.2062,1.0551,1828.404671
2025-05-01 14:04:47,BUY,1834.925761,1834.008634,0.0500,0.0255,1.1044,1874.672759
2025-05-01 14:05:23,BUY,1836.066687,1836.289129,-0.0121,77.4847,0.4126,1836.071575
2025-05-01 14:05:23,BUY,1837.226136,1836.325917,0.0490,1.2499,1.0737,1838.015197
2025-05-01 14:05:47,BUY,1837.843994,1837.524538,0.0174,40.7128,0.3692,1837.852327
2025-05-01 14:05:59,BUY,1838.492125,1837.643632,0.0462,4.8035,1.0108,1838.685552
2025-05-01 14:05:59,BUY,1838.773136,1838.063890,0.0386,14.2650,1.0110,1838.838294
2025-05-01 14:05:59,SELL,1836.594576,1837.502127,-0.0494,0.7604,0.7087,1835.738645
2025-05-01 14:06:11,SELL,1837.092221,1837.958565,-0.0471,3.5731,0.4069,1836.987627
2025-05-01 14:06:11,SELL,1836.997966,1837.875286,-0.0477,2.8253,0.4069,1836.865699
2025-05-01 14:06:11,SELL,1836.934634,1837.831835,-0.0488,1.4741,0.4068,1836.681148
2025-05-01 14:06:23,BUY,1838.880281,1838.089856,0.0430,8.7578,0.3955,1838.921798
2025-05-01 14:06:23,BUY,1839.009610,1838.089948,0.0500,0.0031,0.3963,1954.852695
2025-05-01 14:06:35,BUY,1839.141197,1838.353313,0.0429,8.9386,1.1626,1839.260801
2025-05-01 14:06:59,SELL,1837.275371,1838.035637,-0.0414,10.7766,0.4153,1837.239971
2025-05-01 14:06:59,BUY,1838.974458,1838.074306,0.0490,1.3125,0.7461,1839.497183
2025-05-01 14:07:11,SELL,1837.154670,1838.073153,-0.0500,0.0391,0.5806,1823.512198
2025-05-01 14:07:35,BUY,1839.066343,1838.220469,0.0460,5.0000,1.0863,1839.266115
2025-05-01 14:07:47,SELL,1836.683138,1837.472040,-0.0429,8.8149,0.7731,1836.602600
2025-05-01 14:07:47,SELL,1837.057154,1837.731847,-0.0367,16.5766,8.4710,1836.587769
2025-05-01 14:08:35,SELL,1836.410958,1837.187243,-0.0423,9.6648,0.9945,1836.316475
2025-05-01 14:08:47,SELL,1836.205169,1837.060221,-0.0465,4.3126,0.7227,1836.051314
2025-05-01 14:08:59,BUY,1838.502787,1838.107084,0.0215,35.5403,10.9797,1838.786776
2025-05-01 14:08:59,BUY,1839.027284,1838.108434,0.0500,0.0458,0.7321,1853.726836
2025-05-01 14:09:35,SELL,1837.149721,1838.068190,-0.0500,0.0391,0.6118,1822.778107
2025-05-01 14:09:35,SELL,1837.152060,1838.069343,-0.0499,0.1194,1.0926,1828.745428
2025-05-01 14:09:35,SELL,1837.171602,1838.072862,-0.0490,1.2067,0.8201,1836.547306
2025-05-01 14:10:23,SELL,1837.141242,1838.060137,-0.0500,0.0125,0.4127,1806.746312
2025-05-01 14:10:23,SELL,1837.145313,1838.060505,-0.0498,0.2607,0.7281,1834.580268
2025-05-01 14:10:23,SELL,1837.140680,1838.059299,-0.0500,0.0284,0.4138,1823.781222
2025-05-01 14:10:35,SELL,1837.129552,1838.037854,-0.0494,0.7275,0.6413,1836.319799
2025-05-01 14:10:47,SELL,1837.118408,1838.037013,-0.0500,0.0285,1.0383,1803.684425
2025-05-01 14:11:47,SELL,1837.000307,1837.801528,-0.0436,7.9890,0.3521,1836.959830
2025-05-01 14:12:11,SELL,1836.232162,1837.144914,-0.0497,0.3955,0.3822,1835.344961
2025-05-01 14:12:11,SELL,1836.560256,1837.156565,-0.0325,21.8853,0.3492,1836.545606
2025-05-01 14:12:23,BUY,1836.822178,1835.905238,0.0499,0.1000,1.0338,1846.316547
2025-05-01 14:12:23,SELL,1835.605238,1835.902295,-0.0162,42.1960,22.3947,1835.118132
2025-05-01 14:12:35,SELL,1834.833140,1835.596805,-0.0416,10.4758,2.6463,1834.601393
2025-05-01 14:12:47,SELL,1834.634513,1835.507775,-0.0476,3.0240,0.3709,1834.522000
2025-05-01 14:13:11,BUY,1836.426208,1835.507882,0.0500,0.0036,0.6023,1988.594909
2025-05-01 14:13:11,BUY,1836.497166,1835.649956,0.0462,4.8281,0.3694,1836.567412
2025-05-01 14:13:47,BUY,1836.836587,1836.186420,0.0354,18.2290,0.3383,1836.853632
2025-05-01 14:13:59,BUY,1837.363949,1836.704150,0.0359,17.5899,7.1940,1837.739678
2025-05-01 14:14:11,SELL,1836.480067,1837.379600,-0.0490,1.3007,1.0261,1835.755689
2025-05-01 14:14:11,BUY,1837.979963,1837.417935,0.0306,24.2437,5.5363,1838.189824
2025-05-01 14:14:23,SELL,1836.432804,1837.323360,-0.0485,1.9083,1.0151,1835.944365
2025-05-01 14:14:23,SELL,1836.304826,1837.123545,-0.0446,6.7826,0.6843,1836.212192
2025-05-01 14:14:47,BUY,1838.619395,1838.276870,0.0186,39.1518,11.4786,1838.888919
2025-05-01 14:15:23,SELL,1837.357040,1838.275516,-0.0500,0.0459,1.0042,1817.272677
2025-05-01 14:15:23,BUY,1839.197807,1838.275526,0.0502,0.0003,0.3424,2793.357344
2025-05-01 14:15:35,BUY,1839.635637,1839.156271,0.0261,29.8866,15.6684,1840.117864
2025-05-01 14:15:47,BUY,1840.435404,1839.874172,0.0305,24.3359,18.3429,1841.129004
2025-05-01 14:15:59,SELL,1838.954056,1839.873814,-0.0500,0.0121,0.5123,1800.057145
2025-05-01 14:16:23,SELL,1838.921329,1839.808685,-0.0482,2.2065,0.4905,1838.716948
2025-05-01 14:16:23,SELL,1838.859608,1839.750311,-0.0484,1.9777,0.3249,1838.708576
2025-05-01 14:16:35,BUY,1840.896898,1840.202616,0.0377,15.3306,2.5084,1841.047499
2025-05-01 14:17:23,BUY,1841.205119,1840.366422,0.0456,5.5517,0.6453,1841.312123
2025-05-01 14:17:35,BUY,1841.760667,1841.314435,0.0242,32.0589,11.6192,1842.094423
2025-05-01 14:17:47,BUY,1842.235791,1841.314526,0.0500,0.0031,0.3074,1934.484925
2025-05-01 14:18:11,BUY,1842.235886,1841.314631,0.0500,0.0035,0.7124,2027.116240
2025-05-01 14:18:23,SELL,1839.614735,1839.757173,-0.0077,52.6889,0.3309,1839.608958
2025-05-01 14:18:35,SELL,1838.597431,1839.277238,-0.0370,16.2610,0.2945,1838.580779
2025-05-01 14:19:35,SELL,1838.247950,1839.057861,-0.0440,7.4346,0.5289,1838.182566
2025-05-01 14:19:35,BUY,1840.062895,1839.227894,0.0454,5.7655,0.3697,1840.121894
2025-05-01 14:19:47,BUY,1840.173085,1839.278102,0.0487,1.7021,0.3676,1840.371807
2025-05-01 14:19:59,SELL,1838.081000,1839.000873,-0.0500,0.0018,1.0061,1335.008850
2025-05-01 14:19:59,SELL,1838.219913,1839.000927,-0.0425,9.3948,0.3441,1838.186249
2025-05-01 14:20:11,SELL,1838.081240,1839.000607,-0.0500,1.3412,0.9917,1837.401703
2025-05-01 14:20:11,SELL,1838.080420,1838.999253,-0.0500,0.0460,0.4952,1828.176938
2025-05-01 14:20:35,SELL,1837.967767,1838.775175,-0.0439,7.6000,0.5154,1837.905443
2025-05-01 14:20:47,SELL,1837.854008,1838.771615,-0.0499,0.1208,1.0172,1830.114292
2025-05-01 14:21:11,SELL,1837.865280,1838.784008,-0.0500,0.0459,0.5023,1827.819479
2025-05-01 14:21:11,BUY,1839.698338,1838.785363,0.0497,0.4665,0.9988,1841.667560
2025-05-01 14:21:23,BUY,1839.787179,1838.950566,0.0455,5.6520,0.3339,1839.841516
2025-05-01 14:21:35,BUY,1839.871260,1838.952081,0.0500,0.0514,0.3593,1846.303180
2025-05-01 14:21:47,BUY,1839.873136,1838.954315,0.0500,0.0758,0.9807,1851.770088
2025-05-01 14:22:23,BUY,1840.095510,1839.396717,0.0380,15.0023,0.3420,1840.116485
2025-05-01 14:22:47,SELL,1838.476340,1839.395360,-0.0500,0.0460,0.4902,1828.672567
2025-05-01 14:22:59,SELL,1838.438775,1839.321549,-0.0480,2.5010,0.3084,1838.325412
2025-05-01 14:23:23,SELL,1837.091468,1838.010407,-0.0500,0.0100,0.3072,1808.911655
2025-05-01 14:23:23,SELL,1837.746594,1838.010702,-0.0144,44.4558,23.9180,1837.252223
2025-05-01 14:23:35,BUY,1839.573808,1838.749942,0.0448,6.5102,0.6752,1839.669202
2025-05-01 14:23:35,BUY,1839.203837,1838.558104,0.0351,18.5885,8.5582,1839.627224
2025-05-01 14:23:47,SELL,1837.829880,1838.748588,-0.0500,0.0459,0.5140,1827.548917
2025-05-01 14:23:47,SELL,1837.826441,1838.743045,-0.0498,0.1880,0.3785,1835.976154
2025-05-01 14:23:59,BUY,1839.663245,1838.743782,0.0500,0.0250,1.0073,1876.726176
2025-05-01 14:23:59,BUY,1840.001854,1839.171348,0.0452,6.0697,0.6765,1840.104394
2025-05-01 14:23:59,BUY,1839.787980,1838.992399,0.0433,8.4366,0.6764,1839.861738
2025-05-01 14:24:11,BUY,1840.114184,1839.216905,0.0488,1.5445,0.6609,1840.507869
2025-05-01 14:24:23,SELL,1838.295885,1839.214084,-0.0499,0.0956,0.3741,1834.698847
2025-05-01 14:24:47,SELL,1838.096231,1838.817027,-0.0392,13.4785,0.4723,1838.064026
2025-05-01 14:24:47,BUY,1840.134425,1839.214545,0.0500,0.0156,0.3069,1858.198402
2025-05-01 14:24:59,SELL,1837.892094,1838.805972,-0.0497,0.3749,0.3671,1836.992313
2025-05-01 14:24:59,SELL,1837.886525,1838.805884,-0.0500,0.0030,0.5068,1682.648322
2025-05-01 14:25:23,SELL,1837.880891,1838.794699,-0.0497,0.3794,0.3352,1837.068950
2025-05-01 14:25:35,SELL,1837.811049,1838.729674,-0.0500,0.0508,0.9474,1820.678614
2025-05-01 14:25:35,SELL,1837.843553,1838.731172,-0.0483,2.1547,0.3306,1837.702571
2025-05-01 14:25:59,BUY,1839.649827,1838.730279,0.0500,0.0206,0.3004,1853.095159
2025-05-01 14:25:59,SELL,1837.805380,1838.719206,-0.0497,0.3756,0.3266,1837.006458
2025-05-01 14:26:35,SELL,1837.720240,1838.559918,-0.0457,5.4029,0.6492,1837.609824
2025-05-01 14:26:47,SELL,1837.812889,1838.727759,-0.0498,0.3050,0.3320,1836.812736
2025-05-01 14:26:47,BUY,1839.568117,1838.736751,0.0452,6.0010,0.7444,1839.682206
2025-05-01 14:26:59,SELL,1837.785040,1838.681027,-0.0487,1.5873,0.6413,1837.413772
2025-05-01 14:27:23,SELL,1837.740589,1838.639435,-0.0489,1.3915,0.6431,1837.315918
2025-05-01 14:27:23,SELL,1837.679557,1838.558280,-0.0478,2.7565,0.6431,1837.465193
2025-05-01 14:27:23,SELL,1837.761348,1838.680405,-0.0500,0.0211,0.9741,1795.409235
2025-05-01 14:27:23,SELL,1837.638633,1838.557544,-0.0500,0.0250,0.4776,1820.084664
2025-05-01 14:27:35,BUY,1839.539091,1838.681101,0.0467,4.1988,2.2530,1840.032627
2025-05-01 14:27:35,BUY,1839.601137,1838.681217,0.0500,0.0039,0.3091,1911.804223
2025-05-01 14:27:47,BUY,1839.945467,1839.369981,0.0313,23.3953,0.3057,1839.957487
2025-05-01 14:27:47,BUY,1840.294290,1839.378302,0.0498,0.2825,0.9678,1843.447088
2025-05-01 14:28:23,SELL,1838.471514,1839.389727,-0.0499,0.1009,0.9425,1829.881915
2025-05-01 14:28:23,BUY,1840.309833,1839.401054,0.0494,0.7724,0.9425,1841.432644
2025-05-01 14:28:23,SELL,1838.477179,1839.392700,-0.0498,0.2835,0.9425,1835.420765
2025-05-01 14:29:23,BUY,1840.339181,1839.448295,0.0484,1.9882,0.9611,1840.784017
2025-05-01 14:29:23,BUY,1840.416709,1839.544707,0.0474,3.2727,0.2989,1840.500765
2025-05-01 14:29:47,SELL,1838.891455,1839.811073,-0.0500,0.0202,0.9286,1796.684235
2025-05-01 14:29:47,BUY,1840.598483,1839.811669,0.0428,9.0616,3.0573,1840.908984
2025-05-01 14:30:23,SELL,1838.986676,1839.810745,-0.0448,6.5058,0.9451,1838.853104
2025-05-01 14:30:23,BUY,1840.827208,1840.002519,0.0448,6.4980,1.3201,1841.014198
2025-05-01 14:30:23,BUY,1840.852830,1840.054070,0.0434,8.2587,0.8460,1840.947117
2025-05-01 14:30:35,BUY,1841.496827,1840.718809,0.0423,9.6868,0.3412,1841.529261
2025-05-01 14:30:35,BUY,1841.164287,1840.433359,0.0397,12.8725,2.4210,1841.337429
2025-05-01 14:31:11,SELL,1839.576937,1840.275590,-0.0380,15.0336,6.8893,1839.155436
2025-05-01 14:31:11,SELL,1839.273240,1840.111087,-0.0455,5.5802,0.6142,1839.172023
2025-05-01 14:31:23,SELL,1838.689409,1839.107477,-0.0227,34.0497,0.2922,1838.681519
2025-05-01 14:31:47,SELL,1838.173415,1839.091903,-0.0499,0.0719,0.2941,1834.416103
2025-05-01 14:31:47,SELL,1838.181198,1839.094024,-0.0496,0.4565,1.2707,1835.622883
2025-05-01 14:32:11,SELL,1837.910776,1838.568517,-0.0358,17.7762,2.4672,1837.783231
2025-05-01 14:32:11,BUY,1839.494606,1838.581197,0.0497,0.4309,0.3753,1840.295728
2025-05-01 14:32:23,SELL,1837.658229,1838.573844,-0.0498,0.2498,0.6116,1835.408297
2025-05-01 14:32:35,BUY,1839.124665,1838.210625,0.0497,0.3754,0.6055,1840.607617
2025-05-01 14:32:35,SELL,1837.467508,1838.199578,-0.0398,12.7130,3.1985,1837.236364
2025-05-01 14:32:47,SELL,1836.948760,1837.524826,-0.0314,23.2984,6.6806,1836.685394
2025-05-01 14:32:59,BUY,1838.409699,1837.490421,0.0500,0.0010,0.2899,2095.897260
2025-05-01 14:32:59,SELL,1836.578359,1837.490391,-0.0496,0.4564,0.2899,1835.995067
2025-05-01 14:32:59,SELL,1836.595568,1837.503824,-0.0494,0.7136,0.2899,1836.222499
2025-05-01 14:33:11,SELL,1836.567649,1837.482363,-0.0498,0.2738,0.2973,1835.570611
2025-05-01 14:33:23,SELL,1835.984551,1836.323925,-0.0185,39.3828,32.3099,1835.231424
2025-05-01 14:33:23,SELL,1835.293697,1836.099688,-0.0439,7.6255,0.6283,1835.218085
2025-05-01 14:33:47,BUY,1836.979216,1836.061008,0.0500,0.0218,0.2827,1848.898460
2025-05-01 14:33:47,SELL,1835.161987,1836.060367,-0.0489,1.3372,0.2827,1834.967977
2025-05-01 14:33:59,SELL,1835.138068,1836.051185,-0.0497,0.3341,0.3091,1834.289182
2025-05-01 14:33:59,SELL,1835.132350,1836.049566,-0.0500,0.0551,0.9700,1818.965188
2025-05-01 14:34:11,BUY,1837.311250,1836.735687,0.0313,23.3431,0.2908,1837.322696
2025-05-01 14:34:11,SELL,1835.815535,1836.732132,-0.0499,0.1209,0.6243,1831.075574
2025-05-01 14:34:23,BUY,1837.773423,1836.976949,0.0434,8.3281,2.6293,1838.063533
2025-05-01 14:34:35,BUY,1837.913748,1837.012633,0.0491,1.2138,0.5113,1838.300861
2025-05-01 14:34:47,BUY,1838.051883,1837.253089,0.0435,8.1791,1.0395,1838.168687
2025-05-01 14:34:59,BUY,1838.551707,1838.011851,0.0294,25.7917,8.4995,1838.854649
2025-05-01 14:35:23,BUY,1839.075312,1838.157121,0.0500,0.0919,0.9309,1848.390817
2025-05-01 14:35:23,BUY,1839.080340,1838.164477,0.0498,0.2500,0.9309,1842.504389
2025-05-01 14:35:23,BUY,1839.002635,1838.154418,0.0461,4.8455,2.6931,1839.513692
2025-05-01 14:35:35,SELL,1837.180799,1838.035222,-0.0465,4.3909,0.9575,1836.980476
2025-05-01 14:35:47,BUY,1839.059095,1838.243915,0.0443,7.0929,0.7034,1839.150280
2025-05-01 14:35:59,BUY,1839.333986,1838.584739,0.0408,11.5828,0.2903,1839.357035
2025-05-01 14:36:11,BUY,1839.863836,1839.303269,0.0305,24.4092,15.0155,1840.429740
2025-05-01 14:36:35,BUY,1840.224629,1839.303285,0.0501,0.0005,0.2774,2307.437811
2025-05-01 14:36:47,SELL,1838.383199,1839.302479,-0.0500,0.0274,0.9482,1806.518057
2025-05-01 14:36:59,BUY,1840.613157,1840.083304,0.0288,26.5039,21.6063,1841.363403
2025-05-01 14:36:59,BUY,1841.004914,1840.084953,0.0500,0.0372,0.4637,1852.479148
2025-05-01 14:36:59,BUY,1841.004172,1840.083857,0.0500,0.0188,0.9483,1887.538755
2025-05-01 14:37:11,BUY,1841.187472,1840.448822,0.0401,12.3490,0.3003,1841.209857
2025-05-01 14:37:23,BUY,1842.829807,1843.371260,-0.0294,98.7145,0.3039,1842.832643
2025-05-01 14:37:35,SELL,1842.405302,1843.325917,-0.0499,0.0708,0.2902,1838.628980
2025-05-01 14:37:35,SELL,1842.408708,1843.328016,-0.0499,0.1589,0.2802,1840.784373
2025-05-01 14:37:35,SELL,1842.401027,1843.311779,-0.0494,0.7356,0.2902,1842.037648
2025-05-01 14:37:35,BUY,1844.293581,1843.371490,0.0500,0.0078,0.3111,1881.217994
2025-05-01 14:37:35,SELL,1842.430866,1843.333597,-0.0490,1.2776,0.2802,1842.228822
2025-05-01 14:37:35,BUY,1844.244377,1843.332730,0.0495,0.7067,0.4461,1844.826474
2025-05-01 14:37:47,SELL,1842.403952,1843.325380,-0.0500,0.0181,0.9646,1793.324745
2025-05-01 14:37:59,SELL,1842.234767,1843.082033,-0.0460,5.0112,0.7221,1842.102038
2025-05-01 14:37:59,SELL,1842.160033,1843.081114,-0.0500,0.0310,0.9841,1812.905546
2025-05-01 14:37:59,BUY,1844.152498,1843.230661,0.0500,0.0188,0.9842,1892.495362
2025-05-01 14:37:59,SELL,1842.356103,1843.230104,-0.0474,3.2123,1.2823,1841.988375
2025-05-01 14:38:11,SELL,1841.769260,1842.308567,-0.0293,25.7720,6.4375,1841.539235
2025-05-01 14:38:11,SELL,1841.275196,1842.084029,-0.0439,7.5740,0.6465,1841.196614
2025-05-01 14:38:11,SELL,1842.695989,1843.072756,-0.0204,36.7547,0.3151,1842.688091
2025-05-01 14:38:11,SELL,1841.902869,1842.567506,-0.0361,17.3199,8.3173,1841.460613
2025-05-01 14:38:11,BUY,1844.286940,1844.163001,0.0067,53.8378,0.8132,1844.300868
2025-05-01 14:38:11,SELL,1841.645947,1842.566970,-0.0500,0.0181,0.9783,1791.836944
2025-05-01 14:38:23,SELL,1841.095676,1842.013465,-0.0498,0.2173,0.5002,1838.976658
2025-05-01 14:38:23,SELL,1841.130942,1842.019907,-0.0483,2.1630,0.9775,1840.714941
2025-05-01 14:39:35,SELL,1841.066046,1841.953459,-0.0482,2.2656,0.4564,1840.880590
2025-05-01 14:39:35,BUY,1842.938512,1842.020620,0.0498,5.2984,1.3263,1843.169167
2025-05-01 14:39:35,SELL,1839.712357,1840.614416,-0.0490,1.2385,0.3166,1839.477193
2025-05-01 14:39:35,SELL,1840.380869,1840.650931,-0.0147,43.9951,0.9531,1840.360935
2025-05-01 14:39:59,BUY,1841.539585,1840.619525,0.0500,0.0494,0.3050,1847.220426
2025-05-01 14:39:59,BUY,1841.537015,1840.618068,0.0499,0.1239,0.3306,1843.993278
2025-05-01 14:40:11,BUY,1841.924998,1841.389570,0.0291,26.0498,17.0164,1842.526596
2025-05-01 14:40:23,SELL,1840.577844,1841.493188,-0.0497,0.3649,0.6494,1838.939984
2025-05-01 14:40:23,SELL,1840.523367,1841.394993,-0.0473,3.3129,0.3185,1840.434892
2025-05-01 14:40:23,BUY,1842.720025,1842.202426,0.0281,27.2525,8.4257,1843.004884
2025-05-01 14:40:23,BUY,1842.655458,1842.078754,0.0313,23.2617,9.3563,1843.026033
2025-05-01 14:40:23,SELL,1840.870460,1841.504003,-0.0344,19.3893,0.6494,1840.839632
2025-05-01 14:41:47,SELL,1841.280392,1842.200560,-0.0499,12.8823,0.9619,1841.211651
2025-05-01 14:41:59,SELL,1841.407325,1842.327956,-0.0500,0.0368,0.6234,1825.821230
2025-05-01 14:41:59,SELL,1841.407913,1842.329048,-0.0500,0.0020,0.6268,1552.129586
2025-05-01 14:41:59,BUY,1843.172772,1842.329107,0.0458,5.2593,0.4739,1843.255813
2025-05-01 14:41:59,SELL,1841.265820,1842.173267,-0.0493,0.9206,0.9584,1840.307468
2025-05-01 14:42:23,SELL,1841.734964,1842.642642,-0.0493,0.9209,0.9731,1840.761869
2025-05-01 14:42:23,BUY,1843.424951,1842.678537,0.0405,11.8306,3.8737,1843.726751
2025-05-01 14:42:23,SELL,1841.752901,1842.669945,-0.0498,0.2898,0.9731,1838.660702
2025-05-01 14:42:35,BUY,1843.568130,1842.650050,0.0498,0.2500,0.9687,1847.139991
2025-05-01 14:42:35,SELL,1841.727968,1842.648563,-0.0500,0.0502,0.9687,1823.946582
2025-05-01 14:42:47,BUY,1843.789313,1843.086316,0.0381,14.7689,0.4760,1843.819027
2025-05-01 14:42:59,BUY,1844.008535,1843.086736,0.0500,0.0141,0.2938,1863.161301
2025-05-01 14:43:11,BUY,1844.008925,1843.086956,0.0500,0.0074,0.9357,1960.338363
2025-05-01 14:43:47,SELL,1841.630261,1842.016314,-0.0210,36.1089,0.2897,1841.622874
2025-05-01 14:44:11,SELL,1840.937237,1841.732534,-0.0432,8.4766,0.2664,1840.908312
2025-05-01 14:44:11,SELL,1841.079061,1841.983808,-0.0491,1.0966,0.9295,1840.298744
2025-05-01 14:44:35,SELL,1839.662291,1840.489489,-0.0449,6.3153,0.5994,1839.574985
2025-05-01 14:44:35,BUY,1841.414690,1840.498476,0.0498,0.3050,0.9307,1844.224236
2025-05-01 14:44:35,SELL,1840.282936,1840.675680,-0.0213,35.7028,7.4280,1840.091500
2025-05-01 14:44:47,SELL,1838.830289,1839.749436,-0.0500,0.0501,0.9268,1821.820195
2025-05-01 14:44:47,SELL,1839.204671,1839.751068,-0.0297,25.3540,0.2645,1839.195078
2025-05-01 14:44:47,SELL,1838.831114,1839.750912,-0.0500,0.0053,0.4301,1763.725851
2025-05-01 14:45:11,SELL,1838.828124,1839.746790,-0.0499,0.0820,0.6309,1831.755851
2025-05-01 14:45:11,SELL,1838.829447,1839.749207,-0.0500,0.0077,0.9621,1724.583707
2025-05-01 14:46:11,SELL,1838.620983,1839.334740,-0.0388,13.9800,0.6376,1838.579057
2025-05-01 14:46:23,BUY,1840.267763,1839.360518,0.0493,0.8751,0.9892,1841.307955
2025-05-01 14:46:35,BUY,1841.174475,1840.385420,0.0429,8.9276,0.6587,1841.242393
2025-05-01 14:46:35,BUY,1840.661733,1840.122365,0.0293,25.8594,19.5935,1841.359061
2025-05-01 14:47:35,BUY,1841.307868,1840.388994,0.0499,0.1213,1.0339,1849.155886
2025-05-01 14:47:35,BUY,1841.317498,1840.404684,0.0496,0.5325,1.0339,1843.105159
2025-05-01 14:47:59,BUY,1842.105861,1841.967040,0.0075,52.8320,17.7018,1842.414468
2025-05-01 14:48:11,SELL,1841.046025,1841.966977,-0.0500,0.0021,0.4085,1662.820098
2025-05-01 14:48:23,SELL,1841.045778,1841.966596,-0.0500,0.0129,1.0466,1766.126044
2025-05-01 14:48:23,BUY,1842.888422,1841.967357,0.0500,0.0257,1.0466,1880.409349
2025-05-01 14:48:23,BUY,1842.900659,1841.991061,0.0494,0.8000,1.0466,1844.106135
2025-05-01 14:48:47,BUY,1842.988107,1842.142168,0.0459,5.0998,0.6212,1843.100361
2025-05-01 14:48:59,BUY,1843.106572,1842.227870,0.0477,2.8923,0.3674,1843.223647
2025-05-01 14:49:23,BUY,1843.174147,1842.277251,0.0487,1.6665,1.0093,1843.732280
2025-05-01 14:49:35,BUY,1843.199272,1842.278095,0.0500,0.0285,1.0256,1876.364227
2025-05-01 14:49:59,BUY,1843.420311,1842.719134,0.0381,14.8831,0.3227,1843.440294
2025-05-01 14:49:59,BUY,1843.681891,1842.800970,0.0478,2.7612,0.9861,1844.011094
2025-05-01 14:50:35,BUY,1843.935529,1843.226177,0.0385,14.3442,5.5888,1844.294743
2025-05-01 14:50:47,BUY,1844.587347,1844.104035,0.0262,29.6091,9.5201,1844.883890
2025-05-01 14:52:11,SELL,1843.181679,1844.103468,-0.0500,0.0191,1.1875,1785.870229
2025-05-01 14:52:11,BUY,1845.034402,1844.120300,0.0496,0.5676,1.1875,1846.964249
2025-05-01 14:52:23,SELL,1843.196456,1844.116731,-0.0499,0.1203,1.0860,1834.876750
2025-05-01 14:52:23,SELL,1843.194650,1844.116686,-0.0500,0.0015,0.7484,1393.837862
2025-05-01 14:52:35,SELL,1843.024940,1843.774928,-0.0407,11.5955,2.4219,1842.832468
2025-05-01 14:52:35,BUY,1845.040322,1844.118914,0.0500,0.0751,0.4307,1850.327468
2025-05-01 14:52:59,SELL,1842.820110,1843.709034,-0.0482,2.2214,1.3646,1842.254088
2025-05-01 14:53:11,BUY,1844.633125,1843.712569,0.0499,0.1192,1.0917,1853.078968
2025-05-01 14:53:23,SELL,1842.768242,1843.667607,-0.0488,1.5157,0.7380,1842.319649
2025-05-01 14:53:47,SELL,1842.740195,1843.656450,-0.0497,0.3761,2.7868,1835.913385
2025-05-01 14:53:47,SELL,1842.721082,1843.629359,-0.0493,0.9133,0.7957,1841.918376
2025-05-01 14:54:11,SELL,1842.320364,1842.854693,-0.0290,26.1185,20.1702,1841.608992
2025-05-01 14:54:11,SELL,1841.929771,1842.847704,-0.0498,0.2356,0.7484,1839.004616
2025-05-01 14:54:59,BUY,1844.047593,1843.403477,0.0349,18.7483,0.8482,1844.089309
2025-05-01 14:54:59,BUY,1844.325850,1843.403852,0.0500,0.0126,0.7893,1901.869965
2025-05-01 14:55:11,BUY,1844.391486,1843.545363,0.0459,5.1319,0.4628,1844.474655
2025-05-01 14:55:11,SELL,1842.476836,1843.393220,-0.0497,0.3584,2.7855,1835.317973
2025-05-01 14:55:23,SELL,1842.472323,1843.242690,-0.0418,10.2045,0.7982,1842.400261
2025-05-01 14:55:35,BUY,1844.482224,1843.877330,0.0328,21.4062,12.8666,1845.036551
2025-05-01 14:55:35,SELL,1842.706763,1843.379858,-0.0365,16.7709,2.2430,1842.583540
2025-05-01 14:55:47,BUY,1844.886077,1844.041398,0.0458,5.2453,1.2359,1845.103419
2025-05-01 14:55:47,BUY,1845.208626,1844.530678,0.0368,16.5000,0.7004,1845.247790
2025-05-01 14:55:47,BUY,1844.555126,1843.885873,0.0363,17.0674,7.4759,1844.959102
2025-05-01 14:56:11,SELL,1843.607720,1844.529310,-0.0500,0.0461,1.1532,1820.543140
2025-05-01 14:56:23,BUY,1845.618134,1844.861358,0.0410,11.1959,1.2604,1845.722018
2025-05-01 14:56:35,BUY,1845.784539,1844.861915,0.0500,0.0188,1.0990,1899.828533
2025-05-01 14:56:47,SELL,1843.939197,1844.861378,-0.0500,0.0181,1.1028,1787.672104
2025-05-01 14:57:35,SELL,1843.792384,1844.616026,-0.0447,10.2791,1.0653,1843.696840
2025-05-01 14:57:35,SELL,1843.688158,1844.604900,-0.0497,0.3750,0.6952,1841.979191
2025-05-01 14:58:23,BUY,1845.785965,1845.121281,0.0360,17.4102,6.6911,1846.140654
2025-05-01 14:58:47,BUY,1846.552778,1846.137863,0.0225,34.2676,0.3958,1846.563443
2025-05-01 14:58:59,BUY,1847.392399,1846.799644,0.0321,22.2998,0.3655,1847.407539
2025-05-01 14:59:11,BUY,1849.156737,1848.484264,0.0364,17.1257,0.3328,1849.174703
2025-05-01 14:59:11,BUY,1848.313069,1847.978369,0.0181,39.7043,0.3327,1848.320813
2025-05-01 14:59:35,SELL,1847.468215,1848.300440,-0.0450,6.2761,0.3678,1847.414085
2025-05-01 14:59:35,SELL,1847.361697,1848.271240,-0.0492,0.9828,0.3678,1847.016065
2025-05-01 14:59:35,SELL,1847.277741,1848.132446,-0.0462,4.6718,0.3677,1847.205037
2025-05-01 14:59:35,SELL,1847.205501,1848.126687,-0.0498,0.1939,0.3677,1845.453513
2025-05-01 14:59:47,BUY,1849.449544,1848.920939,0.0286,27.0563,6.8662,1849.684217
2025-05-01 14:59:47,SELL,1847.989966,1848.907907,-0.0496,0.4452,0.4691,1847.016367
2025-05-01 14:59:47,SELL,1847.980251,1848.901500,-0.0498,0.2189,0.4691,1846.000196
2025-05-01 14:59:47,SELL,1847.968942,1848.885278,-0.0496,0.5542,0.4691,1847.186827
2025-05-01 14:59:47,SELL,1847.952634,1848.868868,-0.0496,0.5606,0.4691,1847.179545
2025-05-01 14:59:47,SELL,1847.934449,1848.848888,-0.0495,0.6825,0.4691,1847.299455
2025-05-01 14:59:47,SELL,1847.922370,1848.844698,-0.0499,0.1432,0.4691,1844.894892
2025-05-01 14:59:47,SELL,1847.919533,1848.843211,-0.0500,0.0508,0.4691,1839.387557
2025-05-01 14:59:59,SELL,1847.906160,1848.817940,-0.0493,0.8633,0.3817,1847.497646
2025-05-01 14:59:59,BUY,1849.761107,1848.854512,0.0490,1.2500,1.0473,1850.536003
2025-05-01 14:59:59,BUY,1849.831745,1848.959148,0.0472,3.5763,1.0474,1850.102618
2025-05-01 14:59:59,SELL,1848.032523,1848.954856,-0.0499,0.1466,0.4150,1845.416917
2025-05-01 15:00:11,SELL,1848.027269,1848.948641,-0.0498,0.2123,0.4627,1846.013622
2025-05-01 15:00:23,SELL,1848.053437,1848.977780,-0.0500,0.0100,0.5946,1793.111743
2025-05-01 15:00:23,BUY,1849.888301,1848.978073,0.0492,1.0059,1.0938,1850.894066
2025-05-01 15:00:35,SELL,1847.964390,1848.799894,-0.0452,6.0768,0.7919,1847.843979
2025-05-01 15:00:47,SELL,1847.195521,1848.118027,-0.0499,0.1049,0.4902,1842.878969
2025-05-01 15:00:47,SELL,1847.537271,1848.121144,-0.0316,23.0942,0.8531,1847.503147
2025-05-01 15:00:59,SELL,1847.181051,1848.101729,-0.0498,0.2272,1.1288,1842.592539
2025-05-01 15:00:59,SELL,1847.189197,1848.108479,-0.0497,0.3214,0.4635,1845.857349
2025-05-01 15:01:23,SELL,1846.887471,1847.523160,-0.0344,19.4062,0.5236,1846.862555
2025-05-01 15:01:23,SELL,1847.176620,1848.099638,-0.0499,0.0704,0.8541,1835.970797
2025-05-01 15:01:47,SELL,1846.463550,1847.251337,-0.0426,9.1515,0.9209,1846.370649
2025-05-01 15:02:23,SELL,1846.289856,1847.213333,-0.0500,0.0096,1.2304,1728.549738
2025-05-01 15:02:23,SELL,1846.308862,1847.213619,-0.0490,1.2699,1.2304,1845.414439
2025-05-01 15:02:47,SELL,1846.285599,1847.205080,-0.0498,0.2779,1.2222,1842.225076
2025-05-01 15:03:11,SELL,1846.002047,1846.645981,-0.0349,18.8257,0.5632,1845.974436
2025-05-01 15:03:23,SELL,1845.683771,1846.568170,-0.0479,2.6203,0.8873,1845.371271
2025-05-01 15:03:35,SELL,1845.491529,1846.261334,-0.0417,10.3348,0.8805,1845.412912
2025-05-01 15:04:11,SELL,1845.177043,1845.938867,-0.0413,10.8631,1.5201,1845.047942
2025-05-01 15:04:23,BUY,1847.330504,1846.874986,0.0247,31.5452,0.5037,1847.345253
2025-05-01 15:04:35,SELL,1845.951400,1846.874712,-0.0500,0.0092,1.1369,1732.256771
2025-05-01 15:04:35,BUY,1847.814277,1846.906028,0.0492,1.0550,0.7128,1848.438528
2025-05-01 15:05:23,SELL,1846.471418,1847.379760,-0.0492,1.0340,0.4966,1846.027991
2025-05-01 15:05:23,BUY,1848.082275,1847.410473,0.0364,16.9928,0.4704,1848.107853
2025-05-01 15:05:35,BUY,1848.444176,1847.660159,0.0424,9.4446,0.9035,1848.532587
2025-05-01 15:05:47,BUY,1848.961019,1848.411662,0.0297,25.3613,15.6094,1849.530019
2025-05-01 15:05:47,SELL,1847.487116,1848.411033,-0.0500,0.0215,1.1327,1798.751819
2025-05-01 15:05:47,SELL,1847.486414,1848.410249,-0.0500,0.0268,1.1327,1808.426479
2025-05-01 15:06:23,BUY,1849.591378,1848.922951,0.0362,17.5244,8.2372,1850.026069
2025-05-01 15:06:35,BUY,1849.853753,1848.929089,0.0500,0.0195,0.5079,1874.006854
2025-05-01 15:06:35,BUY,1849.850661,1848.928520,0.0499,0.1903,0.5242,1852.397683
2025-05-01 15:07:23,SELL,1847.155030,1847.901687,-0.0404,11.9423,0.9037,1847.085143
2025-05-01 15:07:23,SELL,1847.668814,1848.256469,-0.0318,22.9527,13.1034,1847.141407
2025-05-01 15:07:35,SELL,1846.993028,1847.916247,-0.0500,0.0501,1.2273,1824.383874
2025-05-01 15:07:35,BUY,1848.834129,1847.917736,0.0496,0.5405,1.2273,1850.933097
2025-05-01 15:08:11,SELL,1846.858207,1847.781937,-0.0500,0.0109,0.8588,1773.968308
2025-05-01 15:08:11,BUY,1848.989201,1848.213177,0.0420,10.0000,0.9152,1849.073812
2025-05-01 15:08:11,SELL,1847.073707,1847.782260,-0.0383,14.5054,0.9150,1847.015450
2025-05-01 15:08:47,BUY,1848.862390,1848.093994,0.0416,10.5098,0.6209,1848.917002
2025-05-01 15:09:11,BUY,1849.019737,1848.096440,0.0500,0.0824,1.2427,1862.966784
2025-05-01 15:09:23,SELL,1847.606220,1848.530423,-0.0500,0.0097,1.2724,1725.847243
2025-05-01 15:09:23,BUY,1849.458417,1848.536953,0.0498,0.2232,0.7733,1852.661931
2025-05-01 15:09:23,BUY,1849.238992,1848.530705,0.0383,14.7367,4.0859,1849.495351
2025-05-01 15:09:35,BUY,1849.839604,1848.965632,0.0473,3.4826,0.6535,1850.013177
2025-05-01 15:09:35,BUY,1849.625151,1848.863738,0.0412,11.1696,3.4637,1849.911935
2025-05-01 15:09:47,BUY,1850.184813,1849.553855,0.0341,20.1025,0.6146,1850.213095
2025-05-01 15:09:59,BUY,1851.310902,1851.220046,0.0049,56.6406,51.4495,1852.151721
2025-05-01 15:09:59,SELL,1850.224097,1851.079300,-0.0462,4.7675,1.2904,1849.973701
2025-05-01 15:10:11,BUY,1852.696636,1852.461539,0.0127,46.8359,41.5543,1853.518521
2025-05-01 15:10:11,BUY,1853.425149,1852.535335,0.0480,2.5000,0.5271,1853.620551
2025-05-01 15:10:23,BUY,1853.681957,1852.755485,0.0500,0.0250,0.7501,1881.489250
2025-05-01 15:10:23,BUY,1853.591866,1852.794814,0.0430,8.7900,2.3240,1853.836906
2025-05-01 15:10:23,SELL,1851.848393,1852.754747,-0.0489,1.3566,1.2621,1850.986980
2025-05-01 15:10:35,BUY,1854.544961,1854.480831,0.0035,58.4037,0.5874,1854.554288
2025-05-01 15:10:47,SELL,1854.263595,1854.880546,-0.0333,20.9950,0.5412,1854.239696
2025-05-01 15:10:47,SELL,1853.501306,1854.428442,-0.0500,0.0053,0.8648,1701.270664
2025-05-01 15:10:47,BUY,1855.902799,1855.104257,0.0430,8.7500,0.5413,1855.960201
2025-05-01 15:10:47,SELL,1853.918710,1854.845448,-0.0500,0.0468,0.5991,1842.061228
2025-05-01 15:10:47,SELL,1853.866264,1854.483116,-0.0333,20.9905,0.5411,1853.842370
2025-05-01 15:10:47,BUY,1855.919248,1855.501886,0.0225,34.5204,10.1817,1856.192947
2025-05-01 15:10:47,SELL,1853.545375,1854.462107,-0.0494,0.7100,0.5411,1852.839128
2025-05-01 15:10:47,SELL,1853.518129,1854.428598,-0.0491,1.1325,0.5411,1853.075363
2025-05-01 15:10:47,SELL,1853.275486,1853.976760,-0.0378,15.2663,0.9280,1853.219156
2025-05-01 15:10:47,SELL,1853.936258,1854.846834,-0.0491,1.1392,0.5412,1853.495907
2025-05-01 15:10:59,SELL,1862.507463,1863.427799,-0.0494,0.7673,1.4192,1860.784886
2025-05-01 15:10:59,BUY,1859.638556,1863.450567,-0.2046,320.0990,0.5807,1859.640243
2025-05-01 15:11:11,SELL,1862.306675,1863.048948,-0.0398,12.7746,0.5781,1862.264534
2025-05-01 15:11:11,SELL,1862.058267,1862.930577,-0.0468,3.9970,0.5781,1861.923607
2025-05-01 15:11:11,SELL,1861.931200,1862.794689,-0.0464,4.5886,0.5781,1861.813920
2025-05-01 15:11:11,SELL,1861.835056,1862.738191,-0.0485,1.9079,0.5780,1861.553006
2025-05-01 15:11:11,SELL,1861.779358,1862.683237,-0.0485,1.8557,0.5780,1861.489401
2025-05-01 15:11:11,SELL,1861.739779,1862.658991,-0.0493,0.8188,0.5780,1861.082614
2025-05-01 15:11:11,SELL,1861.709108,1862.621865,-0.0490,1.2538,0.5780,1861.279960
2025-05-01 15:11:11,SELL,1861.679506,1862.599758,-0.0494,0.7466,0.5780,1860.958830
2025-05-01 15:11:11,SELL,1861.652223,1862.567273,-0.0491,1.0970,0.5780,1861.161799
2025-05-01 15:11:11,SELL,1861.615999,1862.527273,-0.0489,1.3508,0.5780,1861.217724
2025-05-01 15:11:11,SELL,1861.587964,1862.511174,-0.0496,0.5437,0.5780,1860.598437
2025-05-01 15:11:11,SELL,1861.572322,1862.495973,-0.0496,0.5134,0.5780,1860.524412
2025-05-01 15:11:11,SELL,1861.557384,1862.481283,-0.0496,0.4961,0.5780,1860.472994
2025-05-01 15:11:11,SELL,1861.543437,1862.468066,-0.0496,0.4464,0.5780,1860.338224
2025-05-01 15:11:11,SELL,1861.520199,1862.434784,-0.0491,1.1240,0.5780,1861.041607
2025-05-01 15:11:11,SELL,1861.498800,1862.425247,-0.0497,0.3221,0.5780,1859.828529
2025-05-01 15:11:11,SELL,1861.488605,1862.414384,-0.0497,0.3669,0.5779,1860.022321
2025-05-01 15:11:11,SELL,1861.477564,1862.403156,-0.0497,0.3792,0.5779,1860.059081
2025-05-01 15:11:11,SELL,1861.465521,1862.390283,-0.0497,0.4347,0.5779,1860.228168
2025-05-01 15:11:11,SELL,1861.452300,1862.376701,-0.0496,0.4587,0.5779,1860.279633
2025-05-01 15:11:11,SELL,1861.442048,1862.369769,-0.0498,0.2341,0.5779,1859.144397
2025-05-01 15:11:11,SELL,1861.430425,1862.353444,-0.0496,0.5513,0.5779,1860.454835
2025-05-01 15:11:11,SELL,1861.417653,1862.344214,-0.0498,0.3117,0.5779,1859.692070
2025-05-01 15:11:11,SELL,1861.410264,1862.338656,-0.0499,0.1877,0.5779,1858.544910
2025-05-01 15:11:11,SELL,1861.404035,1862.331750,-0.0498,0.2332,0.5779,1859.097795
2025-05-01 15:11:11,SELL,1861.398182,1862.326944,-0.0499,0.1623,0.5779,1858.084355
2025-05-01 15:11:11,BUY,1863.299575,1862.515908,0.0421,10.0000,1.2485,1863.415890
2025-05-01 15:11:11,SELL,1861.342312,1862.219955,-0.0471,3.6134,0.5779,1861.193470
2025-05-01 15:11:23,BUY,1865.078724,1865.779268,-0.0375,110.0312,27.9535,1865.315636
2025-05-01 15:11:23,SELL,1864.843332,1865.773172,-0.0498,0.2051,1.2391,1859.211095
2025-05-01 15:11:23,SELL,1864.837502,1865.767605,-0.0499,0.1874,1.2350,1858.691792
2025-05-01 15:11:35,SELL,1863.592486,1864.410435,-0.0439,7.7028,3.0808,1863.219813
2025-05-01 15:11:35,SELL,1863.322300,1864.246824,-0.0496,0.5124,0.5304,1862.357915
2025-05-01 15:11:35,SELL,1863.276680,1864.179024,-0.0484,2.0055,1.2015,1862.718539
2025-05-01 15:11:35,SELL,1863.310561,1864.238546,-0.0498,0.2789,0.5405,1861.505135
2025-05-01 15:11:35,SELL,1864.631674,1865.361330,-0.0391,13.6737,0.5307,1864.595487
2025-05-01 15:11:35,SELL,1864.282061,1865.068018,-0.0421,9.8727,0.5306,1864.231959
2025-05-01 15:11:35,SELL,1864.122308,1865.041653,-0.0493,0.8875,0.5306,1863.565003
2025-05-01 15:11:35,SELL,1864.057609,1864.938570,-0.0472,3.4719,0.5306,1863.915168
2025-05-01 15:11:35,SELL,1863.994878,1864.916114,-0.0494,0.7565,0.5306,1863.341163
2025-05-01 15:11:35,SELL,1863.978218,1864.905233,-0.0497,0.3665,0.5306,1862.629098
2025-05-01 15:11:35,SELL,1863.970053,1864.899781,-0.0499,0.1836,0.5306,1861.277351
2025-05-01 15:11:35,SELL,1863.963153,1864.891421,-0.0498,0.2816,0.5306,1862.207284
2025-05-01 15:11:35,SELL,1863.945231,1864.863920,-0.0493,0.9264,0.5306,1863.411479
2025-05-01 15:11:35,SELL,1863.927676,1864.856294,-0.0498,0.2569,0.5306,1862.002682
2025-05-01 15:11:35,SELL,1863.917413,1864.843381,-0.0497,0.4350,0.5306,1862.780712
2025-05-01 15:11:35,SELL,1863.909356,1864.840176,-0.0499,0.1080,0.5306,1859.330568
2025-05-01 15:11:35,SELL,1863.902360,1864.829385,-0.0497,0.3635,0.5306,1862.542142
2025-05-01 15:11:35,SELL,1863.896226,1864.827908,-0.0500,0.0497,0.5306,1853.954128
2025-05-01 15:11:35,SELL,1863.894319,1864.825558,-0.0499,0.0792,0.5306,1857.648168
2025-05-01 15:11:35,SELL,1863.891586,1864.822438,-0.0499,0.1051,0.5306,1859.187679
2025-05-01 15:11:35,SELL,1863.889261,1864.820908,-0.0500,0.0516,0.5306,1854.297644
2025-05-01 15:11:35,SELL,1863.878426,1864.800755,-0.0495,0.6789,0.5306,1863.150106
2025-05-01 15:11:35,SELL,1863.865684,1864.795412,-0.0499,0.1800,0.5306,1861.118414
2025-05-01 15:11:35,SELL,1863.862069,1864.793524,-0.0499,0.0636,0.5306,1856.090878
2025-05-01 15:11:35,SELL,1863.404064,1864.262032,-0.0460,5.0000,0.7818,1863.258388
2025-05-01 15:11:35,SELL,1863.783937,1864.639070,-0.0459,5.2034,1.0340,1863.598758
2025-05-01 15:11:47,SELL,1863.245916,1864.177007,-0.0499,0.0680,0.6821,1853.895645
2025-05-01 15:11:59,BUY,1865.791619,1865.540926,0.0134,45.9570,50.0674,1866.807953
2025-05-01 15:12:11,SELL,1864.579681,1865.509533,-0.0498,0.1958,0.6607,1861.433321
2025-05-01 15:12:11,SELL,1864.595373,1865.515350,-0.0493,0.8608,5.6303,1858.497547
2025-05-01 15:12:23,BUY,1867.728971,1868.081832,-0.0189,86.5723,110.9774,1868.926096
2025-05-01 15:12:35,SELL,1867.144016,1868.074286,-0.0498,0.2537,0.8976,1863.840912
2025-05-01 15:12:47,SELL,1867.104410,1867.998114,-0.0478,2.7108,0.6803,1866.870132
2025-05-01 15:12:47,SELL,1867.038434,1867.959093,-0.0493,0.8962,0.6803,1866.329814
2025-05-01 15:12:47,SELL,1867.057934,1867.985748,-0.0497,0.4157,0.9875,1864.840438
2025-05-01 15:12:47,BUY,1869.011026,1868.078745,0.0499,0.1500,3.6011,1891.446069
2025-05-01 15:12:59,BUY,1867.690952,1866.965569,0.0389,14.0319,1.4014,1867.784216
2025-05-01 15:12:59,SELL,1866.320081,1866.548695,-0.0122,47.4324,49.4091,1865.348033
2025-05-01 15:13:23,SELL,1865.619287,1866.139680,-0.0279,27.7879,14.2630,1865.140495
2025-05-01 15:13:47,SELL,1864.539366,1865.399452,-0.0461,4.8905,0.7485,1864.396686
2025-05-01 15:13:47,SELL,1864.421767,1865.309439,-0.0476,3.0297,0.9828,1864.119379
2025-05-01 15:13:47,SELL,1864.909273,1865.544756,-0.0341,20.0215,0.6840,1864.877416
2025-05-01 15:14:23,SELL,1864.167624,1864.890999,-0.0388,14.0881,0.7334,1864.119101
2025-05-01 15:14:35,BUY,1867.143488,1867.530058,-0.0207,88.8443,1.1227,1867.155286
2025-05-01 15:14:35,SELL,1866.103520,1866.544241,-0.0236,33.1569,1.1641,1866.070761
2025-05-01 15:14:47,SELL,1865.593107,1866.518879,-0.0496,0.5041,0.8181,1864.079238
2025-05-01 15:14:47,SELL,1865.605779,1866.533861,-0.0497,0.3493,2.0706,1860.075595
2025-05-01 15:14:59,BUY,1870.084097,1871.782866,-0.0908,177.0540,0.7224,1870.087912
2025-05-01 15:15:11,SELL,1870.603598,1871.295902,-0.0370,16.3561,0.6770,1870.564883
2025-05-01 15:15:11,SELL,1870.303890,1871.183118,-0.0470,3.7885,0.6669,1870.139275
2025-05-01 15:15:23,SELL,1871.359243,1872.233869,-0.0467,4.1331,0.6310,1871.216392
2025-05-01 15:15:23,BUY,1872.658543,1872.356915,0.0161,42.6596,0.6310,1872.672394
2025-05-01 15:15:23,BUY,1873.177897,1872.248746,0.0496,0.5000,1.8172,1876.581826
2025-05-01 15:15:23,SELL,1871.279074,1872.181618,-0.0482,2.2549,0.6310,1871.017253
2025-05-01 15:15:23,BUY,1872.119853,1871.184467,0.0500,1.2856,0.6408,1872.586411
2025-05-01 15:15:23,SELL,1870.233720,1871.168566,-0.0500,0.0503,2.0229,1832.639095
2025-05-01 15:15:23,SELL,1870.241675,1871.170064,-0.0496,0.4840,0.6306,1869.023121
2025-05-01 15:15:23,SELL,1870.192582,1871.087728,-0.0478,2.7162,0.6306,1869.975482
2025-05-01 15:15:35,SELL,1870.229118,1870.148470,0.0043,68.3195,0.7090,1870.219414
2025-05-01 15:15:47,SELL,1868.102626,1868.851247,-0.0401,12.5047,0.7129,1868.049373
2025-05-01 15:15:47,SELL,1868.750866,1869.223062,-0.0253,31.1175,34.5184,1867.714368
2025-05-01 15:15:59,SELL,1867.132932,1867.282957,-0.0080,52.7277,0.7524,1867.119610
2025-05-01 15:16:11,BUY,1868.945766,1868.739912,0.0110,49.0079,0.8281,1868.961555
2025-05-01 15:16:47,BUY,1869.675532,1868.742546,0.0499,0.1250,1.6272,1881.844720
2025-05-01 15:16:47,SELL,1867.805000,1868.738829,-0.0500,0.0364,1.6073,1826.591883
2025-05-01 15:16:59,SELL,1867.411994,1867.949873,-0.0288,26.6466,25.9439,1866.502911
2025-05-01 15:16:59,BUY,1868.885127,1867.951481,0.0500,0.0541,1.4687,1894.255144
2025-05-01 15:16:59,SELL,1866.967058,1867.850537,-0.0473,3.3938,1.2274,1866.629459
2025-05-01 15:17:11,SELL,1866.052785,1866.122596,-0.0037,58.1186,0.7805,1866.040255
2025-05-01 15:17:23,BUY,1867.461902,1866.933854,0.0283,27.3090,0.6924,1867.485577
2025-05-01 15:17:23,SELL,1865.997634,1866.928353,-0.0499,0.1850,1.0285,1860.809860
2025-05-01 15:17:23,SELL,1865.994807,1866.928189,-0.0500,0.0055,0.7190,1744.582399
2025-05-01 15:17:35,BUY,1868.791709,1868.786878,0.0003,62.5222,0.7797,1868.803361
2025-05-01 15:17:35,BUY,1869.757401,1868.858167,0.0481,2.3988,0.7797,1870.061268
2025-05-01 15:17:47,BUY,1870.295726,1869.863125,0.0231,33.8110,1.4602,1870.336113
2025-05-01 15:17:47,SELL,1868.927982,1869.862822,-0.0500,0.0102,0.7877,1796.663721
2025-05-01 15:17:59,SELL,1867.964438,1867.935166,0.0016,64.8134,34.7822,1867.463216
2025-05-01 15:18:11,SELL,1866.477857,1866.888107,-0.0220,35.2070,11.0480,1866.185005
2025-05-01 15:18:35,SELL,1865.774754,1866.528129,-0.0404,12.1114,0.7757,1865.715003
2025-05-01 15:18:47,SELL,1865.594070,1866.526548,-0.0500,0.0532,1.4240,1840.612384
2025-05-01 15:18:59,BUY,1867.852225,1867.310213,0.0290,26.3721,19.4052,1868.539430
2025-05-01 15:19:11,BUY,1868.649591,1868.120407,0.0283,27.2539,22.1672,1869.409534
2025-05-01 15:19:35,SELL,1867.187174,1868.120604,-0.0500,0.0429,1.3616,1837.586610
2025-05-01 15:19:35,BUY,1869.055680,1868.121881,0.0500,0.0496,1.3616,1894.728312
2025-05-01 15:19:59,SELL,1866.616042,1867.548144,-0.0499,0.1125,0.9439,1858.785251
2025-05-01 15:19:59,SELL,1866.902107,1867.551489,-0.0348,19.1341,7.7547,1866.523797
2025-05-01 15:20:11,SELL,1866.223125,1866.765388,-0.0290,26.3233,18.5504,1865.565548
2025-05-01 15:20:35,SELL,1865.795211,1866.691765,-0.0480,2.4770,0.7887,1865.498181
2025-05-01 15:20:35,SELL,1865.342333,1865.859269,-0.0277,28.0125,0.7547,1865.317204
2025-05-01 15:20:47,SELL,1864.300700,1864.607775,-0.0165,42.1332,33.7350,1863.554349
2025-05-01 15:21:11,SELL,1863.373930,1864.255153,-0.0473,3.4319,0.8154,1863.152574
2025-05-01 15:21:11,SELL,1863.322889,1864.254905,-0.0500,0.0084,1.4037,1707.356549
2025-05-01 15:21:11,SELL,1863.550150,1864.357015,-0.0433,8.4480,0.9004,1863.450841
2025-05-01 15:21:23,SELL,1863.238358,1864.085986,-0.0455,5.6913,0.9793,1863.078053
2025-05-01 15:21:35,BUY,1865.252569,1864.553930,0.0375,15.7735,0.7632,1865.297695
2025-05-01 15:21:47,BUY,1865.970943,1865.522289,0.0240,32.6227,0.7575,1865.992606
2025-05-01 15:21:59,SELL,1864.588140,1865.519519,-0.0499,0.0932,1.4250,1850.338213
2025-05-01 15:22:11,BUY,1866.516495,1865.646956,0.0466,4.2910,0.7728,1866.684561
2025-05-01 15:22:23,BUY,1866.624817,1865.736054,0.0476,3.0000,1.3909,1867.057522
2025-05-01 15:22:35,SELL,1864.798193,1865.726066,-0.0497,0.3361,0.9147,1862.260737
2025-05-01 15:22:59,BUY,1866.661672,1865.730614,0.0499,0.1531,0.7598,1871.293382
2025-05-01 15:23:11,SELL,1864.323421,1864.781735,-0.0246,31.9432,0.7444,1864.301699
2025-05-01 15:23:35,SELL,1866.285661,1865.675784,0.0327,103.8737,0.7446,1866.278972
2025-05-01 15:23:35,BUY,1867.669048,1868.764331,-0.0586,136.4929,1.3082,1867.677998
2025-05-01 15:23:35,SELL,1863.812954,1864.708919,-0.0480,2.4530,2.3889,1862.905406
2025-05-01 15:23:47,SELL,1864.444353,1865.078347,-0.0340,20.1079,12.5729,1863.861460
2025-05-01 15:23:47,SELL,1864.110301,1865.007307,-0.0481,2.3915,1.3667,1863.577623
2025-05-01 15:23:59,SELL,1863.788441,1864.434340,-0.0346,19.3019,9.3759,1863.335772
2025-05-01 15:24:11,SELL,1862.723102,1862.876267,-0.0082,52.5200,1.1774,1862.702223
2025-05-01 15:24:11,BUY,1864.189232,1863.258594,0.0499,0.0988,1.4109,1877.504326
2025-05-01 15:24:11,BUY,1863.997887,1863.255665,0.0398,12.8103,0.7402,1864.051736
2025-05-01 15:24:23,SELL,1862.130765,1862.866161,-0.0395,13.2439,0.9968,1862.060688
2025-05-01 15:24:35,BUY,1864.143910,1863.557889,0.0314,23.3417,22.1277,1865.027505
2025-05-01 15:24:47,SELL,1862.626071,1863.557811,-0.0500,0.0026,0.9456,1528.396354
2025-05-01 15:25:11,SELL,1862.607032,1863.519794,-0.0490,1.2811,1.6441,1861.411862
2025-05-01 15:25:11,BUY,1864.453143,1863.522029,0.0500,0.0754,1.3417,1881.046519
2025-05-01 15:25:23,SELL,1862.276857,1862.895227,-0.0332,21.1401,0.7189,1862.245190
2025-05-01 15:25:35,BUY,1863.830106,1862.901151,0.0499,0.2001,1.2547,1869.672691
2025-05-01 15:25:47,BUY,1864.317667,1863.870336,0.0240,32.6933,10.5931,1864.619699
2025-05-01 15:26:23,BUY,1864.806447,1863.877752,0.0498,0.2500,0.9769,1868.450092
2025-05-01 15:26:23,SELL,1862.945532,1863.877232,-0.0500,0.0175,1.3124,1793.134495
2025-05-01 15:26:35,SELL,1862.574590,1863.135561,-0.0301,24.9944,0.7039,1862.548363
2025-05-01 15:27:11,SELL,1861.907969,1862.543264,-0.0341,20.0000,0.6884,1861.875928
2025-05-01 15:27:35,BUY,1863.486051,1862.565351,0.0494,0.7462,0.9112,1864.623805
2025-05-01 15:27:47,BUY,1863.643580,1862.858176,0.0422,9.8931,1.0543,1863.742881
2025-05-01 15:27:59,BUY,1864.490349,1864.258727,0.0124,47.2379,0.7353,1864.504860
2025-05-01 15:28:11,BUY,1865.707194,1865.290244,0.0224,34.7595,14.9334,1866.107967
2025-05-01 15:28:11,BUY,1866.342436,1865.528293,0.0436,8.0159,0.7147,1866.425638
2025-05-01 15:28:35,SELL,1864.571500,1865.504061,-0.0500,0.0131,1.3818,1765.868610
2025-05-01 15:28:35,BUY,1866.462268,1865.529777,0.0500,0.0500,1.3819,1892.259374
2025-05-01 15:28:35,SELL,1864.584354,1865.504449,-0.0493,0.8525,1.3818,1863.073092
2025-05-01 15:28:47,BUY,1866.674631,1865.765043,0.0488,1.5993,0.8792,1867.187742
2025-05-01 15:28:47,BUY,1866.521785,1865.672990,0.0455,5.6882,0.7113,1866.638486
2025-05-01 15:28:47,BUY,1866.628582,1865.717544,0.0488,1.5001,0.7158,1867.073907
2025-05-01 15:28:59,BUY,1867.145354,1866.658626,0.0261,30.0836,1.3503,1867.187256
2025-05-01 15:29:23,BUY,1867.595029,1866.663829,0.0499,0.1751,1.2987,1874.520030
2025-05-01 15:29:23,SELL,1865.729754,1866.662342,-0.0500,0.0500,0.7956,1850.886325
2025-05-01 15:29:23,BUY,1867.608029,1866.686108,0.0494,0.8000,1.1928,1869.000290
2025-05-01 15:29:35,SELL,1865.692600,1866.565720,-0.0468,4.0505,0.7073,1865.529712
2025-05-01 15:29:35,BUY,1867.375437,1866.445650,0.0498,0.2629,1.3456,1872.154969
2025-05-01 15:29:35,SELL,1865.569152,1866.439089,-0.0466,4.2607,9.4056,1863.510011
2025-05-01 15:29:35,SELL,1865.505244,1866.437842,-0.0500,0.0420,1.3456,1835.604009
2025-05-01 15:29:47,SELL,1864.596433,1865.525712,-0.0498,0.2347,0.7018,1861.809313
2025-05-01 15:29:47,SELL,1865.056118,1865.532687,-0.0255,30.7225,0.6752,1865.035622
2025-05-01 15:29:59,SELL,1864.474601,1865.288904,-0.0437,7.9702,1.0334,1864.353726
2025-05-01 15:29:59,SELL,1864.355299,1865.287007,-0.0499,0.0639,0.8222,1852.352415
2025-05-01 15:29:59,SELL,1864.328743,1865.235741,-0.0486,1.7255,0.6552,1863.974774
2025-05-01 15:30:11,SELL,1864.302420,1865.234356,-0.0500,0.0466,0.8382,1847.537984
2025-05-01 15:30:23,BUY,1866.435217,1865.769680,0.0357,18.0257,9.2278,1866.912953
2025-05-01 15:30:59,SELL,1864.822636,1865.741348,-0.0492,0.9535,1.2835,1863.567467
2025-05-01 15:31:23,SELL,1863.245929,1863.209521,0.0020,65.2788,1.7481,1863.220981
2025-05-01 15:31:23,BUY,1864.035946,1863.420184,0.0330,21.3391,0.6290,1864.063419
2025-05-01 15:31:23,SELL,1864.511481,1865.147106,-0.0341,20.0000,0.6296,1864.482135
2025-05-01 15:31:23,BUY,1863.655868,1862.788010,0.0466,4.3224,0.6456,1863.795039
2025-05-01 15:31:23,SELL,1862.113008,1862.879640,-0.0412,11.1350,0.7965,1862.046410
2025-05-01 15:31:23,SELL,1861.838468,1862.660072,-0.0441,7.4142,0.7964,1861.738475
2025-05-01 15:31:35,BUY,1865.168006,1865.051040,0.0063,54.9734,0.6828,1865.179589
2025-05-01 15:31:47,BUY,1866.289391,1865.661502,0.0337,20.5566,12.8197,1866.871326
2025-05-01 15:31:47,BUY,1866.695326,1865.862461,0.0446,6.7663,0.8620,1866.814229
2025-05-01 15:32:11,SELL,1864.825922,1865.655148,-0.0444,6.9768,0.9701,1864.696278
2025-05-01 15:32:23,SELL,1863.522332,1863.255086,0.0143,80.8422,0.6471,1863.514874
2025-05-01 15:32:35,SELL,1862.150826,1863.081588,-0.0500,0.0526,0.6449,1850.742441
2025-05-01 15:32:35,SELL,1862.240636,1863.089436,-0.0456,5.5867,0.9630,1862.080130
2025-05-01 15:32:35,SELL,1862.154746,1863.083147,-0.0498,0.2123,0.6542,1859.286122
2025-05-01 15:32:47,SELL,1861.856549,1862.494345,-0.0342,19.8296,1.3430,1861.793502
2025-05-01 15:32:59,SELL,1861.384261,1862.136510,-0.0404,12.0847,1.8322,1861.243153
2025-05-01 15:33:11,SELL,1860.535180,1860.795312,-0.0140,45.2916,0.6228,1860.522389
2025-05-01 15:33:35,SELL,1859.955368,1860.885880,-0.0500,0.0029,1.2665,1454.334688
2025-05-01 15:33:35,BUY,1861.771524,1860.885966,0.0476,3.0619,2.6492,1862.576960
2025-05-01 15:33:47,BUY,1862.666913,1862.585425,0.0044,57.4232,0.6426,1862.677335
2025-05-01 15:33:47,SELL,1861.505979,1862.288983,-0.0420,10.0110,0.8317,1861.428650
2025-05-01 15:34:11,BUY,1863.228242,1862.304270,0.0496,0.5165,0.8457,1864.753540
2025-05-01 15:34:11,BUY,1862.296743,1861.366659,0.0500,0.0721,0.7858,1872.448574
2025-05-01 15:34:11,SELL,1860.903422,1861.364526,-0.0248,31.7407,0.7858,1860.880386
2025-05-01 15:34:11,BUY,1862.302991,1861.377015,0.0497,0.3500,0.7858,1864.393559
2025-05-01 15:34:23,SELL,1860.443568,1861.371502,-0.0499,0.1862,1.3441,1853.730032
2025-05-01 15:34:35,BUY,1862.301906,1861.372586,0.0499,0.1241,1.3131,1872.153061
2025-05-01 15:34:35,SELL,1860.439521,1861.368913,-0.0499,0.0874,1.3131,1846.470699
2025-05-01 15:34:47,SELL,1860.418958,1861.326681,-0.0488,1.5507,0.6586,1860.023879
2025-05-01 15:34:59,SELL,1860.313560,1861.178519,-0.0465,4.4330,0.6050,1860.186611
2025-05-01 15:34:59,SELL,1860.284996,1861.104511,-0.0440,7.5003,0.6050,1860.209967
2025-05-01 15:34:59,BUY,1862.138246,1861.309836,0.0445,6.9347,0.7726,1862.241976
2025-05-01 15:35:11,BUY,1862.368668,1861.696414,0.0361,17.5000,2.0699,1862.478810
2025-05-01 15:35:47,SELL,1860.699308,1861.563834,-0.0464,4.4783,1.0051,1860.490496
2025-05-01 15:35:47,SELL,1860.512126,1861.321869,-0.0435,8.1735,1.0050,1860.397744
2025-05-01 15:35:47,BUY,1862.470606,1861.756898,0.0383,14.7020,0.6389,1862.511077
2025-05-01 15:35:47,BUY,1862.831645,1862.043572,0.0423,9.6873,0.6390,1862.893087
2025-05-01 15:36:23,BUY,1863.041520,1862.176430,0.0465,4.4893,0.7682,1863.200910
2025-05-01 15:36:23,BUY,1863.115001,1862.190458,0.0496,0.4740,0.7577,1864.604136
2025-05-01 15:36:23,SELL,1861.259325,1862.190384,-0.0500,0.0025,0.8071,1560.825322
2025-05-01 15:36:35,SELL,1861.093708,1861.859071,-0.0411,11.1898,2.6319,1860.874835
2025-05-01 15:36:47,BUY,1863.376807,1863.031351,0.0185,39.6082,0.6136,1863.391242
2025-05-01 15:37:11,SELL,1862.099391,1863.030462,-0.0500,0.0300,0.6683,1841.357752
2025-05-01 15:37:23,SELL,1862.053126,1862.938776,-0.0475,3.0958,0.8367,1861.801508
2025-05-01 15:37:35,SELL,1863.223422,1864.145076,-0.0494,0.7024,1.3436,1861.441498
2025-05-01 15:37:35,BUY,1864.484327,1864.165925,0.0171,41.3867,34.0447,1865.251189
2025-05-01 15:37:47,SELL,1863.212774,1864.144946,-0.0500,0.0044,0.6794,1719.329941
2025-05-01 15:38:11,SELL,1863.212782,1864.144805,-0.0500,0.0047,0.6567,1734.263092
2025-05-01 15:38:23,SELL,1863.185219,1864.116558,-0.0500,0.0485,0.9432,1845.065158
2025-05-01 15:38:23,SELL,1863.199335,1864.117997,-0.0493,0.9032,1.3418,1861.815389
2025-05-01 15:38:35,BUY,1863.663373,1862.758736,0.0486,1.8376,0.6831,1864.009749
2025-05-01 15:38:35,SELL,1862.478330,1862.704345,-0.0121,47.6188,1.3536,1862.451860
2025-05-01 15:38:59,BUY,1864.089288,1863.556203,0.0286,26.9141,15.6249,1864.630386
2025-05-01 15:39:11,SELL,1862.616575,1863.540496,-0.0496,0.5293,1.3134,1860.305763
2025-05-01 15:39:35,SELL,1863.488965,1864.412686,-0.0495,0.5721,1.2856,1861.395146
2025-05-01 15:39:35,BUY,1864.917487,1864.429666,0.0262,29.9749,6.9439,1865.133497
2025-05-01 15:39:59,SELL,1863.482000,1864.414213,-0.0500,0.0033,0.8274,1627.094261
2025-05-01 15:39:59,BUY,1865.398505,1864.517399,0.0473,3.4781,0.9648,1865.657218
2025-05-01 15:39:59,SELL,1863.482181,1864.414310,-0.0500,0.0053,0.8274,1717.065726
2025-05-01 15:39:59,BUY,1865.346249,1864.414466,0.0500,0.0600,1.3003,1885.558754
2025-05-01 15:40:11,BUY,1865.451657,1864.520460,0.0499,0.1032,0.8852,1873.455824
2025-05-01 15:40:35,SELL,1863.481330,1864.306620,-0.0443,7.2043,0.6277,1863.400144
2025-05-01 15:40:47,SELL,1862.026216,1862.952080,-0.0497,0.3792,0.9932,1859.587885
2025-05-01 15:40:47,SELL,1862.702876,1862.963312,-0.0140,45.2778,16.5672,1862.362094
2025-05-01 15:41:11,SELL,1861.871305,1862.654639,-0.0421,10.0000,0.8084,1861.796051
2025-05-01 15:41:11,SELL,1862.019937,1862.950785,-0.0500,0.0437,1.2928,1834.502261
2025-05-01 15:41:11,SELL,1861.723223,1862.654461,-0.0500,0.0060,0.6485,1761.112858
2025-05-01 15:41:23,BUY,1895.109449,1915.084850,-1.0431,2870.7146,0.6608,1895.109667
2025-05-01 15:41:23,SELL,1877.314060,1877.776485,-0.0246,34.0434,0.6480,1877.296194
2025-05-01 15:41:23,SELL,1894.055878,1888.579961,0.2899,723.8765,0.6517,1894.055025
2025-05-01 15:41:23,SELL,1878.632883,1878.729946,-0.0052,60.1891,0.6483,1878.622765
2025-05-01 15:41:23,SELL,1883.564153,1880.414788,0.1675,295.4667,0.6489,1883.562085
2025-05-01 15:41:23,SELL,1906.225106,1899.462537,0.3560,1244.0959,0.6555,1906.224604
2025-05-01 15:41:23,SELL,1875.963315,1876.860128,-0.0478,2.9740,0.6477,1875.759047
2025-05-01 15:41:23,SELL,1876.421219,1876.943405,-0.0278,29.7469,0.6477,1876.400791
2025-05-01 15:41:35,SELL,1869.900101,1864.793973,0.2738,406.7616,0.6391,1869.898632
2025-05-01 15:41:47,BUY,1866.112139,1865.564390,0.0294,25.9498,51.8143,1867.975186
2025-05-01 15:41:47,BUY,1866.688658,1865.946256,0.0398,12.8575,51.8249,1870.450691
2025-05-01 15:41:59,SELL,1865.013100,1865.945979,-0.0500,0.0093,1.2078,1744.233177
2025-05-01 15:41:59,SELL,1865.012118,1865.944202,-0.0500,0.0598,0.5606,1856.269349
2025-05-01 15:42:11,SELL,1864.930827,1865.783319,-0.0457,5.4141,3.2501,1864.371060
2025-05-01 15:42:23,SELL,1863.201581,1864.114284,-0.0490,1.3048,0.5639,1862.798962
2025-05-01 15:42:23,SELL,1863.614492,1864.153012,-0.0289,26.5332,0.6063,1863.593199
2025-05-01 15:42:23,BUY,1865.869232,1864.940602,0.0498,0.2903,3.0308,1875.608369
2025-05-01 15:42:23,SELL,1864.424897,1864.931987,-0.0272,28.6555,5.7534,1864.237727
2025-05-01 15:42:59,SELL,1863.011850,1863.943307,-0.0500,0.0347,2.0865,1807.074662
2025-05-01 15:42:59,SELL,1863.097295,1863.944339,-0.0454,5.7261,1.7666,1862.809892
2025-05-01 15:42:59,SELL,1863.009979,1863.940605,-0.0499,0.0911,0.8819,1853.988707
2025-05-01 15:42:59,SELL,1862.878832,1863.680879,-0.0430,8.7517,0.8818,1862.784983
2025-05-01 15:43:11,SELL,1862.741634,1863.666067,-0.0496,0.4991,0.9501,1860.968733
2025-05-01 15:43:23,SELL,1862.161848,1862.521421,-0.0193,38.6166,52.2881,1860.901133
2025-05-01 15:43:35,SELL,1861.459776,1862.260531,-0.0430,8.8105,1.1095,1861.342570
2025-05-01 15:43:47,SELL,1861.179076,1861.959743,-0.0419,10.1586,0.5804,1861.125911
2025-05-01 15:44:11,SELL,1860.769954,1861.441901,-0.0361,17.4912,11.9601,1860.133780
2025-05-01 15:44:47,SELL,1860.511098,1861.441737,-0.0500,0.0055,0.7272,1738.175859
2025-05-01 15:45:11,BUY,1862.415850,1861.527547,0.0477,2.9000,0.5756,1862.600677
2025-05-01 15:45:23,BUY,1862.510533,1861.631009,0.0472,3.4965,1.2553,1862.844872
2025-05-01 15:46:35,SELL,1860.598039,1861.426603,-0.0445,6.9046,2.4029,1860.274284
2025-05-01 15:47:11,SELL,1860.301085,1861.036751,-0.0395,13.1630,0.5365,1860.263177
2025-05-01 15:47:23,SELL,1859.823931,1860.471909,-0.0348,19.0687,5.5719,1859.552208
2025-05-01 15:48:11,SELL,1859.303609,1859.995574,-0.0372,16.0830,6.2325,1858.943348
2025-05-01 15:48:11,SELL,1859.065331,1859.995454,-0.0500,0.0040,1.1737,1589.402246
2025-05-01 15:48:23,SELL,1858.498734,1858.861437,-0.0195,38.2851,38.4115,1857.566416
2025-05-01 15:48:23,BUY,1859.791565,1858.861802,0.0500,0.0123,1.2052,1950.702255
2025-05-01 15:48:35,SELL,1857.523775,1858.044291,-0.0280,27.5982,23.0014,1856.749710
2025-05-01 15:49:11,SELL,1856.837756,1857.489030,-0.0351,18.7485,8.0183,1856.440690
2025-05-01 15:49:11,SELL,1856.435232,1857.362433,-0.0499,0.1000,0.6487,1850.413462
2025-05-01 15:49:11,BUY,1858.290216,1857.365395,0.0498,0.2925,22.7393,1930.533396
2025-05-01 15:49:11,SELL,1856.494171,1857.356739,-0.0464,4.4673,0.5705,1856.375631
2025-05-01 15:49:23,BUY,1858.277855,1857.352413,0.0498,0.2500,1.2009,1862.740984
2025-05-01 15:49:23,SELL,1856.425047,1857.345013,-0.0495,0.5883,2.4493,1852.560274
2025-05-01 15:50:23,SELL,1856.421739,1857.348563,-0.0499,0.1250,0.7329,1850.979644
2025-05-01 15:50:23,SELL,1856.423663,1857.352265,-0.0500,0.0050,0.7329,1720.370878
2025-05-01 15:50:59,SELL,1856.341185,1857.230478,-0.0479,2.6572,0.7883,1856.065820
2025-05-01 15:50:59,SELL,1856.380750,1857.309163,-0.0500,0.0186,1.2683,1792.968116
2025-05-01 15:50:59,SELL,1856.400473,1857.309713,-0.0490,1.3120,0.5996,1855.976248
2025-05-01 15:51:11,SELL,1856.251730,1857.140204,-0.0478,2.7096,1.2683,1855.817309
2025-05-01 15:51:11,SELL,1856.296845,1857.220438,-0.0497,0.3391,0.5997,1854.655169
2025-05-01 15:51:23,SELL,1856.207087,1857.131107,-0.0498,0.3072,1.2168,1852.531089
2025-05-01 15:51:23,SELL,1856.198243,1857.122505,-0.0498,0.2905,1.2167,1852.310863
2025-05-01 15:51:23,SELL,1856.188684,1857.111980,-0.0497,0.3555,1.2167,1853.011810
2025-05-01 15:51:35,SELL,1855.782613,1856.310043,-0.0284,27.0855,20.6400,1855.075531
2025-05-01 15:51:47,BUY,1857.253780,1856.340262,0.0492,1.0213,1.5370,1858.651377
2025-05-01 15:51:59,SELL,1855.395621,1856.307305,-0.0491,1.1132,0.6259,1854.874023
2025-05-01 15:52:11,SELL,1855.376666,1856.306659,-0.0501,0.0005,0.9057,125.650879
2025-05-01 15:52:11,SELL,1855.378836,1856.306673,-0.0500,5.1496,0.9057,1855.215672
2025-05-01 15:52:47,SELL,1854.337504,1854.224196,0.0061,70.3625,0.5724,1854.329962
2025-05-01 15:53:11,SELL,1853.297009,1854.224048,-0.0500,0.0050,0.7369,1716.726146
2025-05-01 15:54:23,BUY,1855.152355,1854.225499,0.0500,0.0491,1.1682,1877.235894
2025-05-01 15:54:35,BUY,1855.154617,1854.228572,0.0499,0.1039,0.6359,1860.831315
2025-05-01 15:54:47,BUY,1855.192321,1854.300879,0.0481,2.4449,1.1943,1855.645425
2025-05-01 15:55:23,BUY,1855.368870,1854.581504,0.0425,9.4883,0.6763,1855.434988
2025-05-01 15:55:47,SELL,1852.458368,1852.190068,0.0145,80.9167,0.4646,1852.453049
2025-05-01 15:55:59,SELL,1851.263656,1852.189469,-0.0500,0.0203,0.7543,1816.831414
2025-05-01 15:56:11,BUY,1854.202615,1854.362716,-0.0086,73.5800,0.4642,1854.208464
2025-05-01 15:56:11,SELL,1852.973075,1853.437760,-0.0251,31.2823,0.4639,1852.959334
2025-05-01 15:56:11,BUY,1854.673694,1854.055184,0.0334,20.8992,0.4641,1854.694287
2025-05-01 15:56:11,SELL,1853.050936,1853.900668,-0.0458,5.2224,0.4641,1852.968605
2025-05-01 15:56:11,SELL,1852.973334,1853.899928,-0.0500,0.0250,0.8021,1823.286355
2025-05-01 15:56:23,SELL,1852.084680,1852.122919,-0.0021,60.1557,16.5333,1851.830165
2025-05-01 15:56:23,SELL,1851.183475,1852.107315,-0.0499,0.1500,0.7151,1846.771015
2025-05-01 15:56:23,BUY,1853.037674,1852.114993,0.0498,0.2601,0.6111,1855.214319
2025-05-01 15:56:23,SELL,1851.191271,1852.111744,-0.0497,0.3784,0.7725,1849.301558
2025-05-01 15:56:23,SELL,1851.052340,1851.841678,-0.0426,9.2553,0.7724,1850.975097
2025-05-01 15:56:47,BUY,1852.856645,1852.018760,0.0452,5.9996,1.0944,1853.025640
2025-05-01 15:57:23,BUY,1853.192221,1852.522965,0.0361,17.4346,0.4805,1853.217760
2025-05-01 15:57:23,SELL,1851.083123,1852.008320,-0.0500,5.4376,0.5103,1850.996259
2025-05-01 15:57:35,BUY,1853.557397,1852.738278,0.0442,7.2934,9.4026,1854.752192
2025-05-01 15:57:47,BUY,1853.753726,1852.915425,0.0452,6.0003,1.1817,1853.936270
2025-05-01 15:57:47,SELL,1852.201293,1853.127608,-0.0500,0.0169,0.5481,1822.091864
2025-05-01 15:57:47,BUY,1853.948737,1853.128106,0.0443,7.2035,0.8483,1854.057900
2025-05-01 15:58:11,BUY,1854.057314,1853.132958,0.0499,0.1812,0.8381,1858.345612
2025-05-01 15:58:35,BUY,1854.153045,1853.318984,0.0450,6.3004,1.1588,1854.323556
2025-05-01 15:58:35,BUY,1854.283034,1853.392802,0.0480,2.5000,1.1588,1854.712795
2025-05-01 15:58:35,SELL,1852.465863,1853.392476,-0.0500,0.0110,0.5166,1809.112249
2025-05-01 15:58:59,SELL,1852.261759,1853.188271,-0.0500,0.0055,0.6851,1737.530119
2025-05-01 15:58:59,SELL,1852.353662,1853.168135,-0.0440,7.5941,0.9512,1852.237656
2025-05-01 15:58:59,BUY,1854.105338,1853.188435,0.0495,0.6875,1.1180,1855.612859
2025-05-01 15:59:11,BUY,1854.115580,1853.188411,0.0500,0.0048,0.8073,2011.568228
2025-05-01 15:59:35,BUY,1854.204495,1853.292558,0.0492,1.0272,0.5024,1854.657913
2025-05-01 15:59:35,BUY,1854.152395,1853.262227,0.0480,2.5000,1.1382,1854.574474
2025-05-01 15:59:47,BUY,1854.220381,1853.293973,0.0500,0.0479,0.4959,1863.812220
2025-05-01 15:59:59,BUY,1854.252861,1853.357496,0.0483,2.1514,1.1444,1854.746033
2025-05-01 15:59:59,SELL,1852.422904,1853.341663,-0.0496,0.5360,1.1444,1850.445255
2025-05-01 16:00:23,BUY,1854.557751,1853.919396,0.0344,19.5620,8.4828,1854.959854
2025-05-01 16:00:35,BUY,1854.893946,1854.013602,0.0475,3.1856,1.1943,1855.241645
2025-05-01 16:00:47,SELL,1852.978360,1853.797092,-0.0442,7.3209,2.5391,1852.657026
2025-05-01 16:00:59,SELL,1853.435127,1854.228180,-0.0428,9.0661,1.2314,1853.309251
2025-05-01 16:00:59,BUY,1855.074233,1854.496446,0.0312,23.6509,0.5706,1855.096611
2025-05-01 16:01:11,BUY,1855.773929,1854.890484,0.0476,3.0049,0.5982,1855.958639
2025-05-01 16:01:11,SELL,1853.869931,1854.796205,-0.0499,0.0766,1.2659,1838.557629
2025-05-01 16:01:11,BUY,1855.695266,1854.798473,0.0483,2.0998,0.8144,1856.055132
2025-05-01 16:01:11,BUY,1855.726770,1854.801600,0.0499,0.1824,0.8256,1859.926016
2025-05-01 16:01:11,SELL,1853.299682,1854.225422,-0.0499,0.0932,1.2655,1840.717498
2025-05-01 16:01:11,BUY,1855.408580,1854.736364,0.0362,17.2754,7.8089,1855.827924
2025-05-01 16:01:23,BUY,1855.917333,1855.104756,0.0438,7.8010,1.0174,1856.038359
2025-05-01 16:01:23,SELL,1853.954801,1854.874000,-0.0496,0.5570,1.2844,1851.817252
2025-05-01 16:01:47,BUY,1856.260772,1855.560555,0.0377,15.4075,35.6198,1858.406477
2025-05-01 16:01:59,SELL,1854.766694,1855.672222,-0.0488,1.5081,0.9116,1854.206116
2025-05-01 16:01:59,BUY,1856.566990,1855.716862,0.0458,5.2832,1.0190,1856.746036
2025-05-01 16:02:23,BUY,1856.739656,1855.974226,0.0412,11.0139,3.5519,1857.039043
2025-05-01 16:02:23,SELL,1854.732460,1855.648360,-0.0494,0.8061,1.4711,1853.040123
2025-05-01 16:02:35,SELL,1855.034227,1855.950191,-0.0494,0.8119,1.4242,1853.407274
2025-05-01 16:02:47,BUY,1856.967438,1856.127721,0.0452,6.0000,1.5134,1857.201631
2025-05-01 16:02:59,SELL,1855.050084,1855.828437,-0.0419,10.1100,1.5642,1854.906580
2025-05-01 16:02:59,SELL,1854.816708,1855.720466,-0.0487,1.6293,0.9127,1854.297171
2025-05-01 16:02:59,SELL,1854.870666,1855.768695,-0.0484,2.0182,0.9687,1854.425517
2025-05-01 16:03:23,SELL,1854.790329,1855.715929,-0.0499,0.1533,1.5172,1845.609022
2025-05-01 16:03:35,SELL,1854.782615,1855.705015,-0.0497,0.3687,0.9687,1852.346126
2025-05-01 16:03:35,SELL,1854.761237,1855.673149,-0.0491,1.0766,0.9687,1853.926780
2025-05-01 16:03:47,SELL,1854.726129,1855.634765,-0.0490,1.2967,1.7174,1853.497906
2025-05-01 16:03:47,SELL,1854.554926,1855.330583,-0.0418,10.2768,1.7792,1854.394384
2025-05-01 16:03:59,SELL,1854.402178,1855.329103,-0.0500,0.0500,1.3162,1829.994411
2025-05-01 16:04:11,BUY,1856.442233,1855.698939,0.0401,12.5011,1.8791,1856.581759
2025-05-01 16:04:11,SELL,1854.724236,1855.650844,-0.0499,0.0829,1.4822,1838.138861
2025-05-01 16:04:11,SELL,1854.748280,1855.653297,-0.0488,1.5419,1.3457,1853.938949
2025-05-01 16:04:47,SELL,1854.638243,1855.481213,-0.0454,5.7308,1.5454,1854.388180
2025-05-01 16:04:59,BUY,1856.363261,1855.775801,0.0317,23.0322,11.1961,1856.814455
2025-05-01 16:04:59,BUY,1856.912564,1856.192437,0.0388,14.0813,1.1374,1856.987558
2025-05-01 16:04:59,SELL,1854.360163,1855.094420,-0.0396,13.0685,1.3341,1854.265511
2025-05-01 16:05:23,BUY,1858.033408,1857.173384,0.0463,4.6620,1.2925,1858.290969
2025-05-01 16:05:23,SELL,1856.112892,1857.035402,-0.0497,0.4061,1.2924,1853.159268
2025-05-01 16:05:23,BUY,1857.548657,1857.047427,0.0270,28.8916,22.6625,1858.277185
2025-05-01 16:05:35,SELL,1856.380785,1857.300077,-0.0495,0.6324,1.2552,1854.538410
2025-05-01 16:05:35,BUY,1858.175180,1857.318804,0.0461,4.9132,1.2385,1858.409384
2025-05-01 16:05:59,BUY,1858.263211,1857.334539,0.0500,0.0319,1.4174,1899.519678
2025-05-01 16:05:59,BUY,1858.245959,1857.333594,0.0491,1.1324,1.5541,1859.521071
2025-05-01 16:06:11,SELL,1856.193465,1857.119291,-0.0499,0.1849,1.8637,1846.836438
2025-05-01 16:06:11,SELL,1856.198907,1857.124765,-0.0499,0.1829,1.8637,1846.739351
2025-05-01 16:06:11,SELL,1856.303740,1857.130180,-0.0445,6.9011,1.8637,1856.053084
2025-05-01 16:06:23,SELL,1856.134290,1857.006354,-0.0470,3.8140,2.0118,1855.644748
2025-05-01 16:06:35,BUY,1858.048543,1857.242304,0.0434,8.2969,1.5454,1858.221584
2025-05-01 16:06:35,SELL,1856.073045,1856.996741,-0.0497,0.3246,2.0161,1850.309765
2025-05-01 16:06:47,SELL,1856.854897,1857.775993,-0.0496,0.5266,2.0218,1853.290013
2025-05-01 16:06:47,BUY,1858.446148,1857.791588,0.0352,18.5567,6.4980,1858.771535
2025-05-01 16:06:59,BUY,1858.709575,1857.784446,0.0498,0.2855,2.0194,1865.282083
2025-05-01 16:07:35,SELL,1856.845015,1857.763361,-0.0494,0.7119,1.5652,1854.803808
2025-05-01 16:07:35,SELL,1856.830614,1857.757704,-0.0499,0.1209,1.3965,1846.103321
2025-05-01 16:07:35,SELL,1856.833436,1857.761284,-0.0499,0.0701,1.3976,1838.333760
2025-05-01 16:07:47,SELL,1856.842994,1857.771630,-0.0500,0.0169,1.6058,1768.679944
2025-05-01 16:07:47,SELL,1856.841851,1857.769852,-0.0500,0.0600,1.6116,1831.918312
2025-05-01 16:07:47,BUY,1858.694265,1857.772131,0.0496,0.4873,1.6116,1861.767559
2025-05-01 16:07:59,BUY,1859.411870,1859.194750,0.0117,48.1250,51.1402,1860.399825
2025-05-01 16:08:11,SELL,1858.250725,1859.165882,-0.0492,0.9743,5.5381,1852.969618
2025-05-01 16:08:11,SELL,1858.229540,1859.152357,-0.0496,0.4565,1.7253,1854.717980
2025-05-01 16:08:35,SELL,1858.153532,1859.082457,-0.0500,0.0429,1.4606,1826.540090
2025-05-01 16:08:35,SELL,1858.220649,1859.148095,-0.0499,0.1438,1.7785,1846.733215
2025-05-01 16:08:35,SELL,1858.186353,1859.083728,-0.0483,2.1725,1.4612,1857.561458
2025-05-01 16:08:47,SELL,1858.151764,1859.080153,-0.0499,0.0777,1.7021,1837.810146
2025-05-01 16:08:59,BUY,1860.010496,1859.080818,0.0500,0.0225,1.5119,1922.615403
2025-05-01 16:09:11,SELL,1858.151107,1859.080540,-0.0500,0.0094,1.6238,1697.520255
2025-05-01 16:09:23,BUY,1860.577227,1860.213356,0.0196,38.2648,12.7953,1860.888303
2025-05-01 16:09:23,SELL,1859.281167,1860.209191,-0.0499,0.1406,2.3113,1843.999319
2025-05-01 16:09:47,BUY,1861.434112,1860.797645,0.0342,19.8764,5.6258,1861.697542
2025-05-01 16:09:59,BUY,1861.842278,1861.025076,0.0439,7.6812,2.2255,1862.111995
2025-05-01 16:09:59,BUY,1862.134104,1861.380964,0.0405,12.0210,1.8699,1862.278932
2025-05-01 16:10:11,SELL,1860.634311,1861.556388,-0.0495,0.5882,2.3119,1856.978024
2025-05-01 16:10:11,SELL,1860.435737,1861.351877,-0.0492,0.9825,1.8321,1858.701103
2025-05-01 16:10:11,SELL,1860.612909,1861.534591,-0.0495,0.6142,1.6584,1858.100809
2025-05-01 16:10:11,BUY,1862.394034,1861.573803,0.0441,7.5000,2.3119,1862.681076
2025-05-01 16:10:11,SELL,1860.601978,1861.530900,-0.0499,0.1247,1.6944,1847.957169
2025-05-01 16:10:11,SELL,1860.623801,1861.552774,-0.0499,0.1221,1.6585,1847.984939
2025-05-01 16:10:35,SELL,1859.767299,1860.696250,-0.0499,0.0946,1.8742,1841.348581
2025-05-01 16:10:35,SELL,1860.184439,1860.699053,-0.0277,28.0853,1.8575,1860.122925
2025-05-01 16:10:47,SELL,1859.490639,1860.145491,-0.0352,18.5943,2.1102,1859.385127
2025-05-01 16:11:11,SELL,1859.129705,1860.049479,-0.0494,0.6926,2.0396,1856.392239
2025-05-01 16:11:11,SELL,1859.177687,1860.069992,-0.0480,2.5491,2.0444,1858.432170
2025-05-01 16:11:23,SELL,1859.150323,1860.077597,-0.0499,0.1870,2.5642,1846.405656
2025-05-01 16:11:23,BUY,1860.996806,1860.083136,0.0491,5.9484,2.4543,1861.380726
2025-05-01 16:11:35,SELL,1859.128365,1860.051998,-0.0497,0.4320,1.8933,1855.054765
2025-05-01 16:11:35,SELL,1859.141158,1860.064794,-0.0497,0.4323,2.5462,1853.666122
2025-05-01 16:11:47,SELL,1859.121741,1860.051680,-0.0500,0.0108,2.2685,1662.963799
2025-05-01 16:11:47,SELL,1859.119447,1860.047274,-0.0499,0.1488,1.9145,1847.156628
2025-05-01 16:12:11,BUY,1860.978073,1860.047837,0.0500,0.0190,2.0172,1959.602356
2025-05-01 16:12:23,BUY,1861.015519,1860.122185,0.0480,2.5116,1.8888,1861.715298
2025-05-01 16:12:47,BUY,1861.054083,1860.124920,0.0500,0.0924,2.5872,1887.115681
2025-05-01 16:13:23,BUY,1861.055818,1860.125660,0.0500,0.0250,2.7849,1964.711153
2025-05-01 16:13:35,BUY,1861.143389,1860.299978,0.0453,5.8884,2.7540,1861.578612
2025-05-01 16:13:47,SELL,1859.326513,1860.213306,-0.0477,2.9263,1.9611,1858.703487
2025-05-01 16:13:59,BUY,1861.265997,1860.457429,0.0435,8.2462,2.7598,1861.577457
2025-05-01 16:14:23,SELL,1858.760023,1858.922409,-0.0087,51.8235,2.4761,1858.715618
2025-05-01 16:14:35,BUY,1860.378603,1859.974402,0.0217,35.5327,13.7470,1860.738478
2025-05-01 16:14:35,SELL,1858.970198,1859.825896,-0.0460,5.0144,2.8068,1858.449931
2025-05-01 16:14:47,SELL,1858.884645,1859.803210,-0.0494,0.7661,2.2764,1856.122803
2025-05-01 16:14:59,SELL,1859.093237,1860.016088,-0.0496,0.4837,2.2656,1854.739281
2025-05-01 16:14:59,BUY,1860.847231,1860.030413,0.0439,7.6755,2.5526,1861.156654
2025-05-01 16:15:11,SELL,1858.756974,1859.357564,-0.0323,22.2354,8.7276,1858.392184
2025-05-01 16:15:23,SELL,1857.615867,1858.537574,-0.0496,0.5108,2.0353,1853.914890
2025-05-01 16:15:23,SELL,1857.652313,1858.552706,-0.0484,1.9511,2.2539,1856.579298
2025-05-01 16:15:23,SELL,1858.010745,1858.610503,-0.0323,22.2597,2.0187,1857.926496
2025-05-01 16:15:23,SELL,1858.384117,1859.269985,-0.0476,2.9558,58.8938,1839.869874
2025-05-01 16:15:47,SELL,1856.788897,1857.510694,-0.0389,13.9835,4.0760,1856.518283
2025-05-01 16:15:47,SELL,1857.302067,1857.924841,-0.0335,20.6857,8.6939,1856.911767
2025-05-01 16:15:59,SELL,1856.574440,1857.495692,-0.0496,0.5066,2.2777,1852.400489
2025-05-01 16:16:11,SELL,1856.003137,1856.893474,-0.0479,2.5754,2.6782,1855.038102
2025-05-01 16:16:11,SELL,1856.304077,1856.969733,-0.0358,17.7613,2.2442,1856.186802
2025-05-01 16:16:35,SELL,1855.185975,1855.334914,-0.0080,52.6472,15.8176,1854.907283
2025-05-01 16:16:35,BUY,1856.264392,1855.337606,0.0500,0.0910,2.6110,1882.901834
2025-05-01 16:16:47,SELL,1854.404440,1855.326609,-0.0497,0.3715,4.5153,1843.136379
2025-05-01 16:16:47,SELL,1854.386484,1855.301674,-0.0493,0.8425,2.4120,1851.731834
2025-05-01 16:16:59,SELL,1854.360383,1855.274381,-0.0493,0.9221,2.8200,1851.524913
2025-05-01 16:17:11,BUY,1856.203168,1855.274422,0.0501,0.0014,2.1289,3291.068486
2025-05-01 16:17:35,BUY,1856.317108,1855.503484,0.0438,7.7429,2.8386,1856.657377
2025-05-01 16:17:47,SELL,1854.575291,1855.502653,-0.0500,0.0281,2.7896,1762.363383
2025-05-01 16:17:59,SELL,1854.574320,1855.501534,-0.0500,0.0378,2.7128,1788.038239
2025-05-01 16:18:11,SELL,1854.573500,1855.501479,-0.0500,0.0019,2.1224,793.351307
2025-05-01 16:18:11,SELL,1854.512913,1855.379789,-0.0467,4.1114,2.0846,1854.042761
2025-05-01 16:18:11,BUY,1856.330141,1855.424164,0.0488,1.5000,2.6820,1857.989670
2025-05-01 16:18:23,BUY,1856.352479,1855.424425,0.0500,0.0088,2.2803,2096.787755
2025-05-01 16:18:59,BUY,1856.829379,1856.377624,0.0243,32.2164,2.0693,1856.889013
2025-05-01 16:19:11,SELL,1855.443686,1856.366120,-0.0497,0.3886,2.3052,1849.939686
2025-05-01 16:19:23,BUY,1857.323568,1856.423692,0.0485,1.9455,2.0782,1858.315566
2025-05-01 16:19:35,SELL,1855.535135,1856.463698,-0.0500,0.0018,2.3040,645.625090
2025-05-01 16:19:35,BUY,1857.372407,1856.463750,0.0489,1.3537,16.5227,1868.707426
2025-05-01 16:19:47,SELL,1855.664924,1856.593184,-0.0500,0.0025,2.0410,1098.173343
2025-05-01 16:19:47,BUY,1857.457206,1856.593258,0.0465,4.3782,243.1267,1909.030890
2025-05-01 16:20:11,SELL,1855.562823,1856.490542,-0.0500,0.0360,2.1806,1799.347045
2025-05-01 16:20:11,SELL,1855.572218,1856.491607,-0.0495,0.5986,2.1806,1852.192489
2025-05-01 16:20:11,SELL,1855.622981,1856.509330,-0.0477,2.8322,2.3863,1854.841232
2025-05-01 16:20:23,SELL,1855.515714,1856.441858,-0.0499,0.1406,2.1872,1841.082644
2025-05-01 16:20:23,SELL,1855.540047,1856.446021,-0.0488,1.5038,2.3846,1854.068825
2025-05-01 16:20:47,SELL,1855.512994,1856.440608,-0.0500,0.0422,2.8204,1793.535927
2025-05-01 16:21:11,SELL,1855.503463,1856.419896,-0.0494,0.7960,2.4116,1852.692750
2025-05-01 16:21:11,BUY,1857.370727,1856.443463,0.0499,0.0965,2.7605,1883.950485
2025-05-01 16:21:11,SELL,1855.423055,1856.282568,-0.0463,4.6386,2.1711,1854.988832
2025-05-01 16:21:23,SELL,1856.294978,1857.106783,-0.0437,7.8893,2.4349,1856.008520
2025-05-01 16:21:23,SELL,1856.459890,1857.340404,-0.0474,3.2539,2.3217,1855.797582
2025-05-01 16:21:23,BUY,1857.788471,1857.436766,0.0189,38.9998,18.2078,1858.222143
2025-05-01 16:21:23,BUY,1858.036152,1857.106878,0.0500,0.0032,2.1014,2465.310828
2025-05-01 16:21:35,SELL,1857.395578,1858.307805,-0.0491,1.1434,2.4414,1855.412650
2025-05-01 16:21:35,BUY,1858.653499,1858.341676,0.0168,41.7132,15.2099,1858.992360
2025-05-01 16:21:47,BUY,1859.448733,1858.730237,0.0387,14.2672,5.2878,1859.793312
2025-05-01 16:21:59,SELL,1857.796447,1858.721961,-0.0498,0.2599,2.0921,1850.317792
2025-05-01 16:21:59,SELL,1857.800548,1858.729659,-0.0500,0.0195,2.0921,1758.135098
2025-05-01 16:22:11,SELL,1857.792210,1858.721208,-0.0500,0.0254,2.3164,1773.093945
2025-05-01 16:22:35,BUY,1859.723720,1858.866511,0.0461,4.9071,2.8083,1860.255872
2025-05-01 16:22:47,SELL,1857.931185,1858.854723,-0.0497,0.3979,2.4022,1852.322629
2025-05-01 16:23:11,SELL,1857.914020,1858.832163,-0.0494,0.7615,2.1045,1855.346731
2025-05-01 16:23:23,SELL,1857.902265,1858.831227,-0.0500,0.0316,2.8383,1774.422956
2025-05-01 16:23:35,BUY,1859.878702,1859.066305,0.0437,7.9386,2.7987,1860.206549
2025-05-01 16:23:47,BUY,1860.667249,1859.768260,0.0483,2.1179,2.5048,1861.767556
2025-05-01 16:23:47,SELL,1858.780181,1859.705571,-0.0498,0.3017,2.7091,1850.434436
2025-05-01 16:23:47,BUY,1860.320588,1859.714506,0.0326,21.8932,2.0396,1860.407242
2025-05-01 16:24:11,SELL,1858.830958,1859.753416,-0.0496,0.5013,2.8020,1853.635586
2025-05-01 16:24:11,SELL,1858.822013,1859.750380,-0.0499,0.1025,2.3986,1837.075992
2025-05-01 16:24:23,BUY,1860.743629,1859.876137,0.0466,4.2485,2.5175,1861.294931
2025-05-01 16:24:35,BUY,1860.944002,1860.150932,0.0426,9.2831,2.9075,1861.235432
2025-05-01 16:24:47,SELL,1859.109298,1859.927710,-0.0440,7.5370,2.0460,1858.856964
2025-05-01 16:24:59,BUY,1860.861103,1859.933630,0.0499,0.2000,2.4109,1872.076941
2025-05-01 16:25:23,BUY,1861.115256,1860.435800,0.0365,16.9634,4.2646,1861.349198
2025-05-01 16:25:35,BUY,1862.268000,1862.238016,0.0016,60.8855,2.2527,1862.302451
2025-05-01 16:25:35,BUY,1863.185752,1862.270301,0.0492,1.0908,2.6501,1865.449035
2025-05-01 16:25:59,SELL,1861.336563,1862.265102,-0.0499,0.1756,2.3681,1848.782674
2025-05-01 16:26:23,SELL,1861.332442,1862.262047,-0.0499,0.1032,2.5742,1838.113328
2025-05-01 16:26:35,SELL,1861.329763,1862.259757,-0.0499,0.0773,2.6076,1829.953580
2025-05-01 16:27:11,BUY,1863.321327,1862.519585,0.0430,8.7787,5.0791,1863.860353
2025-05-01 16:28:23,SELL,1861.586505,1862.515956,-0.0499,0.1225,2.9986,1838.809945
2025-05-01 16:28:35,SELL,1861.568996,1862.484539,-0.0492,1.0609,2.6348,1859.257394
2025-05-01 16:28:47,SELL,1861.511540,1862.442281,-0.0500,0.0331,2.5889,1788.645956
2025-05-01 16:28:47,SELL,1861.532668,1862.443261,-0.0489,1.3939,2.9602,1859.556066
2025-05-01 16:29:11,SELL,1861.508347,1862.436862,-0.0499,0.1830,2.9620,1846.444105
2025-05-01 16:29:23,SELL,1861.504477,1862.434544,-0.0499,0.0783,3.2481,1822.872969
2025-05-01 16:29:47,SELL,1861.488491,1862.404858,-0.0492,1.0025,2.6132,1859.062337
2025-05-01 16:29:59,SELL,1861.444701,1862.346921,-0.0484,1.9565,3.1755,1859.934133
2025-05-01 16:29:59,BUY,1863.278837,1862.347245,0.0500,0.0109,2.5058,2076.760859
2025-05-01 16:30:47,SELL,1861.399054,1862.329985,-0.0500,0.0158,2.5210,1712.804515
2025-05-01 16:30:47,SELL,1861.407679,1862.330453,-0.0495,0.5671,2.6371,1857.079490
2025-05-01 16:30:59,BUY,1863.835428,1863.477641,0.0192,38.7500,29.7620,1864.551190
2025-05-01 16:31:11,SELL,1862.541347,1863.468529,-0.0498,0.3071,2.5682,1854.752088
2025-05-01 16:31:23,SELL,1862.499626,1863.394155,-0.0480,2.5062,2.7168,1861.490131
2025-05-01 16:31:59,SELL,1862.374024,1863.217203,-0.0453,5.9632,2.7333,1861.947202
2025-05-01 16:32:23,BUY,1864.215978,1863.352091,0.0464,4.6002,2.5255,1864.727702
2025-05-01 16:32:23,SELL,1862.284819,1863.215651,-0.0500,9.0943,2.8370,1861.994345
2025-05-01 16:32:47,BUY,1864.628921,1864.041185,0.0315,23.2312,17.7780,1865.342390
2025-05-01 16:33:11,BUY,1864.974034,1864.041857,0.0500,0.0226,2.0970,1951.337380
2025-05-01 16:33:35,SELL,1863.109267,1864.040756,-0.0500,0.0371,2.7918,1793.027953
2025-05-01 16:33:47,SELL,1863.108706,1864.040696,-0.0500,0.0020,2.1557,859.029626
2025-05-01 16:34:11,BUY,1865.418255,1864.930502,0.0262,29.9913,11.0827,1865.762920
2025-05-01 16:34:23,SELL,1863.996238,1864.926905,-0.0499,0.1212,2.3855,1845.645924
2025-05-01 16:34:35,SELL,1864.436742,1865.354987,-0.0492,0.9720,2.5820,1861.960402
2025-05-01 16:34:35,BUY,1866.088390,1865.383867,0.0378,15.3903,5.3138,1866.410541
2025-05-01 16:34:59,BUY,1866.289035,1865.356794,0.0500,12.5000,2.6777,1866.488928
2025-05-01 16:35:11,SELL,1864.423427,1865.355443,-0.0500,0.0454,2.1153,1821.024935
2025-05-01 16:35:35,SELL,1864.261818,1865.033401,-0.0414,10.8370,2.5436,1864.043036
2025-05-01 16:35:35,SELL,1864.099024,1865.029678,-0.0499,0.1253,2.5436,1845.180524
2025-05-01 16:36:23,SELL,1864.091024,1865.017400,-0.0497,0.4132,2.1634,1859.210837
2025-05-01 16:36:59,SELL,1864.057494,1864.962579,-0.0485,1.8462,1.8750,1863.110932
2025-05-01 16:36:59,SELL,1864.028624,1864.959639,-0.0499,0.0990,2.4333,1841.127094
2025-05-01 16:37:11,SELL,1864.001231,1864.907758,-0.0486,1.7472,2.1458,1862.856631
2025-05-01 16:37:47,SELL,1863.973742,1864.904640,-0.0499,0.1050,2.2079,1844.374213
2025-05-01 16:37:59,SELL,1863.964038,1864.888335,-0.0496,0.5491,2.4947,1859.730053
2025-05-01 16:38:35,SELL,1863.122691,1863.799141,-0.0363,17.2198,3.5754,1862.929267
2025-05-01 16:38:35,SELL,1863.667011,1864.310330,-0.0345,19.4677,1.5629,1863.592200
2025-05-01 16:38:35,BUY,1864.735752,1863.807625,0.0498,0.2859,2.2335,1872.018552
2025-05-01 16:38:47,SELL,1862.875543,1863.807269,-0.0500,0.0120,1.9895,1708.453708
2025-05-01 16:39:11,BUY,1865.100452,1864.178768,0.0494,0.7324,2.1732,1867.867490
2025-05-01 16:39:11,BUY,1864.914601,1864.157035,0.0406,11.7883,2.2710,1865.094241
2025-05-01 16:39:11,SELL,1863.244189,1864.173789,-0.0499,0.1677,2.1732,1851.170958
2025-05-01 16:39:11,SELL,1863.240320,1864.171024,-0.0499,0.0932,1.5029,1848.211154
2025-05-01 16:39:23,SELL,1863.223370,1864.139872,-0.0492,1.0493,2.2271,1861.246127
2025-05-01 16:39:35,BUY,1865.523197,1865.041124,0.0258,30.3696,8.4565,1865.782928
2025-05-01 16:39:47,SELL,1864.396830,1865.329250,-0.0500,0.0169,1.6331,1774.393135
2025-05-01 16:39:47,BUY,1866.118492,1865.329753,0.0423,9.7175,1.6163,1866.273689
2025-05-01 16:39:59,BUY,1866.518666,1865.841599,0.0363,17.2477,3.8905,1866.729178
2025-05-01 16:39:59,SELL,1864.776143,1865.576406,-0.0429,8.9227,2.2667,1864.539285
2025-05-01 16:40:11,BUY,1866.831241,1866.219301,0.0328,21.6406,13.0916,1867.395914
2025-05-01 16:40:35,SELL,1865.285946,1866.218820,-0.0500,0.0162,2.3083,1732.323114
2025-05-01 16:41:23,SELL,1865.285500,1866.218446,-0.0500,0.0126,2.2775,1696.355553
2025-05-01 16:41:47,SELL,1865.268980,1866.200697,-0.0499,0.0933,2.1413,1843.856291
2025-05-01 16:41:47,SELL,1865.277851,1866.203469,-0.0496,0.5038,1.6332,1862.254716
2025-05-01 16:41:59,SELL,1865.267055,1866.199639,-0.0500,0.0356,1.5576,1824.456610
2025-05-01 16:42:23,SELL,1865.265750,1866.198080,-0.0500,0.0525,1.6460,1836.003425
2025-05-01 16:42:35,SELL,1865.264597,1866.197380,-0.0500,0.0235,2.1499,1780.007139
2025-05-01 16:42:35,SELL,1865.264193,1866.197202,-0.0500,0.0060,1.7443,1594.139225
2025-05-01 16:42:47,SELL,1865.262090,1866.193182,-0.0499,0.1352,2.0678,1851.001663
2025-05-01 16:43:11,SELL,1865.299421,1866.232146,-0.0500,0.0267,1.7368,1804.623771
2025-05-01 16:43:11,BUY,1867.146635,1866.232939,0.0490,1.3382,1.8402,1868.430492
2025-05-01 16:43:35,SELL,1865.298057,1866.230205,-0.0499,0.0653,2.0725,1835.691590
2025-05-01 16:43:47,BUY,1867.522270,1866.946904,0.0308,24.1196,13.8465,1868.058321
2025-05-01 16:44:11,BUY,1869.420670,1870.025833,-0.0324,103.5516,1.3920,1869.433235
2025-05-01 16:44:23,SELL,1869.559359,1870.443009,-0.0472,3.4683,1.2917,1869.211217
2025-05-01 16:44:23,BUY,1871.221611,1870.546204,0.0361,17.4991,1.9483,1871.325782
2025-05-01 16:44:35,SELL,1869.499208,1870.433099,-0.0499,0.0897,1.4293,1854.607976
2025-05-01 16:44:35,SELL,1869.502779,1870.435769,-0.0499,0.1499,1.4133,1860.688214
2025-05-01 16:44:35,SELL,1869.506390,1870.440228,-0.0499,0.0935,2.0858,1848.648060
2025-05-01 16:44:47,SELL,1869.438026,1870.313327,-0.0468,4.0256,1.4067,1869.111404
2025-05-01 16:44:59,SELL,1869.345928,1870.248810,-0.0483,2.1685,1.5499,1868.677890
2025-05-01 16:45:11,SELL,1868.751279,1869.123603,-0.0199,37.8257,1.3023,1868.719109
2025-05-01 16:45:11,BUY,1870.062826,1869.131983,0.0498,0.2819,1.9752,1876.614844
2025-05-01 16:45:23,SELL,1868.192173,1869.125209,-0.0499,0.1028,1.9271,1850.673078
2025-05-01 16:45:23,SELL,1868.195559,1869.128265,-0.0499,0.1250,1.5293,1856.767288
2025-05-01 16:45:35,SELL,1868.189250,1869.122430,-0.0499,0.0934,1.9683,1848.506044
2025-05-01 16:45:47,SELL,1868.183665,1869.114017,-0.0498,0.2829,2.0168,1861.523659
2025-05-01 16:45:47,SELL,1867.768641,1868.291936,-0.0280,27.6335,1.3602,1867.722674
2025-05-01 16:46:23,SELL,1867.341561,1868.259462,-0.0491,1.0914,2.0091,1865.622853
2025-05-01 16:47:23,BUY,1870.027187,1869.925046,0.0055,56.0182,1.1573,1870.046504
2025-05-01 16:47:23,SELL,1868.577693,1869.099943,-0.0279,27.7385,1.1568,1868.538729
2025-05-01 16:47:23,SELL,1868.050913,1868.870875,-0.0439,7.7019,1.1567,1867.910641
2025-05-01 16:47:35,SELL,1867.578042,1868.153730,-0.0308,24.1034,8.1762,1867.261288
2025-05-01 16:47:59,SELL,1866.943618,1867.601425,-0.0352,18.5644,6.9157,1866.595876
2025-05-01 16:48:11,SELL,1866.033422,1866.332731,-0.0160,42.6622,25.6222,1865.473067
2025-05-01 16:48:35,SELL,1864.760054,1865.053290,-0.0157,43.0484,11.9387,1864.501475
2025-05-01 16:48:47,SELL,1864.119688,1865.051162,-0.0499,0.0716,1.9695,1838.486037
2025-05-01 16:48:59,SELL,1863.994139,1864.802073,-0.0433,8.3880,1.9875,1863.773302
2025-05-01 16:49:11,SELL,1863.858295,1864.779308,-0.0494,0.7667,1.9192,1861.525462
2025-05-01 16:49:23,SELL,1863.846824,1864.779174,-0.0500,0.0045,1.5182,1549.734284
2025-05-01 16:49:35,SELL,1863.697562,1864.480592,-0.0420,10.0564,1.1540,1863.590631
2025-05-01 16:49:47,SELL,1863.404210,1864.192175,-0.0423,9.7148,1.6106,1863.249749
2025-05-01 16:49:59,SELL,1863.259557,1864.191173,-0.0500,0.0338,1.4287,1823.841598
2025-05-01 16:50:11,BUY,1865.160450,1864.264568,0.0481,2.4735,1.3903,1865.684639
2025-05-01 16:50:35,BUY,1865.370840,1864.611758,0.0407,11.7000,1.6446,1865.501941
2025-05-01 16:50:59,SELL,1863.679361,1864.611689,-0.0500,0.0023,1.5551,1241.659996
2025-05-01 16:51:23,BUY,1865.545477,1864.613702,0.0500,0.0678,12.5657,2038.310024
2025-05-01 16:51:59,BUY,1865.785808,1865.092204,0.0372,16.1215,1.7515,1865.887160
2025-05-01 16:51:59,SELL,1863.978639,1864.907057,-0.0498,0.2721,1.7513,1857.979370
2025-05-01 16:51:59,SELL,1864.071150,1864.915135,-0.0453,5.9613,1.3410,1863.861490
2025-05-01 16:52:23,SELL,1863.642920,1864.243418,-0.0322,22.3521,7.9860,1863.309996
2025-05-01 16:52:35,SELL,1863.065635,1863.751882,-0.0368,16.5580,7.1887,1862.661208
2025-05-01 16:52:47,SELL,1862.077672,1862.267427,-0.0102,50.0742,43.8619,1861.262140
2025-05-01 16:53:11,SELL,1861.336219,1862.267279,-0.0500,0.0050,1.2111,1635.692281
2025-05-01 16:53:11,SELL,1861.155818,1861.906461,-0.0403,12.1833,4.7645,1860.791900
2025-05-01 16:53:23,SELL,1860.483845,1860.922593,-0.0236,33.2173,7.2419,1860.281039
2025-05-01 16:53:47,SELL,1859.991798,1860.921974,-0.0500,0.0209,1.7219,1783.332366
2025-05-01 16:53:59,SELL,1859.982671,1860.904283,-0.0495,0.5971,1.0411,1858.361144
2025-05-01 16:53:59,SELL,1859.968267,1860.893154,-0.0497,0.3756,1.0411,1857.390546
2025-05-01 16:54:59,BUY,1861.826655,1860.898325,0.0499,0.1746,1.8630,1871.758560
2025-05-01 16:55:11,BUY,1861.869951,1860.979708,0.0478,2.7480,1.6339,1862.423455
2025-05-01 16:55:23,SELL,1860.046358,1860.973984,-0.0498,0.1932,1.8422,1851.176777
2025-05-01 16:55:47,BUY,1862.071227,1861.306403,0.0411,11.2244,1.1580,1862.167280
2025-05-01 16:55:59,BUY,1862.433880,1861.507855,0.0497,0.3509,1.3541,1866.027009
2025-05-01 16:55:59,SELL,1860.567617,1861.497469,-0.0500,0.0611,1.4743,1838.129895
2025-05-01 16:55:59,SELL,1860.572897,1861.499446,-0.0498,0.2840,1.3457,1856.164980
2025-05-01 16:55:59,BUY,1862.334006,1861.499279,0.0448,6.5171,2.9911,1862.761384
2025-05-01 16:56:11,BUY,1862.786413,1862.210662,0.0309,24.0283,14.8607,1863.362448
2025-05-01 16:56:11,SELL,1861.279143,1862.209869,-0.0500,0.0268,1.4749,1810.055892
2025-05-01 16:56:23,BUY,1863.519805,1862.966299,0.0297,25.5508,1.0796,1863.559175
2025-05-01 16:56:59,SELL,1862.021352,1862.952762,-0.0500,0.0045,1.3567,1581.335294
2025-05-01 16:56:59,SELL,1862.028115,1862.952895,-0.0496,0.4525,1.6920,1858.546602
2025-05-01 16:57:11,BUY,1863.956904,1863.097092,0.0461,4.8746,1.6888,1864.279789
2025-05-01 16:57:35,SELL,1861.998833,1862.763519,-0.0411,11.2608,1.3568,1861.886662
2025-05-01 16:57:47,SELL,1861.805934,1862.711086,-0.0486,1.7701,1.6632,1860.931276
2025-05-01 16:57:47,SELL,1861.776603,1862.704828,-0.0498,0.2113,1.0094,1857.329624
2025-05-01 16:57:59,SELL,1861.510496,1862.178642,-0.0359,17.7654,1.0248,1861.456807
2025-05-01 16:58:35,BUY,1861.111567,1860.256564,0.0460,5.1033,0.9249,1861.280216
2025-05-01 16:58:35,SELL,1859.725967,1860.105461,-0.0204,37.1894,1.6741,1859.684109
2025-05-01 16:58:35,SELL,1860.715876,1861.207293,-0.0264,29.6766,1.1885,1860.678618
2025-05-01 16:58:35,SELL,1861.201330,1862.086151,-0.0475,3.1230,1.1890,1860.847021
2025-05-01 16:58:47,BUY,1861.568695,1861.019336,0.0295,25.7583,1.0406,1861.606298
2025-05-01 16:58:47,SELL,1859.882270,1860.606040,-0.0389,13.9491,1.2948,1859.795949
2025-05-01 16:58:59,BUY,1861.547919,1860.628249,0.0494,0.7500,1.4009,1863.286437
2025-05-01 16:59:11,SELL,1859.745812,1860.672004,-0.0498,0.2800,1.0897,1856.127440
2025-05-01 16:59:11,BUY,1861.585068,1860.680301,0.0486,1.7577,1.4413,1862.348317
2025-05-01 16:59:35,SELL,1859.487280,1860.163007,-0.0363,17.1809,1.1216,1859.426582
2025-05-01 16:59:47,BUY,1861.098978,1860.173844,0.0497,0.3660,1.3881,1864.628175
2025-05-01 16:59:59,SELL,1859.236143,1860.158609,-0.0496,0.5143,1.6613,1856.233123
2025-05-01 16:59:59,SELL,1859.227747,1860.157051,-0.0500,0.0526,1.0410,1840.831053
2025-05-01 17:00:11,BUY,1861.091619,1860.165093,0.0498,0.2716,0.9716,1864.420507
2025-05-01 17:00:47,BUY,1861.324200,1860.435995,0.0477,2.8677,1.4495,1861.794612
2025-05-01 17:00:47,BUY,1861.188679,1860.351081,0.0450,6.2814,1.4494,1861.403415
2025-05-01 17:00:59,BUY,1861.470405,1860.643351,0.0444,7.0025,1.3651,1861.651851
2025-05-01 17:01:11,SELL,1859.712702,1860.641728,-0.0499,0.0879,1.7539,1841.156408
2025-05-01 17:01:11,BUY,1861.574629,1860.644332,0.0500,7.5988,1.3351,1861.738172
2025-05-01 17:02:47,SELL,1859.645391,1860.509631,-0.0465,4.4587,1.3204,1859.370037
2025-05-01 17:02:47,SELL,1859.575727,1860.502334,-0.0498,0.2463,1.7682,1852.901389
2025-05-01 17:03:23,SELL,1860.437610,1861.367945,-0.0500,0.0239,1.2397,1812.232357
2025-05-01 17:03:23,SELL,1860.147232,1861.074238,-0.0498,0.2388,1.6709,1853.638011
2025-05-01 17:03:23,BUY,1861.699515,1861.081312,0.0332,21.1133,12.2703,1862.240494
2025-05-01 17:03:23,BUY,1862.152538,1861.368653,0.0421,9.9427,1.3361,1862.277660
2025-05-01 17:03:23,SELL,1859.548962,1860.456070,-0.0488,1.5616,1.2392,1858.811130
2025-05-01 17:03:35,BUY,1862.595494,1861.960494,0.0341,20.0202,1.0913,1862.646261
2025-05-01 17:03:47,SELL,1861.029219,1861.959995,-0.0500,0.0169,1.3406,1787.016780
2025-05-01 17:03:47,SELL,1861.028651,1861.959348,-0.0500,0.0218,0.9986,1818.470409
2025-05-01 17:03:59,BUY,1862.974913,1862.127507,0.0455,5.6809,1.3099,1863.189689
2025-05-01 17:04:35,SELL,1861.195060,1862.124750,-0.0499,0.0931,1.7424,1843.770751
2025-05-01 17:04:59,SELL,1861.188136,1862.113640,-0.0497,0.3751,1.2593,1858.064264
2025-05-01 17:05:23,SELL,1861.181200,1862.110884,-0.0499,0.0931,1.6843,1844.338162
2025-05-01 17:05:59,SELL,1861.121590,1862.046715,-0.0497,0.3986,1.0112,1858.760991
2025-05-01 17:05:59,SELL,1861.153660,1862.058521,-0.0486,1.7681,1.6648,1860.277441
2025-05-01 17:06:11,SELL,1861.113883,1862.043100,-0.0499,0.1221,1.2305,1851.733751
2025-05-01 17:06:23,BUY,1863.041927,1862.177715,0.0464,4.5476,0.9902,1863.244756
2025-05-01 17:06:59,BUY,1863.129812,1862.218779,0.0489,1.3872,1.5484,1864.169614
2025-05-01 17:06:59,SELL,1861.287511,1862.218492,-0.0500,0.0097,1.1027,1755.388606
2025-05-01 17:06:59,SELL,1861.284585,1862.212901,-0.0499,0.1888,0.8948,1856.873553
2025-05-01 17:07:11,SELL,1861.214800,1862.078847,-0.0464,4.5264,1.3625,1860.934670
2025-05-01 17:07:59,SELL,1861.142298,1862.067823,-0.0497,0.3722,1.5088,1857.370358
2025-05-01 17:07:59,SELL,1861.136629,1862.067713,-0.0500,0.0037,1.0694,1593.429382
2025-05-01 17:08:23,SELL,1861.136429,1862.067343,-0.0500,0.0125,0.8685,1796.432615
2025-05-01 17:08:47,SELL,1861.134931,1862.065650,-0.0500,0.0227,0.8546,1826.081814
2025-05-01 17:08:47,SELL,1861.135772,1862.066322,-0.0500,0.0345,1.0055,1834.010720
2025-05-01 17:09:11,SELL,1861.118558,1862.033516,-0.0491,1.0850,3.1658,1858.403484
2025-05-01 17:09:23,SELL,1861.091026,1862.010558,-0.0494,0.7752,1.0547,1859.825042
2025-05-01 17:09:59,BUY,1862.935800,1862.006457,0.0499,0.1437,0.8848,1868.669851
2025-05-01 17:09:59,SELL,1861.073587,1862.002722,-0.0499,0.1261,1.5451,1849.673823
2025-05-01 17:09:59,SELL,1861.075374,1862.002203,-0.0498,0.2821,1.5451,1855.979252
2025-05-01 17:10:23,BUY,1862.950922,1862.036171,0.0491,1.1300,1.0893,1863.848864
2025-05-01 17:10:47,BUY,1863.017097,1862.135007,0.0474,3.3390,1.2614,1863.369004
2025-05-01 17:11:35,SELL,1861.057742,1861.842478,-0.0421,9.8778,0.8172,1860.980758
2025-05-01 17:12:11,BUY,1862.774050,1861.842848,0.0500,0.0125,1.4450,1970.445543
2025-05-01 17:12:11,SELL,1860.788002,1861.594883,-0.0433,8.3735,1.1098,1860.664695
2025-05-01 17:12:23,SELL,1860.663445,1861.593601,-0.0500,8.5582,0.8798,1860.567805
2025-05-01 17:12:35,BUY,1862.579817,1861.703455,0.0471,3.7116,0.8841,1862.801653
2025-05-01 17:13:11,BUY,1862.636493,1861.706881,0.0499,0.1157,1.3906,1873.827249
2025-05-01 17:14:11,SELL,1860.773469,1861.701767,-0.0499,0.1727,1.4943,1852.721341
2025-05-01 17:14:23,SELL,1860.517341,1861.194336,-0.0364,17.1342,5.1449,1860.238012
2025-05-01 17:14:23,SELL,1860.262990,1861.192847,-0.0500,0.0502,1.5451,1831.658188
2025-05-01 17:15:35,BUY,1862.129192,1861.203406,0.0497,0.3565,1.3527,1865.661886
2025-05-01 17:15:59,BUY,1862.307661,1861.549573,0.0407,11.6944,1.4639,1862.424219
2025-05-01 17:16:11,BUY,1862.680310,1861.948387,0.0393,13.4742,0.9620,1862.746801
2025-05-01 17:16:23,BUY,1863.102117,1862.392771,0.0381,15.0122,0.7867,1863.150935
2025-05-01 17:16:35,BUY,1863.482798,1862.709355,0.0415,10.6937,1.5875,1863.621115
2025-05-01 17:16:47,BUY,1863.645580,1862.718159,0.0498,0.2974,1.4454,1868.174790
2025-05-01 17:16:47,SELL,1861.773020,1862.690586,-0.0493,0.9309,1.4454,1860.327623
2025-05-01 17:16:59,BUY,1863.680855,1862.807446,0.0469,3.9471,1.5025,1864.035559
2025-05-01 17:17:23,SELL,1862.808685,1863.671438,-0.0463,4.6570,1.3717,1862.534340
2025-05-01 17:17:23,BUY,1864.738712,1863.809675,0.0498,0.2248,0.8686,1868.341713
2025-05-01 17:17:23,BUY,1864.237069,1863.803006,0.0233,33.5813,10.5499,1864.529904
2025-05-01 17:17:35,SELL,1862.622203,1863.436530,-0.0437,7.9141,1.7588,1862.415236
2025-05-01 17:17:47,BUY,1864.525502,1863.749962,0.0416,10.5648,3.6558,1864.848098
2025-05-01 17:18:11,SELL,1862.749005,1863.611731,-0.0463,4.6569,1.3637,1862.476266
2025-05-01 17:18:11,BUY,1864.550483,1863.619743,0.0499,0.1036,0.8605,1872.296829
2025-05-01 17:18:11,BUY,1864.546474,1863.616671,0.0499,0.1665,1.0282,1870.303858
2025-05-01 17:18:23,SELL,1862.687687,1863.619259,-0.0500,0.0163,1.3783,1783.935064
2025-05-01 17:18:59,SELL,1862.687046,1863.618451,-0.0500,6.0537,1.3210,1862.483811
2025-05-01 17:19:35,SELL,1862.646603,1863.538334,-0.0479,2.6987,0.8473,1862.354209
2025-05-01 17:19:35,SELL,1862.606135,1863.537474,-0.0500,0.0290,0.8473,1835.349911
2025-05-01 17:19:47,SELL,1862.511991,1863.363542,-0.0457,5.4013,1.3411,1862.280770
2025-05-01 17:19:47,SELL,1862.598914,1863.523887,-0.0496,0.4577,0.6871,1861.200868
2025-05-01 17:19:59,SELL,1862.431024,1863.361868,-0.0500,10.6166,1.3150,1862.315680
2025-05-01 17:20:35,BUY,1864.347148,1863.468081,0.0472,3.5797,1.2801,1864.680493
2025-05-01 17:21:47,BUY,1864.402137,1863.471790,0.0499,0.1250,1.0158,1871.977514
2025-05-01 17:23:11,BUY,1864.745649,1864.154824,0.0317,23.0176,14.4588,1865.331333
2025-05-01 17:23:23,BUY,1865.239436,1864.458822,0.0419,10.2431,1.6627,1865.390824
2025-05-01 17:23:35,SELL,1863.526547,1864.458732,-0.0500,0.0030,0.7179,1642.033306
2025-05-01 17:23:47,SELL,1863.515781,1864.437279,-0.0494,0.7224,1.1946,1861.975070
2025-05-01 17:23:59,BUY,1865.371080,1864.439497,0.0500,0.0747,1.1667,1879.938121
2025-05-01 17:24:23,BUY,1864.788181,1863.857901,0.0499,0.1425,0.6374,1868.959021
2025-05-01 17:24:23,SELL,1863.493913,1864.412756,-0.0493,0.9005,0.5201,1862.955737
2025-05-01 17:24:23,SELL,1863.223374,1863.898183,-0.0362,17.3303,0.4935,1863.196845
2025-05-01 17:24:23,SELL,1862.943989,1863.853672,-0.0488,1.4992,1.1645,1862.220488
2025-05-01 17:24:35,SELL,1862.923023,1863.852010,-0.0498,0.1984,1.1576,1857.488133
2025-05-01 17:24:47,SELL,1862.713188,1863.438033,-0.0389,13.9443,0.4644,1862.682170
2025-05-01 17:24:59,SELL,1862.503195,1863.431792,-0.0498,0.2102,1.1605,1857.362879
2025-05-01 17:25:23,SELL,1862.496063,1863.424448,-0.0498,0.2243,0.5030,1860.407373
2025-05-01 17:25:23,SELL,1862.499702,1863.431106,-0.0500,0.0231,0.5101,1841.945794
2025-05-01 17:25:35,SELL,1861.995708,1862.430390,-0.0233,33.5351,10.7474,1861.697339
2025-05-01 17:25:35,SELL,1861.316048,1862.063971,-0.0402,12.3698,1.0055,1861.240397
2025-05-01 17:26:23,SELL,1860.951648,1861.701226,-0.0403,12.2470,0.4447,1860.917860
2025-05-01 17:26:35,SELL,1860.769460,1861.699396,-0.0500,0.0618,0.7505,1849.467201
2025-05-01 17:27:11,SELL,1859.769593,1859.700772,0.0037,67.4567,0.3878,1859.764248
2025-05-01 17:27:23,SELL,1858.748171,1859.655249,-0.0488,1.5366,0.6822,1858.335590
2025-05-01 17:27:35,SELL,1858.641789,1859.487905,-0.0455,5.6489,0.5465,1858.551876
2025-05-01 17:27:47,SELL,1857.978141,1858.327432,-0.0188,39.1569,0.4188,1857.968206
2025-05-01 17:27:59,SELL,1857.384807,1858.300497,-0.0493,0.9090,0.4786,1856.895829
2025-05-01 17:27:59,SELL,1856.976685,1857.510863,-0.0288,26.6503,6.8319,1856.738665
2025-05-01 17:28:23,BUY,1858.770074,1858.170575,0.0323,22.2770,0.4612,1858.789316
2025-05-01 17:28:35,BUY,1859.101229,1858.172778,0.0500,0.0744,1.1225,1873.126685
2025-05-01 17:29:11,BUY,1859.237694,1858.443382,0.0427,9.1365,0.3799,1859.276344
2025-05-01 17:29:35,SELL,1857.454301,1858.323605,-0.0468,4.0420,0.7487,1857.282275
2025-05-01 17:29:35,SELL,1857.204308,1857.943163,-0.0398,12.8392,0.7619,1857.149201
2025-05-01 17:29:35,SELL,1857.013817,1857.942493,-0.0500,0.0226,0.5925,1832.685541
2025-05-01 17:29:47,SELL,1856.601146,1857.117422,-0.0278,27.8493,1.0776,1856.565225
2025-05-01 17:30:23,SELL,1856.188752,1857.117200,-0.0500,0.0075,0.6081,1780.940514
2025-05-01 17:30:47,BUY,1858.263401,1857.551365,0.0383,14.6629,0.3926,1858.288276
2025-05-01 17:30:47,SELL,1856.621851,1857.549896,-0.0500,0.0496,1.0613,1836.747813
2025-05-01 17:30:59,BUY,1858.593971,1857.779458,0.0438,7.7522,0.7561,1858.684608
2025-05-01 17:31:35,BUY,1858.750908,1857.863607,0.0478,2.8415,0.4348,1858.893117
2025-05-01 17:31:47,SELL,1856.933693,1857.861664,-0.0499,0.0656,0.4150,1851.059241
2025-05-01 17:31:59,SELL,1856.838531,1857.673171,-0.0449,6.3619,1.0772,1856.681333
2025-05-01 17:32:11,SELL,1856.707226,1857.598917,-0.0480,2.5062,0.4226,1856.550696
2025-05-01 17:32:23,BUY,1858.798217,1858.138758,0.0355,18.2290,8.6650,1859.239999
2025-05-01 17:32:23,BUY,1859.069756,1858.141678,0.0499,0.0986,0.5865,1864.598727
2025-05-01 17:32:59,SELL,1857.210406,1858.137276,-0.0499,0.1486,0.6184,1853.345361
2025-05-01 17:33:23,SELL,1857.645676,1858.527276,-0.0474,3.2184,1.0604,1857.339656
2025-05-01 17:33:23,BUY,1859.614013,1858.841150,0.0416,10.5964,0.3914,1859.648354
2025-05-01 17:33:23,BUY,1859.309603,1858.622652,0.0370,16.3877,3.2388,1859.493336
2025-05-01 17:33:35,BUY,1859.937492,1859.055964,0.0474,3.2704,34.3007,1869.691114
2025-05-01 17:33:35,BUY,1859.830030,1858.959083,0.0469,3.9812,0.4434,1859.933599
2025-05-01 17:34:23,SELL,1858.081423,1858.965894,-0.0476,3.0390,0.4308,1857.949739
2025-05-01 17:34:35,SELL,1858.040708,1858.969396,-0.0500,0.0545,0.7679,1844.955243
2025-05-01 17:34:35,SELL,1857.996457,1858.882445,-0.0477,2.9338,0.4479,1857.854627
2025-05-01 17:34:35,BUY,1859.898405,1858.971012,0.0499,0.1728,1.1172,1865.912150
2025-05-01 17:34:59,SELL,1857.874251,1858.784044,-0.0489,1.3233,1.0859,1857.111972
2025-05-01 17:34:59,SELL,1857.902333,1858.823262,-0.0495,0.5727,0.4751,1857.131671
2025-05-01 17:34:59,SELL,1857.931910,1858.840236,-0.0489,1.4242,0.4167,1857.660080
2025-05-01 17:35:11,SELL,1857.846962,1858.768659,-0.0496,0.5191,0.4330,1857.072235
2025-05-01 17:36:11,SELL,1857.838627,1858.767364,-0.0500,10.2317,1.1833,1857.731194
2025-05-01 17:36:23,SELL,1857.837774,1858.767213,-0.0500,0.0051,0.8947,1694.015162
2025-05-01 17:36:35,BUY,1859.698407,1858.769899,0.0500,0.0907,1.2302,1872.316148
2025-05-01 17:36:59,SELL,1857.835906,1858.760682,-0.0498,0.3110,1.2573,1854.080298
2025-05-01 17:37:11,BUY,1858.641164,1857.756233,0.0476,2.9979,0.5507,1858.811866
2025-05-01 17:37:11,SELL,1857.284882,1857.667456,-0.0206,36.8936,0.5415,1857.271251
2025-05-01 17:37:23,SELL,1856.489420,1857.080089,-0.0318,22.8232,7.6303,1856.179089
2025-05-01 17:37:35,SELL,1856.149265,1857.075528,-0.0499,0.1540,1.2377,1848.689142
2025-05-01 17:37:35,SELL,1856.072963,1856.927403,-0.0460,5.0005,0.5691,1855.967345
2025-05-01 17:37:47,SELL,1855.927617,1856.784690,-0.0462,4.8180,0.9317,1855.748164
2025-05-01 17:37:59,SELL,1855.672071,1856.416071,-0.0401,12.4455,1.8040,1855.537580
2025-05-01 17:37:59,BUY,1857.344942,1856.416366,0.0500,0.0100,0.8866,1939.924309
2025-05-01 17:38:11,SELL,1855.460969,1856.361962,-0.0485,1.8369,0.5817,1855.167169
2025-05-01 17:38:47,SELL,1855.432296,1856.358995,-0.0499,0.1002,1.2585,1843.779426
2025-05-01 17:38:59,SELL,1855.355718,1856.208728,-0.0460,5.0738,0.6068,1855.244765
2025-05-01 17:39:11,SELL,1854.583407,1854.813857,-0.0124,47.1080,0.5805,1854.571980
2025-05-01 17:39:23,SELL,1853.134315,1854.039091,-0.0488,1.5038,0.7931,1852.645604
2025-05-01 17:39:23,SELL,1853.495476,1854.031599,-0.0289,26.4263,8.6155,1853.193339
2025-05-01 17:39:23,BUY,1854.985092,1854.083600,0.0486,1.7578,0.9781,1855.501192
2025-05-01 17:39:35,SELL,1853.095082,1854.005096,-0.0491,1.1485,1.2523,1852.084840
2025-05-01 17:39:47,SELL,1852.653276,1853.155294,-0.0271,28.7469,8.3329,1852.384760
2025-05-01 17:40:23,SELL,1851.686042,1852.069561,-0.0207,36.7459,0.5232,1851.672859
2025-05-01 17:40:35,SELL,1850.445321,1850.672717,-0.0123,47.2918,41.4244,1849.634889
2025-05-01 17:40:47,BUY,1851.632122,1850.707377,0.0500,0.0728,0.8578,1862.542222
2025-05-01 17:40:47,BUY,1851.614781,1850.705228,0.0491,1.1015,0.7397,1852.236543
2025-05-01 17:40:47,BUY,1851.636818,1850.714620,0.0498,0.2454,0.6309,1854.017029
2025-05-01 17:40:59,BUY,1851.642950,1850.719638,0.0499,0.1700,1.2259,1858.319303
2025-05-01 17:41:23,BUY,1851.673653,1850.776616,0.0485,1.9515,0.9057,1852.103325
2025-05-01 17:41:23,SELL,1849.793934,1850.719016,-0.0500,0.0211,0.9056,1810.041012
2025-05-01 17:41:35,SELL,1849.839958,1850.754067,-0.0494,0.7636,0.7737,1848.902771
2025-05-01 17:42:11,SELL,1849.555724,1850.207901,-0.0352,18.4956,1.3024,1849.490601
2025-05-01 17:42:11,BUY,1851.133658,1850.208275,0.0500,0.0127,0.9259,1918.803729
2025-05-01 17:42:23,SELL,1848.934654,1849.511227,-0.0312,23.7373,9.2912,1848.572801
2025-05-01 17:42:23,SELL,1848.674290,1849.599014,-0.0500,0.0075,0.6435,1769.740063
2025-05-01 17:42:23,BUY,1850.480471,1849.599235,0.0476,3.0000,1.2594,1850.868902
2025-05-01 17:42:35,SELL,1848.369775,1848.989882,-0.0335,20.7552,12.4227,1847.816620
2025-05-01 17:42:59,SELL,1847.680122,1848.217844,-0.0291,26.2645,6.7198,1847.443757
2025-05-01 17:42:59,BUY,1849.146695,1848.226394,0.0498,0.2872,0.4989,1850.752713
2025-05-01 17:42:59,BUY,1849.152547,1848.229530,0.0499,0.1053,0.4989,1853.532532
2025-05-01 17:43:11,BUY,1849.205286,1848.331575,0.0473,3.4393,1.5437,1849.620283
2025-05-01 17:43:11,BUY,1849.281990,1848.383123,0.0486,1.7577,0.7183,1849.659818
2025-05-01 17:43:35,BUY,1849.319722,1848.406998,0.0494,0.8141,2.9346,1852.652825
2025-05-01 17:43:35,BUY,1849.334185,1848.412020,0.0499,0.1712,2.9346,1865.180409
2025-05-01 17:43:35,BUY,1849.337712,1848.414035,0.0500,0.0687,2.9346,1888.828572
2025-05-01 17:43:47,BUY,1849.424007,1848.584559,0.0454,5.8145,2.2127,1849.775899
2025-05-01 17:43:47,BUY,1849.510243,1848.586391,0.0500,0.0625,0.8605,1862.247832
2025-05-01 17:43:59,SELL,1847.854582,1848.758826,-0.0489,1.3731,0.8985,1847.250014
2025-05-01 17:43:59,SELL,1847.826884,1848.743694,-0.0496,0.5157,0.9630,1846.101417
2025-05-01 17:43:59,BUY,1849.720314,1848.799119,0.0498,0.2500,0.6403,1852.088697
2025-05-01 17:43:59,BUY,1849.613892,1848.791785,0.0445,7.0032,0.6403,1849.698444
2025-05-01 17:44:35,BUY,1849.744558,1848.821132,0.0499,0.0992,0.6342,1855.655661
2025-05-01 17:44:35,BUY,1849.706731,1848.818906,0.0480,2.5250,0.7536,1849.982780
2025-05-01 17:44:35,BUY,1849.669265,1848.744850,0.0500,0.0306,0.8138,1874.257289
2025-05-01 17:44:35,BUY,1849.668710,1848.743952,0.0500,0.0088,1.0167,1956.472884
2025-05-01 17:44:35,SELL,1847.894141,1848.818222,-0.0500,0.0233,0.9004,1812.188797
2025-05-01 17:44:35,BUY,1849.747106,1848.823332,0.0500,0.0750,0.5881,1856.999047
2025-05-01 17:45:11,BUY,1849.836280,1848.999395,0.0453,6.0027,0.6334,1849.933875
2025-05-01 17:45:11,SELL,1848.072330,1848.994262,-0.0499,0.1749,1.2990,1841.209727
2025-05-01 17:45:11,BUY,1849.920249,1848.996315,0.0500,0.0700,0.9662,1862.687503
2025-05-01 17:45:23,BUY,1849.948435,1849.050604,0.0486,1.8509,1.3290,1850.612616
2025-05-01 17:45:47,SELL,1848.077900,1848.954199,-0.0474,3.2851,0.6899,1847.883842
2025-05-01 17:45:59,SELL,1848.026805,1848.948369,-0.0498,0.1987,1.3142,1841.914323
2025-05-01 17:45:59,SELL,1848.015427,1848.931426,-0.0495,0.5774,0.8916,1846.588595
2025-05-01 17:46:23,SELL,1847.985927,1848.889340,-0.0489,1.4342,1.2617,1847.173069
2025-05-01 17:46:23,SELL,1847.957279,1848.874103,-0.0496,0.5192,0.9289,1846.304325
2025-05-01 17:46:35,BUY,1849.970389,1849.216721,0.0408,11.6927,0.9396,1850.044715
2025-05-01 17:46:47,BUY,1850.166146,1849.265404,0.0487,1.6614,0.8717,1850.651524
2025-05-01 17:46:59,BUY,1850.850606,1850.079058,0.0417,10.5000,1.2655,1850.962137
2025-05-01 17:46:59,BUY,1850.443564,1849.771315,0.0363,17.2633,3.2381,1850.617112
2025-05-01 17:47:23,SELL,1849.133038,1850.037078,-0.0489,1.4316,1.2585,1848.320249
2025-05-01 17:48:11,SELL,1849.090997,1849.994932,-0.0489,1.4372,1.2627,1848.278724
2025-05-01 17:48:11,BUY,1850.919752,1849.994508,0.0500,0.0150,0.6133,1888.754357
2025-05-01 17:48:11,SELL,1849.069503,1849.994068,-0.0500,0.0295,0.9297,1819.907907
2025-05-01 17:48:35,BUY,1850.920554,1849.995663,0.0500,0.0394,0.9778,1873.883039
2025-05-01 17:48:47,SELL,1849.059665,1849.984388,-0.0500,0.0189,0.6327,1818.055125
2025-05-01 17:48:47,SELL,1849.065305,1849.984941,-0.0497,0.3656,1.2144,1845.994424
2025-05-01 17:48:59,BUY,1851.093499,1850.352069,0.0401,12.5058,2.2429,1851.259495
2025-05-01 17:49:11,BUY,1851.268443,1850.344397,0.0499,0.1085,1.2417,1861.865363
2025-05-01 17:49:11,SELL,1849.423783,1850.345850,-0.0498,0.2108,0.6019,1846.783606
2025-05-01 17:49:11,SELL,1849.418350,1850.341199,-0.0499,0.1577,1.2417,1842.136272
2025-05-01 17:49:23,SELL,1849.399217,1850.298467,-0.0486,1.7569,1.2779,1848.726640
2025-05-01 17:49:23,BUY,1851.272981,1850.350293,0.0499,0.2000,0.9449,1855.646009
2025-05-01 17:49:47,BUY,1851.229512,1850.309325,0.0497,0.3683,1.0271,1853.811103
2025-05-01 17:49:59,BUY,1851.310741,1850.460849,0.0459,5.1392,2.4973,1851.760543
2025-05-01 17:49:59,BUY,1851.512015,1850.711677,0.0432,8.5068,0.8985,1851.609798
2025-05-01 17:50:23,SELL,1850.638011,1851.562177,-0.0499,0.1096,1.2320,1840.240518
2025-05-01 17:50:23,BUY,1852.650638,1851.888316,0.0412,11.1205,0.8988,1852.725511
2025-05-01 17:50:23,SELL,1850.635466,1851.560324,-0.0500,0.0628,1.2320,1832.483309
2025-05-01 17:50:23,BUY,1852.064527,1851.565412,0.0270,28.9502,24.2156,1852.839115
2025-05-01 17:50:35,SELL,1850.885981,1851.735462,-0.0459,5.1797,1.2658,1850.659834
2025-05-01 17:50:35,BUY,1852.942133,1852.295906,0.0349,19.0000,1.2297,1853.002094
2025-05-01 17:50:59,BUY,1853.615129,1853.080820,0.0288,26.6049,8.2148,1853.901299
2025-05-01 17:50:59,SELL,1852.153926,1853.080112,-0.0500,0.0240,0.5435,1831.155207
2025-05-01 17:51:11,SELL,1852.444174,1853.366049,-0.0497,0.3259,1.3579,1848.584997
2025-05-01 17:51:11,BUY,1854.154963,1853.375670,0.0420,10.0166,0.9559,1854.243437
2025-05-01 17:51:35,SELL,1852.420037,1853.327374,-0.0490,1.3100,1.2607,1851.528645
2025-05-01 17:51:59,BUY,1854.457471,1853.733132,0.0391,13.7502,0.5437,1854.494134
2025-05-01 17:51:59,SELL,1852.806031,1853.732845,-0.0500,0.0097,0.7960,1777.005813
2025-05-01 17:52:47,SELL,1852.805334,1853.731556,-0.0500,7.0870,1.2058,1852.647710
2025-05-01 17:52:47,SELL,1852.804454,1853.731511,-0.0500,0.0015,1.1816,1122.493045
2025-05-01 17:53:11,SELL,1852.803557,1853.729357,-0.0499,0.0730,0.7825,1842.869587
2025-05-01 17:53:35,BUY,1854.675116,1853.766201,0.0490,1.2485,0.8593,1855.313398
2025-05-01 17:53:47,SELL,1852.838975,1853.765536,-0.0500,0.0225,0.8361,1818.424805
2025-05-01 17:53:47,BUY,1854.769915,1853.919575,0.0459,5.2169,0.9251,1854.934362
2025-05-01 17:53:59,SELL,1852.788176,1853.510581,-0.0390,13.8496,1.2748,1852.702905
2025-05-01 17:54:11,BUY,1855.923594,1855.328222,0.0321,22.5000,1.2537,1855.975298
2025-05-01 17:54:11,BUY,1855.014094,1854.663102,0.0189,39.0137,30.0855,1855.729344
2025-05-01 17:55:11,SELL,1854.394937,1855.316978,-0.0497,0.3802,1.2286,1851.398429
2025-05-01 17:55:35,BUY,1856.311057,1855.448826,0.0465,4.4598,0.5507,1856.425670
2025-05-01 17:55:47,SELL,1854.463534,1855.333635,-0.0469,3.8944,0.8842,1854.253006
2025-05-01 17:55:59,BUY,1856.264380,1855.338860,0.0499,0.1767,1.0665,1861.865286
2025-05-01 17:56:23,SELL,1854.304703,1855.125784,-0.0443,7.2040,0.8826,1854.191117
2025-05-01 17:56:35,BUY,1856.057508,1855.133175,0.0498,0.2500,0.8428,1859.186122
2025-05-01 17:57:23,BUY,1856.294582,1855.599724,0.0374,15.7811,2.6965,1856.453173
2025-05-01 17:57:35,SELL,1854.668496,1855.592866,-0.0498,0.2318,1.2422,1849.699827
2025-05-01 17:57:35,BUY,1856.639490,1855.829481,0.0436,8.0028,0.5742,1856.706100
2025-05-01 17:57:47,SELL,1854.901192,1855.828768,-0.0500,0.0241,1.2467,1806.951045
2025-05-01 17:57:59,SELL,1854.900461,1855.827983,-0.0500,4.6373,1.2342,1854.653625
2025-05-01 17:58:35,BUY,1856.771152,1855.857550,0.0492,1.0000,1.2243,1857.907765
2025-05-01 17:58:59,SELL,1854.929573,1855.857452,-0.0500,0.0033,0.8545,1615.958282
2025-05-01 17:59:23,BUY,1856.786251,1855.858221,0.0500,0.0260,1.2210,1900.384165
2025-05-01 17:59:35,BUY,1856.971580,1856.227986,0.0401,12.5051,0.9869,1857.044858
2025-05-01 17:59:59,BUY,1857.309840,1856.534398,0.0418,10.3617,0.6582,1857.368831
2025-05-01 18:00:23,SELL,1855.235613,1855.793066,-0.0300,25.0579,0.9803,1855.199324
2025-05-01 18:01:23,SELL,1854.861393,1855.785510,-0.0498,0.2554,1.3202,1850.067735
2025-05-01 18:01:35,BUY,1856.731944,1855.821646,0.0491,1.2222,0.7209,1857.279539
2025-05-01 18:02:59,SELL,1854.852461,1855.739058,-0.0478,2.7919,1.3473,1854.404915
2025-05-01 18:03:23,SELL,1854.722494,1855.561585,-0.0452,5.9996,0.6710,1854.618771
2025-05-01 18:03:35,SELL,1854.667125,1855.594772,-0.0500,0.0103,1.8725,1686.691337
2025-05-01 18:03:35,BUY,1856.506585,1855.595078,0.0491,1.1328,1.0795,1857.391157
2025-05-01 18:03:35,SELL,1854.624850,1855.510483,-0.0477,2.8495,0.9929,1854.301720
2025-05-01 18:03:59,SELL,1854.136402,1854.617493,-0.0259,30.1928,24.9448,1853.370473
2025-05-01 18:04:11,SELL,1853.175650,1853.965732,-0.0426,9.2649,1.0355,1853.072087
2025-05-01 18:04:11,SELL,1853.501363,1854.239681,-0.0398,12.7764,0.6342,1853.455362
2025-05-01 18:04:35,SELL,1852.856697,1853.601564,-0.0402,12.3291,3.6904,1852.579391
2025-05-01 18:04:35,SELL,1852.674303,1853.600655,-0.0500,0.0308,0.9266,1824.771660
2025-05-01 18:04:47,SELL,1852.671666,1853.596275,-0.0499,0.1484,1.2925,1844.601859
2025-05-01 18:05:11,SELL,1852.666709,1853.586299,-0.0496,0.4882,0.8258,1851.099708
2025-05-01 18:05:11,BUY,1854.525760,1853.600712,0.0499,0.1504,0.9613,1860.453820
2025-05-01 18:05:47,BUY,1854.528318,1853.615809,0.0492,1.0000,1.2828,1855.717802
2025-05-01 18:06:47,SELL,1852.646428,1853.548826,-0.0487,1.6521,0.5986,1852.310811
2025-05-01 18:06:47,SELL,1852.679902,1853.597603,-0.0495,0.6166,0.8773,1851.361991
2025-05-01 18:07:59,SELL,1852.621919,1853.548637,-0.0500,0.0064,1.2492,1671.810532
2025-05-01 18:08:11,BUY,1854.495415,1853.590306,0.0488,1.5005,0.6026,1854.867762
2025-05-01 18:08:11,SELL,1852.620551,1853.546027,-0.0499,0.0884,1.2698,1839.318452
2025-05-01 18:08:47,BUY,1854.842765,1854.240652,0.0325,22.0191,3.8036,1855.002968
2025-05-01 18:09:35,BUY,1855.168701,1854.241575,0.0500,0.0313,0.9650,1883.768031
2025-05-01 18:09:59,SELL,1852.405354,1852.423315,-0.0010,61.7473,0.9022,1852.391821
2025-05-01 18:09:59,SELL,1851.493751,1852.416611,-0.0498,0.2278,0.8465,1848.053516
2025-05-01 18:09:59,SELL,1851.489667,1852.415139,-0.0500,0.0500,0.8382,1835.970572
2025-05-01 18:10:11,BUY,1854.090459,1853.209951,0.0475,3.1634,0.5953,1854.264902
2025-05-01 18:10:11,BUY,1853.691350,1853.113935,0.0312,23.7530,6.7989,1853.956644
2025-05-01 18:10:11,BUY,1854.042427,1853.116877,0.0499,0.1000,1.2290,1865.435445
2025-05-01 18:10:23,SELL,1852.425099,1853.351001,-0.0500,0.0526,0.8360,1837.714519
2025-05-01 18:10:23,BUY,1854.208354,1853.352550,0.0462,4.8464,1.2336,1854.444343
2025-05-01 18:10:35,SELL,1852.424163,1853.350677,-0.0500,0.0110,0.8755,1778.705168
2025-05-01 18:10:47,BUY,1854.278425,1853.350721,0.0501,0.0015,1.0033,2476.441545
2025-05-01 18:10:59,SELL,1851.847137,1852.196507,-0.0189,39.2136,0.9014,1851.825853
2025-05-01 18:11:11,BUY,1853.285311,1852.520845,0.0413,11.0259,2.6813,1853.510652
2025-05-01 18:11:35,BUY,1853.474609,1852.575202,0.0485,1.8581,1.1985,1854.072360
2025-05-01 18:11:35,SELL,1851.594362,1852.520541,-0.0500,0.0103,0.5315,1803.910437
2025-05-01 18:11:35,BUY,1853.502151,1852.575597,0.0500,0.0134,0.5576,1892.049795
2025-05-01 18:11:47,BUY,1853.610371,1852.791540,0.0442,7.3404,0.8723,1853.720503
2025-05-01 18:11:59,SELL,1851.853827,1852.768894,-0.0494,0.7694,0.7904,1850.902595
2025-05-01 18:13:23,SELL,1851.842175,1852.768306,-0.0500,0.0200,1.2091,1795.835410
2025-05-01 18:13:47,SELL,1851.805254,1852.694935,-0.0480,2.4928,1.1819,1851.366249
2025-05-01 18:13:59,SELL,1851.642348,1852.442339,-0.0432,8.5822,0.8584,1851.549751
2025-05-01 18:14:11,SELL,1851.513664,1852.437439,-0.0499,0.1665,1.2176,1844.742348
2025-05-01 18:14:59,SELL,1850.982308,1851.906276,-0.0499,0.1350,0.7619,1845.759122
2025-05-01 18:14:59,SELL,1851.253193,1851.921164,-0.0361,17.5429,0.6822,1851.217197
2025-05-01 18:14:59,SELL,1850.989747,1851.910249,-0.0497,0.3709,1.1822,1848.039930
2025-05-01 18:15:35,SELL,1850.978668,1851.902965,-0.0499,0.1125,0.7623,1844.707207
2025-05-01 18:15:47,BUY,1852.870375,1851.984916,0.0478,2.7863,1.1873,1853.265150
2025-05-01 18:16:23,SELL,1851.033234,1851.931979,-0.0485,1.8510,1.1117,1850.477363
2025-05-01 18:16:23,SELL,1851.005752,1851.931493,-0.0500,0.0165,0.4617,1825.132513
2025-05-01 18:16:23,BUY,1852.912146,1851.986449,0.0500,0.0522,1.1118,1872.662868
2025-05-01 18:16:23,SELL,1851.004967,1851.930392,-0.0500,0.0374,0.4599,1839.628112
2025-05-01 18:16:47,SELL,1851.599388,1852.525462,-0.0500,0.0161,0.6663,1813.380423
2025-05-01 18:16:47,BUY,1853.154718,1852.525937,0.0339,20.2463,0.4502,1853.175320
2025-05-01 18:16:47,SELL,1851.599161,1852.525386,-0.0500,0.0026,0.4683,1684.865368
2025-05-01 18:16:59,BUY,1853.454613,1852.530387,0.0499,0.1700,1.9874,1864.288571
2025-05-01 18:16:59,BUY,1853.457404,1852.530807,0.0500,0.0143,1.1464,1927.768489
2025-05-01 18:16:59,SELL,1851.604285,1852.530406,-0.0500,0.0136,0.7003,1803.991698
2025-05-01 18:17:23,SELL,1851.567178,1852.456444,-0.0480,2.5130,0.5008,1851.382699
2025-05-01 18:17:35,SELL,1851.529986,1852.455985,-0.0500,0.0156,0.6708,1811.727013
2025-05-01 18:18:11,BUY,1853.414852,1852.520304,0.0483,2.1865,0.4355,1853.599441
2025-05-01 18:18:23,BUY,1853.770063,1853.166107,0.0326,21.9512,0.4391,1853.788604
2025-05-01 18:18:23,SELL,1852.236440,1853.159938,-0.0498,0.2096,1.1062,1847.347611
2025-05-01 18:18:47,BUY,1854.142281,1853.270483,0.0470,3.7571,0.5825,1854.286006
2025-05-01 18:18:59,SELL,1852.342665,1853.269185,-0.0500,0.0104,0.4238,1814.496576
2025-05-01 18:18:59,SELL,1852.343352,1853.269490,-0.0500,7.4094,1.0743,1852.209063
2025-05-01 18:19:11,BUY,1854.202170,1853.280951,0.0497,0.3999,1.0822,1856.711312
2025-05-01 18:19:23,SELL,1852.317459,1853.207213,-0.0480,2.5049,0.9667,1851.960030
2025-05-01 18:20:23,SELL,1852.278642,1853.203282,-0.0499,0.1335,1.0611,1844.918599
2025-05-01 18:20:35,SELL,1852.153432,1852.956670,-0.0433,8.3778,0.7564,1852.069824
2025-05-01 18:20:59,BUY,1852.943146,1852.017052,0.0500,0.0257,0.3888,1866.962803
2025-05-01 18:20:59,SELL,1851.560180,1852.016296,-0.0246,31.9510,11.4166,1851.229385
2025-05-01 18:20:59,SELL,1851.088777,1852.012520,-0.0499,0.1540,1.0555,1844.744368
2025-05-01 18:20:59,SELL,1851.075845,1851.991175,-0.0494,0.7253,1.0555,1849.729012
2025-05-01 18:21:11,SELL,1851.026533,1851.914077,-0.0479,2.6120,0.4352,1850.872316
2025-05-01 18:21:11,SELL,1851.065052,1851.990942,-0.0500,0.0079,0.6055,1780.435957
2025-05-01 18:21:23,SELL,1850.811237,1851.560152,-0.0404,12.0279,1.1023,1850.726430
2025-05-01 18:21:47,SELL,1850.624494,1851.548231,-0.0499,0.1385,1.1112,1843.202375
2025-05-01 18:21:47,SELL,1850.630449,1851.552308,-0.0498,0.2666,1.1112,1846.773590
2025-05-01 18:22:11,SELL,1849.752799,1850.674921,-0.0498,0.2188,0.4986,1847.644815
2025-05-01 18:22:11,SELL,1850.189004,1850.681357,-0.0266,29.4527,10.5367,1849.858051
2025-05-01 18:22:11,SELL,1850.622233,1851.547867,-0.0500,0.0124,0.6468,1802.342387
2025-05-01 18:22:23,SELL,1849.500854,1850.177246,-0.0366,16.9191,7.2237,1849.106029
2025-05-01 18:22:23,SELL,1849.244682,1850.162289,-0.0496,0.5085,0.7947,1847.799708
2025-05-01 18:23:11,SELL,1849.220407,1850.095528,-0.0473,4.8343,0.4279,1849.138558
2025-05-01 18:23:23,SELL,1849.048884,1849.852223,-0.0434,8.3207,0.7768,1848.962570
2025-05-01 18:23:35,BUY,1850.806135,1849.897186,0.0491,1.1260,0.7415,1851.415570
2025-05-01 18:23:35,BUY,1850.783642,1849.864278,0.0497,0.4125,0.4822,1851.865292
2025-05-01 18:23:47,SELL,1848.899905,1849.752452,-0.0461,4.9499,0.5176,1848.803230
2025-05-01 18:24:47,SELL,1848.826982,1849.751264,-0.0500,7.7558,1.0481,1848.702063
2025-05-01 18:24:59,SELL,1848.824360,1849.747209,-0.0499,0.1387,1.0608,1841.752644
2025-05-01 18:24:59,BUY,1850.673579,1849.749251,0.0500,0.0699,0.5246,1857.621605
2025-05-01 18:25:11,BUY,1850.688187,1849.776435,0.0493,0.9302,1.6463,1852.325918
2025-05-01 18:25:11,BUY,1850.704096,1849.781052,0.0499,0.1580,0.5872,1854.143028
2025-05-01 18:25:23,BUY,1850.708663,1849.785557,0.0499,0.1541,0.7462,1855.188374
2025-05-01 18:25:35,BUY,1850.893659,1850.150885,0.0401,12.5000,1.0641,1850.972441
2025-05-01 18:25:35,SELL,1849.152719,1850.004634,-0.0460,5.0015,0.3980,1849.079141
2025-05-01 18:25:47,SELL,1848.803161,1849.451457,-0.0351,18.9191,9.3699,1848.345344
2025-05-01 18:25:59,SELL,1848.229681,1848.857106,-0.0339,20.3305,0.7191,1848.196996
2025-05-01 18:26:23,SELL,1847.931263,1848.854286,-0.0499,0.0965,1.0642,1837.737989
2025-05-01 18:26:35,BUY,1850.032985,1849.361686,0.0363,17.3651,1.0595,1850.089422
2025-05-01 18:26:47,BUY,1850.290995,1849.370014,0.0498,0.2850,1.0616,1853.737188
2025-05-01 18:26:59,SELL,1848.444020,1849.367405,-0.0499,0.0892,0.4242,1844.049550
2025-05-01 18:27:11,SELL,1848.218334,1848.918433,-0.0379,15.3577,0.4013,1848.194184
2025-05-01 18:27:23,BUY,1850.283538,1849.798464,0.0262,30.1159,46.8203,1851.721825
2025-05-01 18:27:23,SELL,1848.872254,1849.795853,-0.0499,0.0893,0.3840,1844.895704
2025-05-01 18:27:23,SELL,1848.869649,1849.793244,-0.0499,0.0892,0.3840,1844.891507
2025-05-01 18:27:35,SELL,1849.097779,1850.021491,-0.0499,0.0893,0.4277,1844.669403
2025-05-01 18:27:35,BUY,1850.834087,1850.024102,0.0438,7.8991,0.7441,1850.921257
2025-05-01 18:27:47,BUY,1850.947726,1850.022989,0.0500,0.0512,0.7539,1864.564676
2025-05-01 18:27:59,BUY,1851.297713,1850.373190,0.0500,0.0773,0.4210,1856.340945
2025-05-01 18:27:59,BUY,1851.122266,1850.370919,0.0406,11.8618,0.4141,1851.154576
2025-05-01 18:28:23,BUY,1851.363036,1850.501521,0.0466,4.3650,0.4779,1851.464379
2025-05-01 18:28:35,BUY,1851.710747,1851.068306,0.0347,19.2764,9.8651,1852.184574
2025-05-01 18:28:59,BUY,1852.037110,1851.153878,0.0477,2.9101,0.5714,1852.218942
2025-05-01 18:28:59,SELL,1850.227601,1851.152492,-0.0500,0.0471,0.5146,1840.124310
2025-05-01 18:29:11,SELL,1850.225247,1851.149365,-0.0499,0.0996,1.1489,1839.556279
2025-05-01 18:29:11,SELL,1850.226818,1851.152296,-0.0500,1.8502,1.1489,1849.652388
2025-05-01 18:29:35,SELL,1849.864467,1850.787306,-0.0499,0.1740,0.4906,1847.257000
2025-05-01 18:29:35,SELL,1850.045401,1850.792425,-0.0404,12.1329,0.4898,1850.008058
2025-05-01 18:29:59,BUY,1851.086641,1850.198293,0.0480,2.5336,0.4375,1851.246475
2025-05-01 18:29:59,SELL,1849.530305,1850.124010,-0.0321,22.5562,0.4383,1849.512336
2025-05-01 18:30:11,BUY,1851.131723,1850.214021,0.0496,0.5350,1.5320,1853.782090
2025-05-01 18:30:35,SELL,1849.288191,1850.212577,-0.0500,0.0491,0.6796,1836.485258
2025-05-01 18:31:59,SELL,1849.265072,1850.167758,-0.0488,1.5238,0.7280,1848.823292
2025-05-01 18:32:23,SELL,1849.197797,1850.078009,-0.0476,3.0673,0.7231,1848.979821
2025-05-01 18:32:35,SELL,1849.064742,1849.989572,-0.0500,0.0131,1.2027,1764.315796
2025-05-01 18:32:35,SELL,1849.108965,1849.989956,-0.0476,3.0113,0.7049,1848.892548
2025-05-01 18:32:47,SELL,1848.691571,1849.616383,-0.0500,0.0059,1.2146,1659.230137
2025-05-01 18:32:47,SELL,1848.878153,1849.616556,-0.0399,12.7573,0.8817,1848.814264
2025-05-01 18:32:59,BUY,1851.747963,1852.031031,-0.0153,82.2289,51.4921,1852.327749
2025-05-01 18:33:11,BUY,1853.016366,1852.148687,0.0468,4.0000,1.0668,1853.263474
2025-05-01 18:33:35,BUY,1853.302369,1852.602777,0.0378,15.4367,5.9022,1853.656669
2025-05-01 18:33:47,BUY,1853.811701,1853.166856,0.0348,19.1732,3.6452,1853.987923
2025-05-01 18:34:11,SELL,1852.889372,1853.810826,-0.0497,0.3706,1.2466,1849.772776
2025-05-01 18:34:11,BUY,1854.421478,1853.821736,0.0324,22.2559,13.9147,1855.001184
2025-05-01 18:34:47,SELL,1852.859384,1853.761729,-0.0487,1.6676,1.2625,1852.158012
2025-05-01 18:34:59,SELL,1852.834260,1853.760588,-0.0500,0.0388,0.6324,1837.718487
2025-05-01 18:35:23,BUY,1854.688761,1853.762240,0.0500,0.0562,0.9038,1869.610480
2025-05-01 18:35:35,BUY,1854.691402,1853.765859,0.0499,0.1230,0.7620,1860.436965
2025-05-01 18:36:35,SELL,1852.754730,1853.597287,-0.0455,5.7257,0.5246,1852.669848
2025-05-01 18:36:47,SELL,1852.669167,1853.594643,-0.0499,0.0898,0.6006,1846.472928
2025-05-01 18:36:59,SELL,1852.666519,1853.591999,-0.0499,0.0898,0.6006,1846.472492
2025-05-01 18:37:11,BUY,1854.526819,1853.607109,0.0496,0.5135,1.5322,1857.293751
2025-05-01 18:37:23,SELL,1852.684334,1853.609824,-0.0499,0.0899,0.5105,1847.421390
2025-05-01 18:37:23,BUY,1854.537059,1853.612469,0.0499,0.1822,1.1611,1860.447418
2025-05-01 18:37:47,SELL,1852.654329,1853.558789,-0.0488,1.5170,0.6443,1852.260894
2025-05-01 18:37:47,SELL,1852.679833,1853.603450,-0.0498,0.2165,1.1633,1847.701780
2025-05-01 18:37:59,SELL,1852.587188,1853.469102,-0.0476,3.0464,0.6374,1852.393383
2025-05-01 18:38:11,SELL,1852.535100,1853.454560,-0.0496,0.4940,0.9597,1850.735537
2025-05-01 18:38:23,SELL,1852.527637,1853.454201,-0.0500,0.0122,0.6461,1803.486169
2025-05-01 18:38:35,BUY,1854.404829,1853.501051,0.0488,1.5922,0.4836,1854.686444
2025-05-01 18:38:47,BUY,1854.528594,1853.701613,0.0446,6.8158,0.7683,1854.633116
2025-05-01 18:38:59,SELL,1852.774298,1853.700716,-0.0500,0.0305,1.1163,1818.816187
2025-05-01 18:39:23,BUY,1855.145140,1854.238364,0.0489,1.4113,0.4477,1855.439414
2025-05-01 18:39:23,BUY,1855.117485,1854.196771,0.0497,0.4646,1.0986,1857.310597
2025-05-01 18:39:23,BUY,1854.820893,1854.086395,0.0396,13.0955,3.3461,1855.057862
2025-05-01 18:39:23,BUY,1855.062267,1854.183078,0.0474,3.2807,0.5095,1855.206313
2025-05-01 18:39:35,SELL,1853.310852,1854.237626,-0.0500,0.0250,1.1116,1812.138724
2025-05-01 18:39:59,SELL,1853.284622,1854.185831,-0.0486,1.7567,0.5137,1853.013618
2025-05-01 18:40:23,SELL,1853.090814,1853.849846,-0.0409,11.3962,0.5864,1853.043138
2025-05-01 18:41:23,BUY,1854.777698,1853.850610,0.0500,3.0904,1.0861,1855.103625
2025-05-01 18:41:23,BUY,1854.777423,1853.850007,0.0500,0.0055,0.4187,1925.427082
2025-05-01 18:42:23,BUY,1854.778378,1853.851307,0.0500,0.0237,1.3857,1909.022656
2025-05-01 18:42:23,SELL,1852.902020,1853.806562,-0.0488,1.5197,0.5025,1852.595709
2025-05-01 18:42:35,BUY,1854.927057,1854.040167,0.0478,2.7536,13.0587,1859.325468
2025-05-01 18:42:35,BUY,1854.810172,1853.959021,0.0459,5.1763,0.5569,1854.909953
2025-05-01 18:42:47,SELL,1853.112852,1854.039577,-0.0500,0.0200,0.4194,1833.683183
2025-05-01 18:42:59,SELL,1852.873597,1853.755515,-0.0476,3.0557,0.4802,1852.727996
2025-05-01 18:42:59,SELL,1852.920314,1853.845481,-0.0499,0.1195,0.7349,1847.223596
2025-05-01 18:42:59,SELL,1853.021222,1853.849000,-0.0447,6.7303,0.3647,1852.971014
2025-05-01 18:42:59,BUY,1854.970982,1854.047414,0.0498,0.2659,1.0322,1858.571081
2025-05-01 18:43:11,SELL,1852.748083,1853.594329,-0.0457,5.4748,0.6880,1852.631671
2025-05-01 18:43:11,SELL,1852.665605,1853.591655,-0.0500,0.0508,0.3710,1845.905475
2025-05-01 18:43:11,SELL,1852.666944,1853.593152,-0.0500,0.0400,0.3567,1844.407472
2025-05-01 18:44:11,SELL,1852.659175,1853.580282,-0.0497,0.3863,0.3353,1851.855062
2025-05-01 18:44:47,SELL,1852.651452,1853.576207,-0.0499,0.1384,1.0402,1845.690315
2025-05-01 18:44:47,BUY,1854.505207,1853.579701,0.0499,0.1187,1.3196,1864.810464
2025-05-01 18:45:11,BUY,1854.507397,1853.580562,0.0500,0.0293,0.3233,1864.752338
2025-05-01 18:45:35,BUY,1854.521841,1853.608596,0.0493,0.9527,0.3527,1854.865127
2025-05-01 18:45:47,SELL,1853.299901,1854.226988,-0.0500,0.0018,0.5226,1583.781939
2025-05-01 18:45:47,BUY,1854.845114,1854.227041,0.0333,20.9985,7.6980,1855.185103
2025-05-01 18:45:59,BUY,1855.213536,1854.344872,0.0468,4.0000,0.5068,1855.331054
2025-05-01 18:46:59,SELL,1853.412294,1854.332023,-0.0496,0.5047,0.8133,1851.919178
2025-05-01 18:46:59,BUY,1855.273537,1854.346906,0.0500,0.0690,1.0105,1868.856435
2025-05-01 18:47:11,BUY,1855.263813,1854.340339,0.0498,0.2822,1.0164,1858.604979
2025-05-01 18:47:23,BUY,1855.293888,1854.392143,0.0486,1.7578,0.5128,1855.564538
2025-05-01 18:47:35,BUY,1855.320143,1854.392787,0.0500,0.0218,0.9965,1897.668343
2025-05-01 18:47:47,BUY,1855.328570,1854.409023,0.0496,0.5509,0.6888,1856.488410
2025-05-01 18:47:59,BUY,1855.338053,1854.411737,0.0500,0.0921,1.0092,1865.502732
2025-05-01 18:48:11,BUY,1855.385261,1854.505910,0.0474,3.2805,2.9379,1856.216091
2025-05-01 18:48:11,SELL,1853.483577,1854.409227,-0.0499,0.1057,0.7279,1847.102947
2025-05-01 18:48:11,BUY,1855.433816,1854.506236,0.0500,0.0111,0.5568,1902.163645
2025-05-01 18:48:11,BUY,1855.339743,1854.412345,0.0500,0.0206,0.7572,1889.425331
2025-05-01 18:48:23,BUY,1855.835904,1855.309823,0.0284,27.2624,0.3397,1855.847467
2025-05-01 18:48:23,BUY,1856.328800,1855.491453,0.0451,6.1612,0.4106,1856.390661
2025-05-01 18:48:35,SELL,1854.560982,1855.486001,-0.0499,0.1848,1.0284,1849.401812
2025-05-01 18:48:35,BUY,1856.677145,1856.011648,0.0359,17.8291,6.9821,1857.040693
2025-05-01 18:48:59,BUY,1857.246024,1856.318498,0.0500,0.0744,0.4934,1863.404948
2025-05-01 18:48:59,BUY,1857.092516,1856.316304,0.0418,10.3311,3.9773,1857.449990
2025-05-01 18:49:23,BUY,1857.668592,1857.161114,0.0273,28.5693,0.3480,1857.679907
2025-05-01 18:49:35,SELL,1856.231840,1857.159745,-0.0500,0.0464,0.3497,1849.237251
2025-05-01 18:50:47,BUY,1858.284740,1857.357711,0.0499,0.1435,0.5304,1861.719332
2025-05-01 18:50:47,BUY,1858.185702,1857.353479,0.0448,6.5677,1.0531,1858.334684
2025-05-01 18:50:47,BUY,1858.289501,1857.363000,0.0499,0.1793,1.0319,1863.636853
2025-05-01 18:51:11,SELL,1856.143291,1856.780700,-0.0343,19.7315,0.7066,1856.110059
2025-05-01 18:51:23,BUY,1858.096236,1857.553756,0.0292,26.2079,7.9424,1858.377788
2025-05-01 18:51:23,BUY,1858.508939,1857.605611,0.0486,1.7577,0.5728,1858.811763
2025-05-01 18:51:35,BUY,1858.704624,1857.944947,0.0409,11.5020,4.1754,1859.041989
2025-05-01 18:51:47,BUY,1858.874746,1857.945670,0.0500,5.0000,0.6802,1859.001193
2025-05-01 18:51:59,SELL,1857.016221,1857.944744,-0.0500,0.0314,1.0125,1827.058402
2025-05-01 18:52:23,SELL,1855.714551,1855.341915,0.0201,88.2081,96.1583,1854.703066
2025-05-01 18:52:23,SELL,1854.330384,1855.174114,-0.0455,5.6888,0.6643,1854.222116
2025-05-01 18:52:59,SELL,1854.245161,1855.171397,-0.0499,0.0921,1.0018,1844.162159
2025-05-01 18:55:11,BUY,1856.100322,1855.173119,0.0500,0.0584,0.9470,1871.148560
2025-05-01 18:55:11,BUY,1856.127508,1855.218798,0.0490,1.3130,0.4461,1856.442850
2025-05-01 18:55:11,BUY,1856.104658,1855.180090,0.0498,0.2365,0.9470,1859.821472
2025-05-01 18:56:11,SELL,1854.252138,1855.140659,-0.0479,2.6491,0.2824,1854.153305
2025-05-01 18:56:23,BUY,1856.300744,1855.604557,0.0375,15.7344,7.1712,1856.723761
2025-05-01 18:56:23,SELL,1854.673636,1855.598321,-0.0498,0.2114,0.4462,1852.716259
2025-05-01 18:57:11,BUY,1856.729697,1856.004365,0.0391,13.7706,2.9932,1856.931487
2025-05-01 18:57:59,SELL,1855.076000,1856.004338,-0.0500,0.0009,0.4535,1401.608703
2025-05-01 18:58:11,BUY,1856.937414,1856.013553,0.0498,0.3125,0.3152,1857.873839
2025-05-01 18:58:23,SELL,1855.095967,1856.023976,-0.0500,0.0002,0.3216,208.874660
2025-05-01 18:58:23,BUY,1856.947242,1856.023981,0.0497,0.3537,0.3283,1857.809151
2025-05-01 18:58:59,BUY,1857.046493,1856.211967,0.0450,6.3750,0.9271,1857.181533
2025-05-01 18:59:35,SELL,1855.280150,1856.204546,-0.0498,0.2515,0.3065,1854.149718
2025-05-01 18:59:47,SELL,1855.271752,1856.195158,-0.0497,0.3182,0.9255,1852.573622
2025-05-01 18:59:47,SELL,1855.266894,1856.194825,-0.0500,0.0113,0.2620,1833.733092
2025-05-01 19:00:11,SELL,1855.217783,1856.096889,-0.0474,3.3197,0.3088,1855.131483
2025-05-01 19:00:23,SELL,1855.032912,1855.825054,-0.0427,9.2097,0.2674,1855.005980
2025-05-01 19:00:23,SELL,1855.168766,1856.096741,-0.0500,0.0050,0.4345,1774.480549
2025-05-01 19:00:23,SELL,1854.896796,1855.824388,-0.0500,0.0226,0.9355,1816.435001
2025-05-01 19:00:47,SELL,1854.658471,1855.348170,-0.0372,16.1444,0.2792,1854.642434
2025-05-01 19:01:23,SELL,1854.348294,1855.203697,-0.0461,4.8982,0.9667,1854.165304
2025-05-01 19:01:59,SELL,1854.260065,1855.171621,-0.0491,1.0875,0.6250,1853.727264
2025-05-01 19:02:23,SELL,1854.170297,1855.024073,-0.0460,5.0027,0.9179,1854.000201
2025-05-01 19:02:35,SELL,1854.088362,1855.007668,-0.0496,0.5562,0.9474,1852.509311
2025-05-01 19:02:47,BUY,1855.935852,1855.008100,0.0500,3.5325,0.9597,1856.187970
2025-05-01 19:02:47,BUY,1855.941933,1855.019821,0.0497,0.3976,0.4589,1857.012918
2025-05-01 19:02:59,SELL,1854.085815,1855.006825,-0.0496,0.4406,0.4508,1853.137488
2025-05-01 19:03:11,SELL,1854.075359,1854.998897,-0.0498,0.2688,0.9571,1850.775084
2025-05-01 19:03:23,SELL,1854.071327,1854.998625,-0.0500,0.0137,0.2954,1834.060839
2025-05-01 19:03:23,BUY,1855.927049,1854.999028,0.0500,0.0045,0.2954,1917.296878
2025-05-01 19:03:35,SELL,1854.070404,1854.997182,-0.0500,0.0489,0.4864,1844.853273
2025-05-01 19:03:47,SELL,1854.065598,1854.989010,-0.0498,0.2771,0.9651,1850.836936
2025-05-01 19:04:35,SELL,1854.060772,1854.987530,-0.0500,0.0502,0.9668,1836.191660
2025-05-01 19:05:11,SELL,1854.058670,1854.984796,-0.0499,0.0927,0.9396,1844.662294
2025-05-01 19:05:11,BUY,1855.915475,1854.990233,0.0499,0.1844,0.9396,1860.642972
2025-05-01 19:05:35,SELL,1853.841653,1854.547868,-0.0381,15.0000,0.2984,1853.823211
2025-05-01 19:05:59,SELL,1853.184301,1853.675145,-0.0265,29.6066,0.2780,1853.175601
2025-05-01 19:06:11,SELL,1852.589049,1853.356481,-0.0414,10.8237,2.9914,1852.333042
2025-05-01 19:06:23,SELL,1852.330033,1853.156846,-0.0446,6.7813,2.0054,1852.056143
2025-05-01 19:06:23,SELL,1852.229512,1853.155369,-0.0500,0.0502,0.9529,1834.635002
2025-05-01 19:06:47,BUY,1854.082702,1853.155482,0.0500,0.0038,0.2730,1920.167932
2025-05-01 19:07:11,SELL,1852.211908,1853.121474,-0.0491,1.1552,0.4373,1851.861363
2025-05-01 19:07:11,SELL,1852.194784,1853.121390,-0.0500,0.0028,0.2711,1763.610395
2025-05-01 19:07:23,SELL,1852.192922,1853.117573,-0.0499,0.1297,0.2653,1850.297961
2025-05-01 19:07:35,SELL,1852.189215,1853.113976,-0.0499,0.1222,0.4207,1849.001367
2025-05-01 19:07:35,SELL,1852.187345,1853.113829,-0.0500,0.0050,0.5875,1743.378804
2025-05-01 19:07:59,SELL,1852.057949,1852.855063,-0.0430,8.7905,1.0655,1851.945701
2025-05-01 19:07:59,SELL,1851.866814,1852.731361,-0.0467,4.2025,0.2772,1851.805748
2025-05-01 19:08:11,BUY,1853.658696,1852.732371,0.0500,0.0343,0.2731,1861.031920
2025-05-01 19:08:23,SELL,1851.458414,1852.036906,-0.0312,23.6292,8.2671,1851.134533
2025-05-01 19:08:23,SELL,1851.103544,1852.022214,-0.0496,0.4993,0.7496,1849.713940
2025-05-01 19:08:35,SELL,1850.922455,1851.674562,-0.0406,11.8138,1.7768,1850.783262
2025-05-01 19:10:11,SELL,1850.733967,1851.645032,-0.0492,1.0035,0.9107,1849.894171
2025-05-01 19:10:35,SELL,1850.633878,1851.474288,-0.0454,5.8026,0.9363,1850.484574
2025-05-01 19:10:47,SELL,1850.151507,1850.679888,-0.0286,27.0006,12.0496,1849.738674
2025-05-01 19:10:59,SELL,1849.740312,1850.665755,-0.0500,0.0035,0.9169,1608.082038
2025-05-01 19:10:59,BUY,1851.592793,1850.668212,0.0500,0.0836,0.2607,1854.481421
2025-05-01 19:10:59,SELL,1849.747536,1850.665858,-0.0496,0.4769,0.9169,1847.969343
2025-05-01 19:11:23,SELL,1849.729294,1850.641033,-0.0493,0.9239,0.9294,1848.798904
2025-05-01 19:11:35,SELL,1849.568332,1850.429720,-0.0466,4.3417,0.9191,1849.372574
2025-05-01 19:11:35,SELL,1849.673936,1850.557440,-0.0477,2.8416,0.6329,1849.467952
2025-05-01 19:11:59,BUY,1851.355669,1850.430112,0.0500,0.0133,0.2370,1867.804906
2025-05-01 19:12:11,BUY,1851.358320,1850.427197,0.0503,0.0001,0.3426,4396.126265
2025-05-01 19:12:11,SELL,1849.503430,1850.427193,-0.0499,0.0992,0.9264,1840.869470
2025-05-01 19:12:23,SELL,1849.460079,1850.343347,-0.0477,2.8505,0.2793,1849.369457
2025-05-01 19:12:35,SELL,1849.132183,1849.837817,-0.0381,14.9995,0.2684,1849.115640
2025-05-01 19:12:35,SELL,1849.385085,1850.277134,-0.0482,2.2510,0.2684,1849.274813
2025-05-01 19:12:47,SELL,1848.204215,1848.420013,-0.0117,48.4958,0.2758,1848.198960
2025-05-01 19:12:59,SELL,1847.492152,1848.412706,-0.0498,0.2500,0.6034,1845.262481
2025-05-01 19:12:59,BUY,1849.345652,1848.429249,0.0496,0.5662,0.2993,1849.834343
2025-05-01 19:12:59,BUY,1849.354609,1848.430605,0.0500,0.0464,0.2993,1855.317439
2025-05-01 19:13:23,BUY,1849.377205,1848.474428,0.0488,1.5000,0.4526,1849.656200
2025-05-01 19:13:47,BUY,1849.402782,1848.481732,0.0498,0.2500,0.9184,1852.800086
2025-05-01 19:13:59,SELL,1847.554246,1848.475240,-0.0498,0.2221,0.4456,1845.700820
2025-05-01 19:13:59,BUY,1849.400632,1848.476622,0.0500,0.0473,0.4658,1858.505465
2025-05-01 19:14:47,BUY,1849.510937,1848.695747,0.0441,7.5000,0.9391,1849.626731
2025-05-01 19:15:11,BUY,1849.621914,1848.698434,0.0500,0.0920,0.9352,1859.025295
2025-05-01 19:15:59,BUY,1849.623574,1848.699088,0.0500,0.0225,0.9109,1887.049435
2025-05-01 19:16:35,SELL,1847.738551,1848.626678,-0.0480,2.4920,0.3799,1847.597691
2025-05-01 19:16:47,SELL,1847.670161,1848.562238,-0.0483,2.2177,30.4499,1834.985603
2025-05-01 19:16:47,SELL,1847.418028,1848.120582,-0.0380,15.1050,0.3136,1847.398851
2025-05-01 19:16:47,SELL,1847.195766,1848.119070,-0.0500,0.0513,0.2851,1842.062417
2025-05-01 19:17:11,BUY,1849.190759,1848.412273,0.0421,10.0000,0.9014,1849.274098
2025-05-01 19:17:23,BUY,1849.633607,1849.217595,0.0225,35.0269,0.2478,1849.640148
2025-05-01 19:17:23,SELL,1847.381711,1848.198669,-0.0442,7.2957,0.4140,1847.329300
2025-05-01 19:17:35,BUY,1850.338605,1849.609297,0.0394,13.4843,0.2499,1850.355752
2025-05-01 19:17:35,BUY,1850.662399,1849.864847,0.0431,8.7965,0.2499,1850.688692
2025-05-01 19:17:35,BUY,1850.794614,1849.873584,0.0498,0.3007,0.3893,1851.992439
2025-05-01 19:17:59,SELL,1848.948362,1849.872571,-0.0500,0.0502,0.8924,1832.499194
2025-05-01 19:17:59,BUY,1850.799247,1849.874029,0.0500,0.0153,0.8924,1904.814823
2025-05-01 19:18:23,SELL,1848.947453,1849.872208,-0.0500,0.0125,0.2743,1828.642955
2025-05-01 19:18:59,SELL,1848.946507,1849.870678,-0.0500,0.0526,0.4333,1841.335599
2025-05-01 19:19:23,BUY,1850.924056,1850.126520,0.0431,8.8414,0.5930,1850.986127
2025-05-01 19:19:23,BUY,1851.077512,1850.177494,0.0486,1.7577,0.4507,1851.314831
2025-05-01 19:19:35,BUY,1851.179447,1850.330224,0.0459,5.2474,0.2789,1851.228635
2025-05-01 19:19:47,BUY,1851.255888,1850.330296,0.0500,0.0025,0.5065,2038.797832
2025-05-01 19:20:23,SELL,1849.405108,1850.330251,-0.0500,0.0016,0.5960,1500.602377
2025-05-01 19:20:35,BUY,1851.255233,1850.330405,0.0500,0.0556,0.2633,1855.639474
2025-05-01 19:20:35,SELL,1849.404348,1850.328790,-0.0500,0.0503,0.9291,1832.310628
2025-05-01 19:20:59,BUY,1851.366726,1850.551686,0.0440,7.6167,0.5973,1851.439315
2025-05-01 19:20:59,SELL,1849.606006,1850.510859,-0.0489,1.4046,0.4307,1849.322412
2025-05-01 19:21:11,SELL,1849.957708,1850.882991,-0.0500,0.0109,0.5875,1800.008118
2025-05-01 19:21:11,SELL,1849.957405,1850.882701,-0.0500,0.0100,0.2564,1826.240566
2025-05-01 19:21:11,BUY,1851.809031,1850.883308,0.0500,0.0125,0.9207,1920.006543
2025-05-01 19:21:11,BUY,1851.622704,1850.882945,0.0400,12.8067,2.8718,1851.830311
2025-05-01 19:21:23,SELL,1849.774662,1850.882701,-0.0599,0.0000,0.4289,-427649.938479
2025-05-01 19:21:47,BUY,1851.932008,1851.115007,0.0441,7.5000,0.9038,1852.043599
2025-05-01 19:21:47,BUY,1851.815800,1850.897083,0.0496,0.4950,0.2707,1852.322208
2025-05-01 19:22:35,SELL,1850.188507,1851.113122,-0.0499,0.0649,0.4076,1844.375256
2025-05-01 19:23:23,BUY,1852.013589,1851.087585,0.0500,0.0029,0.3505,1963.485615
2025-05-01 19:23:23,SELL,1850.175066,1851.088110,-0.0493,0.8603,0.8809,1849.227901
2025-05-01 19:23:23,SELL,1850.162246,1851.087501,-0.0500,0.0210,0.3811,1833.354032
2025-05-01 19:23:47,SELL,1850.155660,1851.074817,-0.0497,0.4392,0.2372,1849.655948
2025-05-01 19:23:59,SELL,1849.925922,1850.847948,-0.0498,0.2340,0.2363,1848.992026
2025-05-01 19:23:59,SELL,1850.039298,1850.854750,-0.0441,7.5701,0.5431,1849.972935
2025-05-01 19:24:11,SELL,1849.474239,1850.398731,-0.0500,0.0500,0.8679,1833.420543
2025-05-01 19:24:11,BUY,1851.216848,1850.400184,0.0441,7.5000,0.8679,1851.323956
2025-05-01 19:24:11,SELL,1849.589837,1850.182302,-0.0320,22.9002,7.4974,1849.287067
2025-05-01 19:24:23,SELL,1849.255894,1849.963882,-0.0383,15.0000,0.2244,1849.242065
2025-05-01 19:24:35,SELL,1848.906077,1849.698112,-0.0428,9.1977,0.5455,1848.851244
2025-05-01 19:24:35,SELL,1848.772903,1849.697394,-0.0500,0.0249,0.5455,1828.489095
2025-05-01 19:24:47,SELL,1848.717346,1849.586942,-0.0470,3.8226,0.5587,1848.582253
2025-05-01 19:24:59,SELL,1848.517513,1849.297538,-0.0422,10.0167,2.7655,1848.262338
2025-05-01 19:25:11,BUY,1850.223007,1849.298172,0.0500,0.0220,0.8906,1887.700318
2025-05-01 19:25:59,BUY,1850.227285,1849.306169,0.0498,0.2769,0.2139,1850.941990
2025-05-01 19:26:11,SELL,1848.381280,1849.306066,-0.0500,0.0035,0.2713,1777.698393
2025-05-01 19:26:23,SELL,1848.370926,1849.285083,-0.0494,0.7263,0.2249,1848.084802
2025-05-01 19:26:35,SELL,1848.315851,1849.195861,-0.0476,3.0882,0.5390,1848.154557
2025-05-01 19:26:59,BUY,1850.124460,1849.203075,0.0498,0.2549,0.2010,1850.854023
2025-05-01 19:26:59,SELL,1848.271045,1849.195715,-0.0500,0.0050,0.8632,1690.100319
2025-05-01 19:27:23,BUY,1850.128381,1849.203476,0.0500,0.0139,0.8957,1909.812149
2025-05-01 19:27:23,BUY,1850.381333,1849.708843,0.0364,17.5000,0.5660,1850.411257
2025-05-01 19:28:35,SELL,1848.783447,1849.707759,-0.0500,0.0375,0.4210,1838.404974
2025-05-01 19:28:59,BUY,1850.725852,1849.893223,0.0450,6.4217,0.5819,1850.809707
2025-05-01 19:29:11,BUY,1850.945841,1850.147523,0.0431,8.8047,0.5790,1851.006705
2025-05-01 19:29:23,BUY,1851.073254,1850.147799,0.0500,0.0096,0.6408,1912.955063
2025-05-01 19:29:23,BUY,1851.140403,1850.281923,0.0464,4.6190,0.2411,1851.188722
2025-05-01 19:29:47,SELL,1849.349753,1850.267857,-0.0496,0.4839,0.2404,1848.890417
2025-05-01 19:30:59,SELL,1849.342132,1850.266673,-0.0500,6.8418,0.8973,1849.220863
2025-05-01 19:31:59,SELL,1849.358240,1850.283309,-0.0500,0.0050,0.5352,1750.381504
2025-05-01 19:31:59,BUY,1851.200665,1850.283454,0.0496,0.5776,0.4020,1851.844773
2025-05-01 19:32:59,BUY,1851.209334,1850.284145,0.0500,0.0288,0.2135,1858.077486
2025-05-01 19:33:11,SELL,1849.356824,1850.279785,-0.0499,0.1500,0.3704,1847.073304
2025-05-01 19:33:11,SELL,1849.352360,1850.279778,-0.0501,0.0002,0.3156,673.306894
2025-05-01 19:34:23,SELL,1849.341862,1850.254214,-0.0493,0.8795,0.5626,1848.750402
2025-05-01 19:34:47,SELL,1849.328557,1850.253172,-0.0500,0.0358,0.5010,1836.397460
2025-05-01 19:34:47,BUY,1851.178976,1850.253577,0.0500,0.0139,0.2051,1864.822037
2025-05-01 19:35:35,SELL,1849.327869,1850.252414,-0.0500,0.0400,0.3643,1840.905337
2025-05-01 19:37:11,SELL,1849.079399,1849.756859,-0.0366,17.1305,5.8827,1848.761910
2025-05-01 19:37:23,SELL,1848.809979,1849.712833,-0.0488,1.5237,0.2359,1848.666865
2025-05-01 19:37:59,SELL,1848.740937,1849.665430,-0.0500,0.0235,0.3380,1835.444489
2025-05-01 19:37:59,SELL,1848.764626,1849.666109,-0.0487,1.6171,0.8374,1848.285911
2025-05-01 19:38:35,BUY,1850.608784,1849.701529,0.0490,1.2500,0.1499,1850.719718
2025-05-01 19:38:59,SELL,1848.649746,1849.447547,-0.0431,11.9488,0.2501,1848.630399
2025-05-01 19:38:59,BUY,1851.168062,1850.380443,0.0426,9.5000,0.5662,1851.223229
2025-05-01 19:38:59,BUY,1850.701481,1850.104771,0.0323,22.7567,9.3092,1851.080018
2025-05-01 19:39:11,BUY,1851.380159,1850.528497,0.0460,5.0961,0.5067,1851.472192
2025-05-01 19:39:23,BUY,1851.455532,1850.531112,0.0500,0.0900,0.8399,1860.094834
2025-05-01 19:39:23,BUY,1851.482387,1850.582179,0.0486,1.7577,0.2291,1851.603059
2025-05-01 19:39:35,SELL,1849.656502,1850.581407,-0.0500,0.0265,0.5074,1831.973256
2025-05-01 19:39:47,SELL,1849.654393,1850.578869,-0.0500,0.0560,0.3416,1844.014230
2025-05-01 19:39:47,SELL,1849.655662,1850.580497,-0.0500,6.4310,0.8412,1849.534690
2025-05-01 19:39:59,BUY,1851.504916,1850.579359,0.0500,0.0168,0.2495,1865.213665
2025-05-01 19:39:59,SELL,1849.650414,1850.572050,-0.0498,0.2514,0.2346,1848.787393
2025-05-01 19:40:47,BUY,1851.497881,1850.572213,0.0500,1.1393,0.8351,1852.176498
2025-05-01 19:40:47,SELL,1849.606624,1850.491568,-0.0478,2.7744,0.1759,1849.547984
2025-05-01 19:40:59,SELL,1849.566249,1850.491423,-0.0500,0.0050,0.3360,1787.413368
2025-05-01 19:42:35,SELL,1849.564830,1850.488734,-0.0499,0.0925,0.8293,1841.271347
2025-05-01 19:43:35,SELL,1849.562442,1850.486650,-0.0499,0.0717,0.1976,1847.013658
2025-05-01 19:43:35,SELL,1849.560656,1850.485150,-0.0500,0.0516,0.1976,1846.019167
2025-05-01 19:44:11,SELL,1849.559350,1850.484074,-0.0500,0.0370,0.8402,1828.555042
2025-05-01 19:44:23,BUY,1851.410506,1850.485527,0.0500,0.0500,0.8426,1867.011292
2025-05-01 19:44:23,BUY,1851.420433,1850.503915,0.0495,0.6329,0.2319,1851.759664
2025-05-01 19:45:11,BUY,1851.102138,1850.191112,0.0492,1.0000,0.1796,1851.268400
2025-05-01 19:45:11,SELL,1849.407814,1850.162061,-0.0408,11.7611,3.0434,1849.168531
2025-05-01 19:45:47,SELL,1849.265534,1850.190158,-0.0500,0.0328,0.8261,1826.004857
2025-05-01 19:45:47,SELL,1849.264703,1850.189443,-0.0500,0.0246,0.1910,1842.087017
2025-05-01 19:46:59,BUY,1851.267352,1850.494006,0.0418,10.4834,0.1396,1851.279679
2025-05-01 19:47:11,SELL,1849.417039,1850.190427,-0.0418,10.4443,0.2445,1849.395390
2025-05-01 19:47:35,BUY,1851.139537,1850.238002,0.0487,1.6547,0.6751,1851.517176
2025-05-01 19:47:35,SELL,1849.265081,1850.189931,-0.0500,0.0170,0.8365,1803.886617
2025-05-01 19:47:47,SELL,1849.266972,1850.147947,-0.0476,3.0399,0.8374,1849.012278
2025-05-01 19:47:47,SELL,1849.312004,1850.236244,-0.0500,0.0605,0.1976,1846.291657
2025-05-01 19:47:59,BUY,1851.489535,1850.617736,0.0471,3.7134,0.3320,1851.572289
2025-05-01 19:47:59,BUY,1851.254486,1850.509846,0.0402,12.4590,2.6858,1851.454024
2025-05-01 19:48:11,BUY,1852.109270,1851.748869,0.0195,38.9258,0.1701,1852.113318
2025-05-01 19:48:23,SELL,1851.537069,1852.463271,-0.0500,0.0028,0.1703,1795.024707
2025-05-01 19:48:23,BUY,1853.032591,1852.463352,0.0307,24.5812,12.8519,1853.517005
2025-05-01 19:48:35,BUY,1853.404508,1852.492340,0.0492,1.0000,0.5002,1853.868019
2025-05-01 19:48:59,BUY,1853.419340,1852.492911,0.0500,0.0196,0.5075,1877.373910
2025-05-01 19:49:23,BUY,1853.456724,1852.567080,0.0480,2.5514,0.3397,1853.580122
2025-05-01 19:49:47,BUY,1853.496035,1852.571483,0.0499,0.1515,0.4967,1856.535579
2025-05-01 19:49:59,BUY,1853.551854,1852.678674,0.0471,3.6873,0.5064,1853.679138
2025-05-01 19:50:35,SELL,1851.749897,1852.673807,-0.0499,0.1673,0.8356,1847.126159
2025-05-01 19:50:59,SELL,1851.288196,1851.754916,-0.0252,31.5969,0.1610,1851.283480
2025-05-01 19:51:11,SELL,1850.161323,1850.419057,-0.0139,45.9493,23.7945,1849.682277
2025-05-01 19:51:23,SELL,1849.360413,1850.152099,-0.0428,9.1857,1.8229,1849.176906
2025-05-01 19:51:35,SELL,1849.226739,1850.152035,-0.0500,0.0022,0.1805,1774.255409
2025-05-01 19:52:11,SELL,1849.042224,1849.782398,-0.0400,12.7914,1.5439,1848.930632
2025-05-01 19:52:11,SELL,1848.856935,1849.781255,-0.0500,0.0396,0.8183,1829.730056
2025-05-01 19:52:23,SELL,1848.776103,1849.620655,-0.0457,5.5580,0.1565,1848.750075
2025-05-01 19:52:47,SELL,1848.687298,1849.601121,-0.0494,0.7603,0.3155,1848.303787
2025-05-01 19:52:47,BUY,1850.547146,1849.623090,0.0500,1.5055,0.4819,1850.843345
2025-05-01 19:52:59,SELL,1848.675846,1849.600192,-0.0500,0.0321,0.8210,1825.058018
2025-05-01 19:53:11,BUY,1850.526131,1849.601509,0.0500,0.0456,1.0943,1872.739798
2025-05-01 19:53:23,BUY,1850.527494,1849.602953,0.0500,0.0500,0.8277,1865.844555
2025-05-01 19:53:35,BUY,1850.566740,1849.679962,0.0479,2.6665,0.1550,1850.620539
2025-05-01 19:53:59,BUY,1850.892694,1850.255040,0.0345,19.8916,20.8703,1851.863677
2025-05-01 19:54:11,BUY,1851.719089,1851.331574,0.0209,37.0508,34.2897,1852.575953
2025-05-01 19:54:11,BUY,1852.327886,1851.473982,0.0461,4.9730,0.4886,1852.418873
2025-05-01 19:54:11,BUY,1852.469651,1851.612853,0.0463,4.7785,0.4886,1852.564356
2025-05-01 19:54:11,SELL,1850.404853,1851.329465,-0.0499,0.0726,0.1719,1848.212314
2025-05-01 19:54:23,SELL,1850.683663,1851.606088,-0.0498,0.2325,0.8211,1847.415174
2025-05-01 19:54:35,SELL,1850.679382,1851.605090,-0.0500,0.0065,0.1849,1824.380448
2025-05-01 19:54:35,SELL,1850.679880,1851.605279,-0.0500,5.1890,0.8181,1850.533987
2025-05-01 19:55:11,SELL,1850.597898,1851.442233,-0.0456,5.5955,0.1260,1850.577067
2025-05-01 19:55:11,SELL,1850.515691,1851.440590,-0.0500,0.0564,0.2026,1847.194211
2025-05-01 19:55:23,SELL,1850.261732,1850.934096,-0.0363,17.4040,5.0613,1849.992694
2025-05-01 19:55:35,SELL,1849.837887,1850.592456,-0.0408,11.7407,2.5239,1849.639055
2025-05-01 19:55:35,SELL,1849.525612,1850.309230,-0.0424,9.7340,0.1890,1849.507656
2025-05-01 19:55:47,SELL,1849.308662,1850.158331,-0.0459,5.1865,1.0171,1849.127335
2025-05-01 19:56:35,SELL,1847.376533,1848.298528,-0.0499,0.1471,0.1378,1846.511119
2025-05-01 19:56:35,SELL,1847.397134,1848.303065,-0.0490,1.2553,0.5686,1846.978773
2025-05-01 19:56:35,SELL,1847.416000,1848.339451,-0.0500,0.0506,0.7863,1833.047983
2025-05-01 19:56:35,SELL,1848.324774,1848.340912,-0.0009,62.8425,13.5698,1848.125216
2025-05-01 19:56:35,SELL,1847.378803,1848.302845,-0.0500,0.0075,0.4536,1791.510747
2025-05-01 19:56:47,SELL,1847.130658,1847.810875,-0.0368,16.6198,2.9214,1846.968313
2025-05-01 19:57:23,BUY,1848.737367,1847.813088,0.0500,0.0115,0.1607,1861.666657
2025-05-01 19:57:23,BUY,1848.736182,1847.812751,0.0500,0.0640,0.1703,1851.197172
2025-05-01 19:57:35,BUY,1848.738845,1847.815862,0.0499,0.0946,0.1475,1850.180586
2025-05-01 19:58:11,SELL,1846.200992,1846.433511,-0.0126,47.1243,0.1420,1846.198210
2025-05-01 19:58:23,SELL,1843.951245,1843.315218,0.0345,106.3960,60.0570,1843.430820
2025-05-01 19:58:35,BUY,1844.277871,1843.396247,0.0478,2.7674,0.1261,1844.319877
2025-05-01 19:58:35,BUY,1844.362439,1843.484269,0.0476,3.0061,0.1261,1844.401112
2025-05-01 19:58:35,BUY,1844.430780,1843.532861,0.0487,1.6595,0.1261,1844.500840
2025-05-01 19:58:35,BUY,1844.475820,1843.574303,0.0489,1.4153,0.1261,1844.557972
2025-05-01 19:58:35,BUY,1844.517751,1843.616680,0.0489,1.4472,0.1261,1844.598095
2025-05-01 19:58:35,BUY,1844.557757,1843.654275,0.0490,1.2838,0.1261,1844.648328
2025-05-01 19:58:35,BUY,1844.618013,1843.737134,0.0478,2.8296,0.1261,1844.659110
2025-05-01 19:58:35,BUY,1844.676240,1843.770671,0.0491,1.1452,0.1261,1844.777785
2025-05-01 19:58:35,BUY,1844.702810,1843.790245,0.0495,0.6684,0.1261,1844.876797
2025-05-01 19:58:35,BUY,1844.720048,1843.805131,0.0496,0.5083,0.1261,1844.948829
2025-05-01 19:58:35,BUY,1844.735460,1843.821054,0.0496,0.5437,0.1261,1844.949353
2025-05-01 19:58:35,BUY,1844.746883,1843.827966,0.0498,0.2360,0.1261,1845.239619
2025-05-01 19:58:35,BUY,1844.798594,1843.924425,0.0474,3.2938,0.3916,1844.908270
2025-05-01 19:58:59,BUY,1844.847725,1843.926174,0.0500,0.0597,0.1546,1847.235036
2025-05-01 19:59:23,BUY,1845.010119,1844.249068,0.0413,11.0254,0.1553,1845.023114
2025-05-01 19:59:35,BUY,1845.256542,1844.418764,0.0454,5.7939,1.1189,1845.434710
2025-05-01 19:59:47,SELL,1843.495200,1844.416062,-0.0499,0.0922,1.4634,1828.860760
2025-05-01 20:00:35,SELL,1843.206966,1844.125254,-0.0498,0.2577,0.1595,1842.636531
2025-05-01 20:00:35,SELL,1843.198206,1844.115280,-0.0497,0.3404,0.1595,1842.766334
2025-05-01 20:00:35,SELL,1843.352292,1844.132806,-0.0423,9.6666,0.1887,1843.334297
2025-05-01 20:00:47,BUY,1845.351057,1844.741543,0.0330,21.3819,0.2140,1845.360292
2025-05-01 20:01:23,SELL,1842.515494,1843.291569,-0.0421,9.9433,1.1608,1842.407949
2025-05-01 20:01:23,SELL,1843.240030,1843.582868,-0.0186,39.5428,1.2591,1843.210684
2025-05-01 20:01:47,SELL,1841.273764,1841.098878,0.0095,74.8820,0.1760,1841.271601
2025-05-01 20:01:59,SELL,1840.316760,1841.236722,-0.0500,0.0460,0.5332,1829.653328
2025-05-01 20:01:59,BUY,1842.159427,1841.239961,0.0499,0.1107,0.1729,1843.598203
2025-05-01 20:01:59,BUY,1842.047476,1841.154025,0.0485,1.8849,0.1729,1842.131978
2025-05-01 20:01:59,BUY,1842.091327,1841.186538,0.0491,1.1113,0.1729,1842.234663
2025-05-01 20:01:59,BUY,1842.118352,1841.208046,0.0494,0.7351,0.1729,1842.335032
2025-05-01 20:01:59,BUY,1842.137284,1841.224384,0.0496,0.5584,0.1729,1842.422548
2025-05-01 20:01:59,BUY,1842.152303,1841.238069,0.0497,0.4677,0.1729,1842.492881
2025-05-01 20:02:11,BUY,1842.174500,1841.266861,0.0493,0.9194,45.3883,1887.647170
2025-05-01 20:02:23,BUY,1842.201424,1841.293783,0.0493,0.9201,0.8639,1843.066223
2025-05-01 20:02:23,BUY,1842.229527,1841.323041,0.0492,0.9999,0.8639,1843.025337
2025-05-01 20:02:35,BUY,1842.248241,1841.331189,0.0498,0.2785,0.2309,1843.011837
2025-05-01 20:02:35,SELL,1840.407112,1841.324365,-0.0498,0.2331,0.8642,1836.995362
2025-05-01 20:02:59,BUY,1842.250571,1841.330885,0.0499,0.0987,0.8576,1850.251594
2025-05-01 20:02:59,BUY,1842.247305,1841.327996,0.0499,0.1241,0.4040,1845.246084
2025-05-01 20:02:59,BUY,1842.325195,1841.477184,0.0461,5.0000,0.8577,1842.483206
2025-05-01 20:03:11,BUY,1842.401636,1841.483681,0.0498,0.2220,0.4262,1844.170020
2025-05-01 20:03:23,SELL,1840.561768,1841.481339,-0.0499,0.0800,0.3976,1835.988006
2025-05-01 20:03:35,SELL,1840.497287,1841.354655,-0.0466,4.3274,0.2283,1840.448745
2025-05-01 20:03:35,SELL,1840.419971,1841.326629,-0.0492,11.3771,0.3156,1840.394447
2025-05-01 20:03:47,BUY,1842.381039,1841.593078,0.0428,9.1062,0.2978,1842.411167
2025-05-01 20:03:59,SELL,1840.285709,1840.819634,-0.0290,26.4221,6.4699,1840.060399
2025-05-01 20:04:11,SELL,1839.894675,1840.810536,-0.0498,0.3109,0.8905,1837.259341
2025-05-01 20:04:23,SELL,1839.886093,1840.802459,-0.0498,0.2760,0.2568,1839.030069
2025-05-01 20:04:47,BUY,1841.752588,1840.860965,0.0484,2.0000,0.3824,1841.928640
2025-05-01 20:05:47,SELL,1839.940165,1840.860246,-0.0500,0.0246,0.3960,1825.110994
2025-05-01 20:05:59,SELL,1839.939313,1840.859259,-0.0500,0.0337,0.3933,1829.212921
2025-05-01 20:06:35,BUY,1842.218625,1841.735880,0.0262,29.9609,0.2240,1842.225512
2025-05-01 20:06:47,BUY,1841.653434,1840.929569,0.0393,13.4655,0.2091,1841.667735
2025-05-01 20:06:47,SELL,1840.125084,1840.355613,-0.0125,47.1551,1.2029,1840.101615
2025-05-01 20:06:47,BUY,1841.993436,1841.215322,0.0423,9.7670,0.2092,1842.013159
2025-05-01 20:06:47,BUY,1841.325545,1840.454153,0.0473,3.3689,1.9697,1841.863825
2025-05-01 20:06:47,BUY,1841.415618,1840.535667,0.0478,2.7867,1.9698,1842.066413
2025-05-01 20:07:11,BUY,1842.701199,1842.006046,0.0377,15.4588,0.2718,1842.717399
2025-05-01 20:07:11,BUY,1842.305645,1841.553679,0.0408,11.5640,3.8689,1842.613833
2025-05-01 20:07:11,BUY,1842.928242,1842.007510,0.0500,0.0500,0.5703,1853.438660
2025-05-01 20:07:59,BUY,1843.014567,1842.178613,0.0454,5.8466,0.2188,1843.049054
2025-05-01 20:08:35,SELL,1842.910333,1843.832142,-0.0500,0.0074,0.2488,1811.723720
2025-05-01 20:08:35,BUY,1843.927229,1843.832357,0.0051,56.4883,0.2156,1843.930747
2025-05-01 20:08:47,BUY,1845.159910,1844.642609,0.0280,27.6727,10.4753,1845.509147
2025-05-01 20:08:59,SELL,1843.545856,1844.293589,-0.0405,11.9103,0.2261,1843.528357
2025-05-01 20:10:23,BUY,1845.213667,1844.291172,0.0500,0.0097,0.3696,1880.432513
2025-05-01 20:10:23,SELL,1843.370090,1844.290888,-0.0499,0.0922,0.5356,1838.014039
2025-05-01 20:10:59,SELL,1843.247560,1844.048125,-0.0434,8.2946,0.5478,1843.186692
2025-05-01 20:11:11,BUY,1845.327742,1844.762107,0.0307,24.3769,0.2159,1845.335915
2025-05-01 20:11:11,BUY,1845.755914,1844.903967,0.0462,4.8426,0.2159,1845.797067
2025-05-01 20:11:23,BUY,1846.045534,1845.341082,0.0382,14.9204,3.7809,1846.279434
2025-05-01 20:11:23,BUY,1846.289978,1845.392583,0.0486,1.7578,0.3055,1846.450444
2025-05-01 20:12:23,BUY,1846.443922,1845.648825,0.0431,8.7456,2.2985,1846.686565
2025-05-01 20:12:35,BUY,1846.631726,1845.767996,0.0468,4.0671,1.0054,1846.859967
2025-05-01 20:12:47,BUY,1845.824082,1845.102061,0.0391,13.7144,3.3042,1846.046440
2025-05-01 20:12:47,SELL,1844.311454,1844.700302,-0.0211,36.4252,0.2364,1844.305471
2025-05-01 20:12:59,BUY,1846.285251,1845.622192,0.0359,17.7529,8.6785,1846.736528
2025-05-01 20:13:11,BUY,1846.937812,1846.406577,0.0288,26.7676,21.3882,1847.675695
2025-05-01 20:13:23,BUY,1847.505927,1846.757799,0.0405,11.9813,2.8788,1847.727885
2025-05-01 20:13:23,BUY,1847.682324,1846.759146,0.0500,0.0460,0.8610,1864.983610
2025-05-01 20:13:59,BUY,1847.683268,1846.759689,0.0500,0.0185,0.8563,1890.455101
2025-05-01 20:14:11,SELL,1845.835958,1846.759066,-0.0500,0.0212,2.5289,1735.883911
2025-05-01 20:14:23,BUY,1847.732091,1846.857385,0.0474,3.3536,0.2454,1847.799699
2025-05-01 20:14:47,SELL,1845.933207,1846.855909,-0.0500,0.0503,0.8504,1830.331667
2025-05-01 20:14:59,BUY,1847.897700,1847.091600,0.0436,8.0390,2.5405,1848.189684
2025-05-01 20:15:11,BUY,1848.202523,1847.465263,0.0399,12.7439,1.4725,1848.309302
2025-05-01 20:15:23,BUY,1848.483094,1847.652446,0.0450,6.3835,3.6293,1849.008573
2025-05-01 20:15:23,BUY,1848.578388,1847.655744,0.0499,0.1125,0.2086,1850.292913
2025-05-01 20:15:35,BUY,1848.683101,1847.861780,0.0444,7.0260,1.1138,1848.829629
2025-05-01 20:16:11,SELL,1846.915783,1847.817627,-0.0488,1.5049,0.2169,1846.782653
2025-05-01 20:16:11,SELL,1846.748291,1847.526640,-0.0421,9.9182,0.3572,1846.715038
2025-05-01 20:16:23,BUY,1848.503637,1847.632130,0.0472,3.5975,2.1352,1849.052199
2025-05-01 20:16:35,BUY,1848.795320,1848.109745,0.0371,16.2866,6.8524,1849.184249
2025-05-01 20:16:47,BUY,1848.476083,1847.556549,0.0498,0.3210,0.2859,1849.299281
2025-05-01 20:16:47,BUY,1848.059903,1847.547137,0.0278,28.0506,0.2078,1848.066750
2025-05-01 20:16:47,SELL,1846.493385,1846.724702,-0.0125,47.2121,1.2050,1846.469821
2025-05-01 20:16:59,BUY,1848.485926,1847.566815,0.0497,0.3501,0.3397,1849.382578
2025-05-01 20:16:59,BUY,1848.493261,1847.571214,0.0499,0.1500,0.2394,1849.968066
2025-05-01 20:17:11,BUY,1848.715496,1848.011088,0.0381,15.0000,0.2155,1848.728774
2025-05-01 20:17:35,SELL,1847.087005,1848.010934,-0.0500,0.0053,0.3734,1781.590499
2025-05-01 20:18:11,BUY,1848.935706,1848.011457,0.0500,0.0178,0.2014,1859.378131
2025-05-01 20:18:11,SELL,1847.087002,1848.010622,-0.0500,0.0285,0.3678,1835.148854
2025-05-01 20:18:23,SELL,1847.085004,1848.007411,-0.0499,0.1094,0.8710,1839.735118
2025-05-01 20:18:23,SELL,1847.072572,1847.985732,-0.0494,0.7388,0.3720,1846.607579
2025-05-01 20:18:35,SELL,1847.060902,1847.984068,-0.0500,0.0567,0.8759,1832.804823
2025-05-01 20:18:47,SELL,1846.929260,1847.722315,-0.0429,8.9213,0.2104,1846.907485
2025-05-01 20:19:47,BUY,1848.751746,1847.932431,0.0443,7.1650,1.1414,1848.899004
2025-05-01 20:20:11,SELL,1847.008096,1847.931692,-0.0500,4.6175,0.8603,1846.836045
2025-05-01 20:20:23,BUY,1848.873355,1847.966142,0.0491,1.1752,0.5484,1849.304717
2025-05-01 20:21:59,SELL,1847.041781,1847.965386,-0.0500,4.6176,0.8286,1846.876053
2025-05-01 20:21:59,BUY,1848.890015,1847.965753,0.0500,0.0125,0.8286,1910.172809
2025-05-01 20:22:23,BUY,1849.202557,1848.587933,0.0332,21.3636,0.1815,1849.210413
2025-05-01 20:22:59,BUY,1849.522041,1848.606627,0.0495,0.6471,0.8481,1850.734094
2025-05-01 20:23:11,SELL,1847.825968,1848.749629,-0.0500,0.0502,0.8457,1832.250717
2025-05-01 20:23:11,BUY,1849.603653,1848.751079,0.0461,5.0000,0.8457,1849.760067
2025-05-01 20:23:23,BUY,1849.674810,1848.750316,0.0500,4.9090,0.2017,1849.712801
2025-05-01 20:23:47,SELL,1847.825192,1848.748817,-0.0500,10.7081,0.8422,1847.752529
2025-05-01 20:23:47,BUY,1849.681896,1848.765292,0.0496,0.5702,0.8422,1851.047748
2025-05-01 20:24:23,SELL,1847.840580,1848.764720,-0.0500,0.0198,0.3845,1829.890644
2025-05-01 20:24:35,SELL,1847.836886,1848.757820,-0.0498,0.2387,0.1886,1847.106704
2025-05-01 20:24:47,BUY,1849.682954,1848.758392,0.0500,0.0198,0.3845,1867.650726
2025-05-01 20:24:59,SELL,1847.833085,1848.756550,-0.0500,0.0637,0.3607,1842.602288
2025-05-01 20:25:11,BUY,1849.746684,1848.887073,0.0465,4.5176,0.6622,1849.882252
2025-05-01 20:25:23,BUY,1849.964819,1849.192613,0.0418,10.5748,1.5342,1850.099013
2025-05-01 20:25:47,BUY,1850.245520,1849.448190,0.0431,8.8449,1.4737,1850.399662
2025-05-01 20:25:47,BUY,1850.373738,1849.448913,0.0500,0.0250,0.2014,1857.828346
2025-05-01 20:26:11,BUY,1850.472128,1849.644877,0.0447,6.7814,0.5863,1850.552122
2025-05-01 20:26:23,SELL,1848.718073,1849.640918,-0.0499,0.1369,0.8489,1842.986399
2025-05-01 20:26:35,BUY,1850.841550,1849.916247,0.0500,0.0090,1.1724,1971.948518
2025-05-01 20:26:35,BUY,1850.703800,1849.915989,0.0426,9.5183,1.0600,1850.806847
2025-05-01 20:26:59,SELL,1849.998097,1850.923469,-0.0500,0.0075,0.8342,1747.714627
2025-05-01 20:26:59,SELL,1849.666690,1850.260563,-0.0321,22.7907,1.1670,1849.619334
2025-05-01 20:26:59,BUY,1851.380317,1850.890679,0.0265,30.0000,0.1679,1851.385498
2025-05-01 20:26:59,BUY,1851.345043,1850.923688,0.0228,34.7028,8.6777,1851.576515
2025-05-01 20:26:59,SELL,1849.214713,1850.019350,-0.0435,8.3215,0.5008,1849.159065
2025-05-01 20:27:11,BUY,1851.852947,1850.963362,0.0481,2.4999,0.1907,1851.923563
2025-05-01 20:27:47,BUY,1851.889379,1850.963507,0.0500,0.0050,0.5095,1946.899170
2025-05-01 20:28:11,SELL,1849.922924,1850.733197,-0.0438,7.9175,0.4986,1849.864672
2025-05-01 20:28:23,SELL,1849.327075,1850.215074,-0.0480,2.5531,0.1737,1849.264152
2025-05-01 20:28:23,SELL,1849.585994,1850.289329,-0.0380,15.2605,0.1737,1849.575465
2025-05-01 20:28:35,SELL,1848.765571,1849.686780,-0.0498,0.2515,0.2179,1847.964785
2025-05-01 20:28:35,SELL,1848.770843,1849.694052,-0.0499,0.1137,0.2993,1846.337042
2025-05-01 20:28:35,SELL,1849.031066,1849.697339,-0.0360,17.8942,2.0319,1848.926084
2025-05-01 20:28:47,SELL,1848.759421,1849.681748,-0.0499,0.1740,0.1763,1847.823129
2025-05-01 20:29:35,SELL,1848.558907,1849.285570,-0.0393,13.7032,1.2127,1848.477113
2025-05-01 20:29:35,SELL,1848.359466,1849.282664,-0.0499,0.1005,0.1671,1846.823372
2025-05-01 20:29:47,SELL,1848.321264,1849.209112,-0.0480,2.5442,0.1776,1848.256738
2025-05-01 20:29:59,SELL,1848.067286,1848.774478,-0.0383,15.0353,0.1343,1848.059033
2025-05-01 20:29:59,SELL,1847.849811,1848.774021,-0.0500,0.0158,0.3007,1830.303501
2025-05-01 20:29:59,SELL,1847.847824,1848.770412,-0.0499,0.1248,0.4900,1844.220690
2025-05-01 20:29:59,SELL,1847.771657,1848.770412,-0.0540,0.0000,0.1509,-13267.338141
2025-05-01 20:30:23,SELL,1847.771022,1848.620330,-0.0459,5.1922,0.1454,1847.745147
2025-05-01 20:30:23,SELL,1847.695713,1848.619776,-0.0500,0.0192,0.4782,1824.634123
2025-05-01 20:30:35,BUY,1849.552102,1848.634875,0.0496,2.5000,0.1639,1849.612737
2025-05-01 20:30:47,SELL,1847.846921,1848.698826,-0.0461,5.0151,0.8306,1847.693897
2025-05-01 20:30:47,BUY,1849.664162,1848.843790,0.0444,7.2311,0.1651,1849.685277
2025-05-01 20:30:59,BUY,1849.627043,1848.705623,0.0498,0.2353,0.1857,1850.357054
2025-05-01 20:31:11,BUY,1849.630983,1848.706686,0.0500,0.0368,0.3638,1858.770958
2025-05-01 20:31:23,SELL,1847.730271,1848.640698,-0.0492,0.9618,0.2074,1847.531010
2025-05-01 20:31:23,SELL,1847.763248,1848.668498,-0.0490,1.3212,1.3211,1846.839408
2025-05-01 20:31:35,SELL,1847.651725,1848.516921,-0.0468,4.0889,0.3355,1847.575935
2025-05-01 20:31:35,SELL,1847.712399,1848.632743,-0.0498,0.2752,0.3469,1846.548062
2025-05-01 20:31:35,SELL,1847.281574,1847.892431,-0.0331,21.3960,0.1973,1847.273059
2025-05-01 20:31:35,BUY,1849.558713,1848.635108,0.0500,0.0819,20.0586,2076.125901
2025-05-01 20:31:47,SELL,1846.854457,1847.664269,-0.0438,7.7796,0.8767,1846.750391
2025-05-01 20:31:59,SELL,1846.736030,1847.655456,-0.0498,0.3005,0.2613,1845.933051
2025-05-01 20:32:11,BUY,1848.579929,1847.655822,0.0500,0.0125,0.8799,1913.641148
2025-05-01 20:32:35,SELL,1846.423310,1847.030592,-0.0329,21.5801,13.7481,1845.835155
2025-05-01 20:32:35,BUY,1848.583918,1847.663429,0.0498,1.2277,0.2525,1848.773993
2025-05-01 20:32:47,SELL,1845.960171,1846.737012,-0.0421,10.0000,0.2346,1845.938522
2025-05-01 20:32:47,SELL,1846.106841,1847.030225,-0.0500,0.0125,0.2774,1825.633579
2025-05-01 20:33:11,BUY,1847.661333,1846.737978,0.0500,0.0330,0.2610,1854.973313
2025-05-01 20:33:23,SELL,1845.369697,1845.847864,-0.0259,30.3672,7.6027,1845.138694
2025-05-01 20:33:35,SELL,1844.851623,1845.701160,-0.0460,5.0061,0.6150,1844.738297
2025-05-01 20:33:47,BUY,1846.623150,1845.700288,0.0500,0.0328,0.6143,1863.923522
2025-05-01 20:33:47,SELL,1844.777383,1845.699328,-0.0500,0.0625,0.3167,1840.105455
2025-05-01 20:33:59,SELL,1844.369237,1844.883569,-0.0279,27.8730,12.6447,1843.950886
2025-05-01 20:33:59,SELL,1843.960561,1844.882470,-0.0500,0.0375,0.4625,1832.592246
2025-05-01 20:34:23,SELL,1843.959468,1844.881372,-0.0500,0.0375,0.3754,1834.728371
2025-05-01 20:34:35,SELL,1843.892948,1844.749343,-0.0464,4.5065,0.6446,1843.761074
2025-05-01 20:34:47,BUY,1845.674938,1844.754853,0.0499,0.1882,0.3125,1847.207458
2025-05-01 20:35:47,SELL,1843.599417,1844.288539,-0.0374,15.9196,2.4686,1843.456478
2025-05-01 20:35:59,SELL,1842.951022,1843.457472,-0.0275,28.3774,9.4019,1842.645722
2025-05-01 20:35:59,SELL,1842.495853,1843.377653,-0.0478,2.7258,0.3590,1842.374539
2025-05-01 20:36:11,BUY,1844.294634,1843.372368,0.0500,0.0037,0.4908,1965.103317
2025-05-01 20:36:11,SELL,1842.453265,1843.372258,-0.0499,0.1842,0.9885,1837.510739
2025-05-01 20:36:47,SELL,1842.449124,1843.369266,-0.0499,0.1059,0.9532,1834.158807
2025-05-01 20:36:59,SELL,1842.239022,1842.951961,-0.0387,14.2520,5.1980,1841.903069
2025-05-01 20:37:11,BUY,1843.874040,1842.952086,0.0500,0.0043,0.3100,1911.095526
2025-05-01 20:37:23,SELL,1841.649427,1842.189442,-0.0293,26.0539,6.4647,1841.420944
2025-05-01 20:37:35,SELL,1841.265650,1842.184054,-0.0499,0.1841,0.9660,1836.435800
2025-05-01 20:37:47,SELL,1841.259929,1842.177991,-0.0498,0.2071,0.2950,1839.948985
2025-05-01 20:38:23,BUY,1843.650190,1842.795963,0.0464,4.6206,0.9407,1843.837870
2025-05-01 20:38:23,BUY,1843.341036,1842.660772,0.0369,16.5027,0.2773,1843.356524
2025-05-01 20:38:35,BUY,1843.722409,1842.805129,0.0498,0.3132,0.9199,1846.429992
2025-05-01 20:38:47,BUY,1843.986737,1843.324395,0.0359,17.7435,0.2599,1844.000242
2025-05-01 20:39:11,BUY,1844.249529,1843.330405,0.0499,0.2053,0.8968,1848.276983
2025-05-01 20:39:35,BUY,1844.428078,1843.681340,0.0405,11.9901,4.3404,1844.761915
2025-05-01 20:39:47,BUY,1844.735504,1843.944942,0.0429,9.0055,0.2214,1844.758177
2025-05-01 20:39:47,SELL,1843.022751,1843.944528,-0.0500,0.0141,0.8852,1785.294070
2025-05-01 20:42:23,SELL,1842.971305,1843.841978,-0.0472,3.5016,0.8564,1842.745936
2025-05-01 20:42:47,SELL,1842.700083,1843.401836,-0.0381,15.0300,0.2051,1842.687512
2025-05-01 20:43:11,SELL,1842.472778,1843.387117,-0.0496,0.5027,0.5435,1841.476761
2025-05-01 20:43:47,SELL,1842.463886,1843.384058,-0.0499,0.1045,0.2208,1840.516758
2025-05-01 20:44:11,BUY,1844.306873,1843.385358,0.0500,0.0444,0.1794,1848.031082
2025-05-01 20:44:23,BUY,1844.299228,1843.377169,0.0500,1.4785,0.3301,1844.505092
2025-05-01 20:44:23,SELL,1842.459480,1843.376988,-0.0498,0.2859,0.1808,1841.876964
2025-05-01 20:44:35,SELL,1842.327760,1843.121609,-0.0431,8.7278,1.9347,1842.123564
2025-05-01 20:44:35,SELL,1842.199846,1843.121292,-0.0500,0.0108,0.8482,1770.152503
2025-05-01 20:44:59,SELL,1842.196040,1843.115964,-0.0499,0.1117,0.1740,1840.761648
2025-05-01 20:44:59,SELL,1842.198697,1843.119235,-0.0499,0.0703,0.1740,1839.917682
2025-05-01 20:45:11,SELL,1841.462571,1841.651900,-0.0103,50.0187,0.1758,1841.459335
2025-05-01 20:45:23,SELL,1840.539955,1841.460520,-0.0500,0.0112,0.1904,1824.961387
2025-05-01 20:45:23,SELL,1840.635594,1841.460849,-0.0448,6.5289,0.4887,1840.566710
2025-05-01 20:46:11,SELL,1840.538258,1841.457471,-0.0499,0.1042,0.1729,1839.010946
2025-05-01 20:47:11,SELL,1839.891821,1840.167190,-0.0150,44.1007,36.2557,1839.135522
2025-05-01 20:47:23,SELL,1839.744690,1840.661301,-0.0498,0.2545,0.8380,1836.715440
2025-05-01 20:47:23,BUY,1841.128840,1840.249360,0.0478,2.8103,1.0818,1841.483209
2025-05-01 20:47:23,BUY,1841.261524,1840.432431,0.0450,6.2610,1.0819,1841.420614
2025-05-01 20:47:23,BUY,1841.379485,1840.485160,0.0486,1.8033,1.0820,1841.931897
2025-05-01 20:47:23,BUY,1841.428607,1840.530625,0.0488,1.5548,1.0820,1842.069325
2025-05-01 20:47:23,BUY,1841.476785,1840.581467,0.0486,1.7387,1.0820,1842.049780
2025-05-01 20:47:23,BUY,1841.529079,1840.635162,0.0486,1.8362,1.0820,1842.071665
2025-05-01 20:47:23,BUY,1841.571972,1840.667209,0.0492,1.0959,1.0821,1842.481114
2025-05-01 20:47:23,BUY,1841.588780,1840.668745,0.0500,0.0525,1.0821,1860.554572
2025-05-01 20:47:35,BUY,1840.926578,1840.079209,0.0461,5.0000,0.7997,1841.073795
2025-05-01 20:47:35,SELL,1839.376887,1839.932842,-0.0302,24.9010,11.4803,1838.952875
2025-05-01 20:47:35,BUY,1840.853432,1839.933023,0.0500,0.0062,0.1373,1861.253997
2025-05-01 20:47:35,SELL,1839.158439,1840.077747,-0.0500,0.0500,0.3029,1833.588180
2025-05-01 20:47:47,SELL,1839.121181,1840.004658,-0.0480,2.4986,0.6454,1838.883632
2025-05-01 20:48:35,SELL,1838.846779,1839.528697,-0.0371,16.2721,7.0011,1838.451196
2025-05-01 20:48:47,SELL,1838.607980,1839.526791,-0.0499,13.5551,0.8423,1838.550857
2025-05-01 20:48:59,SELL,1838.535687,1839.384041,-0.0461,4.8807,0.3475,1838.470241
2025-05-01 20:48:59,BUY,1840.376654,1839.528893,0.0461,4.9551,0.1819,1840.410443
2025-05-01 20:49:23,BUY,1840.675713,1839.981884,0.0377,15.4947,2.8316,1840.843904
2025-05-01 20:49:47,BUY,1840.908775,1840.012442,0.0487,1.6500,0.6624,1841.278298
2025-05-01 20:49:47,SELL,1839.053055,1839.964200,-0.0495,0.6046,0.8273,1837.794809
2025-05-01 20:49:59,SELL,1839.029272,1839.889480,-0.0468,4.0865,0.1985,1838.984617
2025-05-01 20:49:59,SELL,1839.091090,1840.009752,-0.0499,0.0920,0.8278,1830.813536
2025-05-01 20:49:59,SELL,1839.089379,1840.009016,-0.0500,7.3930,0.8278,1838.986423
2025-05-01 20:50:47,SELL,1838.967917,1839.886252,-0.0499,0.1103,0.8177,1832.154077
2025-05-01 20:50:59,BUY,1841.133873,1840.540417,0.0322,22.3730,0.1496,1841.140027
2025-05-01 20:51:11,BUY,1841.545216,1840.708473,0.0455,5.7470,0.4431,1841.616213
2025-05-01 20:51:23,SELL,1840.471294,1841.389571,-0.0499,0.1656,0.8133,1835.952758
2025-05-01 20:51:23,BUY,1841.972405,1841.394418,0.0314,23.4556,7.2582,1842.257397
2025-05-01 20:51:23,BUY,1842.357406,1841.482885,0.0475,3.1905,0.1504,1842.400843
2025-05-01 20:51:35,SELL,1840.561115,1841.480827,-0.0499,0.0703,2.5456,1807.239490
2025-05-01 20:51:35,BUY,1842.427681,1841.532107,0.0486,1.7533,0.2128,1842.539480
2025-05-01 20:51:35,BUY,1842.453480,1841.532400,0.0500,0.0100,0.4913,1887.714657
2025-05-01 20:51:59,SELL,1840.608940,1841.527014,-0.0499,0.1841,0.8037,1836.590562
2025-05-01 20:52:11,SELL,1840.416507,1841.147357,-0.0397,12.9749,0.1656,1840.404763
2025-05-01 20:52:23,BUY,1842.330626,1841.416773,0.0496,0.5002,0.1628,1842.630421
2025-05-01 20:52:23,BUY,1842.195845,1841.402145,0.0431,8.7120,0.1947,1842.216428
2025-05-01 20:52:35,BUY,1842.341655,1841.424193,0.0498,0.2537,0.3284,1843.534237
2025-05-01 20:53:23,SELL,1840.421590,1841.260333,-0.0456,5.6000,0.3450,1840.364896
2025-05-01 20:53:35,SELL,1840.332542,1841.246004,-0.0496,0.4897,130.2836,1595.524965
2025-05-01 20:53:59,SELL,1840.319157,1841.233554,-0.0497,0.4255,0.5089,1839.218560
2025-05-01 20:54:23,SELL,1840.312279,1841.232634,-0.0500,0.0179,0.3349,1823.090943
2025-05-01 20:54:23,SELL,1840.312739,1841.233157,-0.0500,2.5914,0.8320,1840.017297
2025-05-01 20:54:47,SELL,1840.244033,1841.096599,-0.0463,4.6493,0.5014,1840.144796
2025-05-01 20:55:35,SELL,1840.033158,1840.858548,-0.0448,11.4471,0.4970,1839.993212
2025-05-01 20:56:59,BUY,1841.400204,1840.509252,0.0484,4.7520,0.1785,1841.434792
2025-05-01 20:56:59,SELL,1839.733813,1840.449755,-0.0389,32.6323,7.1997,1839.530862
2025-05-01 20:58:23,SELL,1839.587106,1840.505468,-0.0499,0.7155,0.1437,1839.402408
2025-05-01 20:59:23,SELL,1839.582022,1840.499079,-0.0498,0.5100,0.8172,1838.108368
2025-05-01 20:59:35,SELL,1839.579050,1840.499212,-0.0500,0.0184,0.8078,1799.190891
2025-05-01 20:59:35,BUY,1841.419973,1840.499442,0.0500,0.0291,0.3108,1851.270705
2025-05-01 20:59:47,BUY,1841.431446,1840.520121,0.0495,1.5000,0.4820,1841.727276
2025-05-01 20:59:47,BUY,1841.420987,1840.501340,0.0500,0.1700,0.6087,1844.717769
2025-05-01 20:59:59,SELL,1839.502726,1840.325758,-0.0447,15.5162,10.3455,1838.889474
2025-05-01 21:00:35,BUY,1841.262039,1840.357058,0.0492,2.5000,0.1488,1841.316841
2025-05-01 21:00:59,BUY,1841.322576,1840.446772,0.0476,7.1655,0.1482,1841.341621
2025-05-01 21:01:23,BUY,1841.400122,1840.513225,0.0482,5.3996,0.1502,1841.425731
2025-05-01 21:01:23,SELL,1839.525970,1840.445620,-0.0500,0.0920,0.8127,1831.398544
2025-05-01 21:01:35,BUY,1841.592853,1840.830901,0.0414,25.3713,2.0674,1841.667885
2025-05-01 21:01:59,SELL,1840.087441,1841.007853,-0.0500,0.0069,0.1525,1819.612231
2025-05-01 21:01:59,BUY,1841.836780,1841.008054,0.0450,8.7525,0.1514,1841.852715
2025-05-01 21:01:59,SELL,1839.934590,1840.854447,-0.0500,0.0920,0.8141,1831.793241
2025-05-01 21:01:59,BUY,1841.764132,1840.855600,0.0494,1.9725,0.2666,1841.888614
2025-05-01 21:02:59,BUY,1841.955087,1841.060364,0.0486,1.7956,0.4627,1842.192382
2025-05-01 21:03:11,BUY,1842.136715,1841.370943,0.0416,10.6199,0.9612,1842.220083
2025-05-01 21:03:35,BUY,1842.381103,1841.548886,0.0452,6.0841,0.1428,1842.402721
2025-05-01 21:03:47,SELL,1840.628075,1841.548812,-0.0500,0.0025,0.1770,1775.481484
2025-05-01 21:03:59,BUY,1842.587557,1841.783722,0.0436,8.0314,0.5568,1842.651424
2025-05-01 21:03:59,BUY,1842.706395,1841.786346,0.0500,0.0897,0.3070,1845.859280
2025-05-01 21:04:11,BUY,1842.863975,1841.943996,0.0499,0.1000,0.1395,1844.149302
2025-05-01 21:04:11,BUY,1842.785099,1841.941070,0.0458,5.2897,0.8914,1842.940371
2025-05-01 21:04:23,BUY,1843.041077,1842.295133,0.0405,12.0037,1.3385,1843.143835
2025-05-01 21:04:35,BUY,1843.415121,1842.691716,0.0393,13.5559,1.5050,1843.517449
2025-05-01 21:04:47,BUY,1843.803731,1843.071973,0.0397,12.9946,3.8250,1844.075096
2025-05-01 21:05:11,BUY,1844.255220,1843.333604,0.0500,0.0353,0.7902,1864.918785
2025-05-01 21:05:11,BUY,1844.124330,1843.332572,0.0430,8.9044,2.1002,1844.341810
2025-05-01 21:05:35,BUY,1844.840441,1844.502622,0.0183,39.9365,0.1383,1844.843634
2025-05-01 21:05:59,BUY,1845.426279,1844.504482,0.0500,0.0635,0.4989,1852.671805
2025-05-01 21:07:11,SELL,1843.578628,1844.497275,-0.0498,0.2460,0.1545,1842.999722
2025-05-01 21:07:23,BUY,1845.421304,1844.499912,0.0500,0.0900,0.8212,1853.835548
2025-05-01 21:07:47,BUY,1845.422970,1844.500585,0.0500,0.0230,0.4849,1864.861297
2025-05-01 21:07:59,SELL,1843.577929,1844.499829,-0.0500,0.0258,0.6342,1820.929220
2025-05-01 21:08:11,SELL,1843.469217,1844.283003,-0.0441,7.4027,3.4748,1843.036554
2025-05-01 21:08:35,SELL,1843.299121,1844.159463,-0.0467,4.2180,0.1611,1843.263918
2025-05-01 21:08:35,SELL,1843.221420,1844.127521,-0.0491,1.0906,0.1938,1843.057639
2025-05-01 21:09:35,SELL,1843.182632,1844.081849,-0.0488,1.5594,0.1992,1843.064931
2025-05-01 21:09:59,BUY,1844.490474,1843.568999,0.0500,0.0539,0.8180,1858.475094
2025-05-01 21:09:59,BUY,1844.486340,1843.567420,0.0498,0.2273,0.8180,1847.805366
2025-05-01 21:09:59,SELL,1842.899379,1843.560767,-0.0359,17.7930,0.8180,1842.857016
2025-05-01 21:10:35,BUY,1844.581727,1843.749878,0.0451,6.1797,0.1288,1844.600949
2025-05-01 21:10:47,BUY,1844.673867,1843.753171,0.0499,0.1125,0.4884,1848.677504
2025-05-01 21:11:35,SELL,1842.830804,1843.752189,-0.0500,9.2207,0.3205,1842.798777
2025-05-01 21:11:47,BUY,1844.822940,1844.048880,0.0420,10.1357,2.5012,1845.050563
2025-05-01 21:11:59,BUY,1845.277970,1844.661836,0.0334,20.9375,9.2039,1845.683551
2025-05-01 21:11:59,SELL,1843.733848,1844.650519,-0.0497,0.3863,0.8163,1841.786003
2025-05-01 21:12:11,BUY,1845.760216,1844.838778,0.0499,0.0991,0.1702,1847.345599
2025-05-01 21:12:11,BUY,1845.666029,1844.835877,0.0450,6.3305,2.2892,1845.999739
2025-05-01 21:12:23,BUY,1845.837709,1844.990805,0.0459,5.1919,0.6490,1845.953083
2025-05-01 21:12:35,BUY,1846.001284,1845.165766,0.0453,5.9748,0.6003,1846.094023
2025-05-01 21:12:59,BUY,1846.250654,1845.489305,0.0413,11.0480,1.1309,1846.345151
2025-05-01 21:13:11,SELL,1844.966352,1845.888864,-0.0500,0.0299,0.8212,1819.653633
2025-05-01 21:13:11,BUY,1846.612819,1845.889741,0.0392,13.6725,1.5548,1846.717814
2025-05-01 21:13:35,SELL,1844.959525,1845.876069,-0.0497,0.4367,0.1735,1844.592906
2025-05-01 21:13:47,BUY,1846.800570,1845.878248,0.0500,0.0744,0.3367,1850.978080
2025-05-01 21:14:11,BUY,1847.416706,1847.108029,0.0167,41.9748,24.1380,1847.947893
2025-05-01 21:14:23,BUY,1848.131370,1847.306585,0.0446,6.7750,2.9509,1848.533852
2025-05-01 21:14:35,BUY,1848.231497,1847.306602,0.0501,0.0006,0.5694,2728.888902
2025-05-01 21:14:59,SELL,1846.382629,1847.305974,-0.0500,0.0214,0.1867,1838.340534
2025-05-01 21:14:59,SELL,1846.355266,1847.251839,-0.0485,1.8462,0.3328,1846.188839
2025-05-01 21:14:59,BUY,1848.191611,1847.283192,0.0492,1.0698,0.1978,1848.362504
2025-05-01 21:15:11,SELL,1846.341180,1847.246433,-0.0490,1.2536,0.1716,1846.214830
2025-05-01 21:15:23,SELL,1846.318173,1847.237154,-0.0497,0.3165,0.1750,1845.807820
2025-05-01 21:15:35,BUY,1848.161328,1847.237339,0.0500,1.7533,0.2200,1848.277300
2025-05-01 21:16:11,SELL,1846.303854,1847.217596,-0.0495,0.6733,0.4797,1845.646103
2025-05-01 21:16:23,SELL,1846.247191,1847.169002,-0.0499,0.1213,0.8358,1839.888184
2025-05-01 21:16:23,SELL,1846.271480,1847.172559,-0.0488,1.5360,0.1708,1846.168799
2025-05-01 21:16:23,SELL,1846.244138,1847.166446,-0.0499,0.0871,0.1708,1844.434478
2025-05-01 21:16:35,SELL,1845.584795,1846.487457,-0.0489,1.4048,0.5201,1845.243132
2025-05-01 21:16:35,SELL,1845.924092,1846.528641,-0.0327,21.7540,0.1878,1845.916126
2025-05-01 21:16:59,SELL,1845.515412,1846.402156,-0.0480,5.6293,0.1808,1845.485774
2025-05-01 21:17:11,SELL,1845.444394,1846.336183,-0.0483,5.0004,0.1724,1845.412580
2025-05-01 21:17:11,SELL,1845.477361,1846.398973,-0.0499,0.2535,0.8371,1842.429716
2025-05-01 21:17:35,SELL,1845.394495,1846.308179,-0.0495,1.5092,0.2132,1845.264180
2025-05-01 21:17:35,SELL,1845.408490,1846.327130,-0.0498,0.7209,1.4622,1843.537104
2025-05-01 21:17:59,SELL,1845.369281,1846.276676,-0.0491,2.5088,0.3396,1845.244396
2025-05-01 21:18:23,SELL,1845.165953,1845.901338,-0.0398,29.8928,11.5138,1844.810600
2025-05-01 21:18:35,SELL,1844.928138,1845.800790,-0.0473,8.0084,0.4935,1844.871297
2025-05-01 21:18:47,BUY,1846.724184,1845.800855,0.0500,0.5110,0.8458,1848.252599
2025-05-01 21:18:59,SELL,1844.867676,1845.780287,-0.0494,1.6382,0.8317,1844.399362
2025-05-01 21:19:59,SELL,1844.857265,1845.780023,-0.0500,0.0211,0.3437,1829.801082
2025-05-01 21:20:23,SELL,1844.856949,1845.779722,-0.0500,0.0240,0.1675,1838.420100
2025-05-01 21:20:35,SELL,1844.856524,1845.779110,-0.0500,0.0487,0.1626,1841.779718
2025-05-01 21:21:23,SELL,1844.856055,1845.778813,-0.0500,0.0236,0.8240,1812.667275
2025-05-01 21:21:35,SELL,1844.855708,1845.778440,-0.0500,0.0297,0.1797,1839.282093
2025-05-01 21:21:59,SELL,1844.830326,1845.727965,-0.0486,4.0203,0.8477,1844.635819
2025-05-01 21:21:59,SELL,1844.639422,1845.396457,-0.0410,26.4058,0.2216,1844.631684
2025-05-01 21:22:11,SELL,1844.434387,1845.317676,-0.0479,6.2755,0.1782,1844.408202
2025-05-01 21:22:23,SELL,1844.388748,1845.311390,-0.0500,0.0081,0.3433,1805.099659
2025-05-01 21:22:23,SELL,1844.391925,1845.311491,-0.0498,0.4927,0.5093,1843.438555
2025-05-01 21:22:35,SELL,1844.388701,1845.311324,-0.0500,0.0053,0.3333,1786.005662
2025-05-01 21:22:47,SELL,1844.388511,1845.311010,-0.0500,0.0250,0.3338,1832.073595
2025-05-01 21:22:59,SELL,1844.383941,1845.302181,-0.0498,0.7033,0.2930,1843.999728
2025-05-01 21:23:23,SELL,1844.374765,1845.292648,-0.0497,0.7594,0.5143,1843.750241
2025-05-01 21:23:35,BUY,1846.216030,1845.292693,0.0500,0.0036,0.1805,1892.585951
2025-05-01 21:24:11,BUY,1846.215932,1845.292852,0.0500,0.0127,0.1736,1858.844633
2025-05-01 21:25:11,BUY,1846.217915,1845.296759,0.0499,2.3000,0.5004,1846.418740
2025-05-01 21:25:47,SELL,1844.338500,1845.261117,-0.0500,0.0055,0.1897,1812.721687
2025-05-01 21:25:47,SELL,1844.356333,1845.261187,-0.0490,2.8337,0.8374,1844.083823
2025-05-01 21:26:11,SELL,1844.338443,1845.261029,-0.0500,0.0070,0.1639,1822.796798
2025-05-01 21:26:23,SELL,1844.331557,1845.247340,-0.0496,1.0905,0.2038,1844.159181
2025-05-01 21:26:35,SELL,1844.323138,1845.244189,-0.0499,0.2510,0.2226,1843.505357
2025-05-01 21:26:47,BUY,1846.167427,1845.244268,0.0500,0.0063,0.1676,1870.768831
2025-05-01 21:26:59,SELL,1844.321180,1845.243335,-0.0500,7.7756,0.8304,1844.222695
2025-05-01 21:26:59,BUY,1846.166489,1845.243429,0.0500,0.0075,0.1665,1866.633194
2025-05-01 21:27:11,SELL,1844.320603,1845.243020,-0.0500,3.4120,0.3374,1844.229423
2025-05-01 21:27:35,SELL,1844.317239,1845.236700,-0.0498,0.5035,0.3687,1843.641841
2025-05-01 21:27:47,SELL,1844.301312,1845.220105,-0.0498,0.6084,0.1808,1844.027279
2025-05-01 21:27:47,SELL,1844.309605,1845.227743,-0.0498,0.7135,0.1808,1844.075934
2025-05-01 21:27:59,SELL,1844.295401,1845.215914,-0.0499,0.3339,0.1764,1843.808139
2025-05-01 21:28:23,BUY,1846.122797,1845.200148,0.0500,0.0660,0.2236,1849.247727
2025-05-01 21:28:23,SELL,1844.280537,1845.199320,-0.0498,0.6084,0.1571,1844.042381
2025-05-01 21:28:23,SELL,1844.288830,1845.206957,-0.0498,0.7135,0.1571,1844.085751
2025-05-01 21:28:35,SELL,1844.275678,1845.196406,-0.0499,0.2982,0.1758,1843.731969
2025-05-01 21:29:23,SELL,1844.273724,1845.196253,-0.0500,0.0122,0.1529,1832.692353
2025-05-01 21:30:47,BUY,1846.135004,1845.227620,0.0492,2.5000,0.1632,1846.195244
2025-05-01 21:31:23,BUY,1846.214682,1845.355532,0.0466,10.1945,0.6583,1846.274287
2025-05-01 21:31:35,SELL,1844.430540,1845.350901,-0.0499,0.3689,0.8375,1842.336701
2025-05-01 21:31:47,BUY,1846.501530,1845.805686,0.0377,36.2432,10.9733,1846.781061
2025-05-01 21:32:23,BUY,1846.723513,1845.800404,0.0500,0.0406,0.3235,1854.080039
2025-05-01 21:32:23,SELL,1844.879888,1845.799895,-0.0498,0.4612,0.8219,1843.236084
2025-05-01 21:32:59,SELL,1844.866650,1845.780904,-0.0495,1.3764,0.1552,1844.762659
2025-05-01 21:32:59,SELL,1844.876395,1845.798185,-0.0499,0.1768,0.1751,1843.962725
2025-05-01 21:33:23,SELL,1844.857698,1845.780273,-0.0500,5.0167,0.8507,1844.701274
2025-05-01 21:33:23,SELL,1844.842268,1845.750028,-0.0492,2.4090,0.1874,1844.770521
2025-05-01 21:33:23,SELL,1844.825995,1845.747712,-0.0499,0.1845,0.8507,1840.572485
2025-05-01 21:33:47,SELL,1844.803563,1845.705140,-0.0488,3.3909,0.1799,1844.754622
2025-05-01 21:33:59,BUY,1846.632076,1845.705142,0.0502,0.0002,0.8398,7001.557846
2025-05-01 21:34:11,SELL,1844.779394,1845.699352,-0.0498,0.4612,0.8376,1843.104155
2025-05-01 21:34:11,SELL,1844.729257,1845.604816,-0.0474,7.5300,0.5054,1844.667353
2025-05-01 21:34:23,SELL,1844.564282,1845.369243,-0.0436,18.7646,3.4782,1844.393329
2025-05-01 21:34:23,SELL,1844.443788,1845.363700,-0.0498,0.4415,0.5043,1843.390506
2025-05-01 21:34:35,SELL,1844.439860,1845.361385,-0.0499,0.1844,0.8317,1840.281593
2025-05-01 21:34:35,SELL,1844.382440,1845.248801,-0.0470,8.9684,0.1673,1844.365235
2025-05-01 21:34:47,SELL,1844.076697,1844.991222,-0.0496,1.2706,0.3670,1843.810358
2025-05-01 21:34:47,SELL,1844.205418,1845.007172,-0.0435,19.2489,2.7189,1844.075170
2025-05-01 21:34:59,SELL,1843.909175,1844.671973,-0.0414,25.4344,4.0862,1843.761058
2025-05-01 21:34:59,SELL,1843.545859,1844.208026,-0.0359,18.3676,0.1802,1843.536818
2025-05-01 21:34:59,SELL,1843.285714,1844.207651,-0.0500,0.0128,0.1792,1830.381350
2025-05-01 21:35:23,SELL,1843.001622,1843.639561,-0.0346,19.3976,5.5165,1842.739556
2025-05-01 21:36:11,BUY,1844.649695,1843.815184,0.0453,6.0000,0.4915,1844.725248
2025-05-01 21:36:23,SELL,1842.276843,1842.581937,-0.0166,42.1191,19.6501,1841.847097
2025-05-01 21:37:11,SELL,1841.653033,1842.566704,-0.0496,0.5204,0.1893,1841.318006
2025-05-01 21:37:59,BUY,1844.000245,1843.589958,0.0223,34.9661,16.3623,1844.431694
2025-05-01 21:38:47,SELL,1842.666810,1843.587260,-0.0499,0.0921,0.8328,1834.338746
2025-05-01 21:39:11,BUY,1844.821224,1844.210418,0.0331,21.2887,8.6102,1845.194291
2025-05-01 21:39:23,SELL,1843.721870,1844.641496,-0.0499,0.1844,0.8364,1839.539950
2025-05-01 21:39:23,BUY,1845.614749,1844.742387,0.0473,3.4458,0.1723,1845.660898
2025-05-01 21:39:23,BUY,1845.351320,1844.646897,0.0382,14.9090,3.4079,1845.562222
2025-05-01 21:39:35,BUY,1845.690902,1844.793725,0.0486,1.7533,0.2099,1845.801361
2025-05-01 21:39:59,SELL,1843.869970,1844.791024,-0.0499,0.0922,0.8334,1835.536316
2025-05-01 21:40:47,SELL,1843.865925,1844.785623,-0.0499,0.1844,0.8441,1839.645349
2025-05-01 21:40:59,SELL,1843.559153,1844.177222,-0.0335,20.7705,0.5344,1843.535438
2025-05-01 21:41:11,SELL,1843.255063,1844.177082,-0.0500,0.9216,0.8916,1842.363454
2025-05-01 21:41:23,SELL,1843.254800,1844.176812,-0.0500,0.0092,0.3823,1805.028494
2025-05-01 21:41:47,BUY,1845.105192,1844.188467,0.0497,0.3981,0.2236,1845.623415
2025-05-01 21:42:23,SELL,1843.265550,1844.186847,-0.0500,0.0553,0.4749,1835.350517
2025-05-01 21:42:35,BUY,1845.096134,1844.173821,0.0500,3.1011,0.2565,1845.172451
2025-05-01 21:42:35,SELL,1843.258008,1844.173350,-0.0496,0.4608,0.8942,1841.469580
2025-05-01 21:42:35,BUY,1845.097101,1844.175285,0.0500,0.0500,0.5623,1855.471407
2025-05-01 21:42:59,BUY,1845.388490,1844.756359,0.0343,19.8477,8.2149,1845.770393
2025-05-01 21:43:23,BUY,1846.140600,1845.678816,0.0250,31.5003,4.6072,1846.275609
2025-05-01 21:43:23,SELL,1844.563381,1845.296154,-0.0397,12.9675,0.8718,1844.501378
2025-05-01 21:43:23,SELL,1844.754620,1845.676113,-0.0499,0.0922,0.8720,1836.035088
2025-05-01 21:43:35,BUY,1847.244147,1847.345590,-0.0055,69.9562,15.1450,1847.444104
2025-05-01 21:43:35,BUY,1848.295431,1847.396976,0.0486,1.7533,0.3109,1848.459300
2025-05-01 21:43:35,BUY,1848.321356,1847.397208,0.0500,0.0079,0.6249,1921.362886
2025-05-01 21:43:47,SELL,1847.567934,1848.473560,-0.0490,1.2885,0.2207,1847.409690
2025-05-01 21:43:47,SELL,1847.542652,1848.460211,-0.0496,0.4619,0.8862,1845.770307
2025-05-01 21:43:47,BUY,1848.879587,1848.510801,0.0200,38.0921,6.2488,1849.031236
2025-05-01 21:43:59,SELL,1847.517409,1848.423048,-0.0490,1.2859,0.3784,1847.245555
2025-05-01 21:43:59,SELL,1847.488530,1848.402425,-0.0494,0.7136,0.2245,1847.197942
2025-05-01 21:44:23,SELL,1847.790759,1848.693298,-0.0488,1.5098,0.2921,1847.612018
2025-05-01 21:44:23,BUY,1849.494420,1848.736935,0.0410,11.5797,2.5468,1849.697809
2025-05-01 21:44:47,SELL,1847.762278,1848.679946,-0.0496,0.4619,0.9021,1845.958108
2025-05-01 21:45:11,BUY,1849.669847,1848.810079,0.0465,4.5046,0.5165,1849.775899
2025-05-01 21:45:35,SELL,1847.669946,1848.378433,-0.0383,14.9347,0.8244,1847.618953
2025-05-01 21:45:35,SELL,1847.453700,1848.377365,-0.0500,0.0369,0.4766,1835.537633
2025-05-01 21:45:47,SELL,1847.449173,1848.369356,-0.0498,0.2771,0.9015,1844.444011
2025-05-01 21:45:59,BUY,1849.277579,1848.353050,0.0500,0.0111,0.2647,1871.335520
2025-05-01 21:45:59,SELL,1847.436861,1848.352730,-0.0496,0.5753,0.8921,1846.004549
2025-05-01 21:46:11,SELL,1847.425084,1848.345475,-0.0498,0.2621,0.5570,1845.462318
2025-05-01 21:46:59,SELL,1847.369290,1848.241050,-0.0472,3.5787,0.4546,1847.251965
2025-05-01 21:47:11,SELL,1847.144835,1847.896705,-0.0407,11.7409,2.2075,1846.971186
2025-05-01 21:47:23,SELL,1846.400194,1847.323975,-0.0500,0.0048,0.8632,1680.857866
2025-05-01 21:47:23,SELL,1846.404640,1847.326957,-0.0499,0.0923,0.8632,1837.772944
2025-05-01 21:47:23,SELL,1846.401872,1847.324116,-0.0499,0.0969,0.8632,1838.178484
2025-05-01 21:47:23,SELL,1846.689357,1847.329665,-0.0347,19.3364,0.5572,1846.662747
2025-05-01 21:47:47,SELL,1846.118952,1846.920686,-0.0434,8.3075,0.5244,1846.060688
2025-05-01 21:47:47,SELL,1846.320497,1847.164268,-0.0457,5.4466,0.5244,1846.231609
2025-05-01 21:47:59,SELL,1845.997128,1846.920571,-0.0500,0.0039,0.2085,1797.106943
2025-05-01 21:47:59,SELL,1845.995750,1846.917865,-0.0499,0.0923,0.8734,1837.261385
2025-05-01 21:48:11,BUY,1847.842584,1846.919460,0.0500,0.0544,0.8733,1862.663966
2025-05-01 21:48:23,BUY,1848.529459,1848.291183,0.0129,46.8000,0.8817,1848.546872
2025-05-01 21:48:23,SELL,1847.365680,1848.288474,-0.0499,0.0924,0.8817,1838.548606
2025-05-01 21:48:35,SELL,1847.246715,1848.053135,-0.0436,8.0240,19.6254,1844.987680
2025-05-01 21:48:47,SELL,1847.039010,1847.875562,-0.0453,5.9624,0.2062,1847.007079
2025-05-01 21:48:47,SELL,1847.127750,1848.050426,-0.0499,0.0924,0.8715,1838.413048
2025-05-01 21:49:35,SELL,1846.682686,1847.603855,-0.0499,0.1800,0.5011,1844.112186
2025-05-01 21:49:35,SELL,1846.817118,1847.609133,-0.0429,8.9927,0.8337,1846.731513
2025-05-01 21:49:35,SELL,1846.950270,1847.872854,-0.0499,0.0923,0.8338,1838.612317
2025-05-01 21:49:59,SELL,1846.678138,1847.600026,-0.0499,0.1305,0.5240,1842.972048
2025-05-01 21:50:11,SELL,1846.498615,1847.244644,-0.0404,12.1194,0.5286,1846.458347
2025-05-01 21:50:35,SELL,1846.320829,1847.244258,-0.0500,0.0132,0.2146,1831.266961
2025-05-01 21:50:47,SELL,1846.320563,1847.244142,-0.0500,0.0039,0.4655,1737.436556
2025-05-01 21:51:11,SELL,1846.313193,1847.229481,-0.0496,0.5000,0.3433,1845.679273
2025-05-01 21:52:35,SELL,1846.304510,1847.226774,-0.0499,0.0923,0.8347,1837.957173
2025-05-01 21:52:59,SELL,1846.302928,1847.226523,-0.0500,0.0086,0.8287,1757.025936
2025-05-01 21:53:11,SELL,1846.302840,1847.226384,-0.0500,1.2944,0.8491,1845.697290
2025-05-01 21:53:35,SELL,1846.301410,1847.223677,-0.0499,0.0923,0.8286,1838.015776
2025-05-01 21:53:59,SELL,1848.639320,1849.480252,-0.0455,5.8009,0.4388,1848.569405
2025-05-01 21:53:59,BUY,1849.364530,1849.647956,-0.0153,83.3723,0.3326,1849.368219
2025-05-01 21:54:11,SELL,1848.540739,1849.450692,-0.0492,1.0225,0.2433,1848.320816
2025-05-01 21:54:11,SELL,1848.513193,1849.425132,-0.0493,0.8842,0.1979,1848.306277
2025-05-01 21:54:23,SELL,1848.065086,1848.554132,-0.0265,30.1328,23.8000,1847.335249
2025-05-01 21:54:35,SELL,1847.081284,1848.003846,-0.0499,0.0986,0.2073,1845.140201
2025-05-01 21:54:35,SELL,1847.173508,1848.006738,-0.0451,6.1933,0.5265,1847.094996
2025-05-01 21:54:35,SELL,1847.447658,1848.188381,-0.0401,12.5941,0.1740,1847.434894
2025-05-01 21:54:59,SELL,1847.078458,1848.001086,-0.0499,0.0941,0.3220,1843.918400
2025-05-01 21:54:59,SELL,1847.076116,1847.999159,-0.0499,0.0657,0.1889,1844.420893
2025-05-01 21:55:35,BUY,1848.923766,1847.999450,0.0500,1.7533,0.2127,1849.035941
2025-05-01 21:56:11,SELL,1847.064657,1847.977853,-0.0494,0.7364,0.8363,1846.015776
2025-05-01 21:56:47,BUY,1848.902747,1847.977992,0.0500,0.0047,0.4972,1945.973631
2025-05-01 21:56:59,SELL,1847.560844,1848.482558,-0.0499,0.1750,0.2094,1846.455609
2025-05-01 21:56:59,BUY,1849.158225,1848.487616,0.0363,17.4749,3.3181,1849.333783
2025-05-01 21:57:23,SELL,1847.423395,1848.211668,-0.0427,9.3237,7.3421,1846.696002
2025-05-01 21:57:35,SELL,1846.470545,1846.577177,-0.0058,55.7403,28.3989,1846.000170
2025-05-01 21:57:47,SELL,1845.529264,1846.327828,-0.0433,8.5067,3.0424,1845.199243
2025-05-01 21:57:59,SELL,1845.404350,1846.327288,-0.0500,0.0185,0.5106,1819.876406
2025-05-01 21:58:23,SELL,1845.061733,1845.642226,-0.0315,23.3771,17.2993,1844.379049
2025-05-01 21:58:35,SELL,1844.473246,1845.149694,-0.0367,16.8099,0.1722,1844.463797
2025-05-01 21:59:11,SELL,1844.135252,1845.054258,-0.0498,0.2406,0.1666,1843.496621
2025-05-01 21:59:11,SELL,1844.182947,1845.061306,-0.0476,3.0167,0.2199,1844.115728
2025-05-01 21:59:35,SELL,1844.068900,1844.928536,-0.0466,4.2910,0.1803,1844.030164
2025-05-01 21:59:47,BUY,1846.033843,1845.293134,0.0401,12.4500,0.5314,1846.073243
2025-05-01 22:00:11,BUY,1846.216301,1845.293169,0.0500,0.0012,0.5889,2305.341228
2025-05-01 22:00:11,BUY,1846.218993,1845.298589,0.0499,0.1851,0.3500,1847.964814
2025-05-01 22:00:35,BUY,1846.250169,1845.327183,0.0500,2.4693,0.1840,1846.318954
2025-05-01 22:00:35,BUY,1846.222769,1845.300705,0.0500,0.0722,1.2897,1862.702227
2025-05-01 22:00:35,BUY,1846.236923,1845.326904,0.0493,0.8946,1.2897,1847.567778
2025-05-01 22:00:59,BUY,1846.250740,1845.327993,0.0500,0.0277,0.5035,1863.058001
2025-05-01 22:01:11,BUY,1846.321722,1845.399103,0.0500,0.0372,0.5138,1859.064369
2025-05-01 22:01:11,BUY,1846.286146,1845.398013,0.0481,2.3908,0.5176,1846.486008
2025-05-01 22:01:35,SELL,1844.298169,1845.042473,-0.0403,12.1715,0.3497,1844.271678
2025-05-01 22:02:23,BUY,1846.002056,1845.115638,0.0480,2.4984,0.3172,1846.119249
2025-05-01 22:02:23,SELL,1844.190441,1845.110367,-0.0499,0.1799,0.1547,1843.397668
2025-05-01 22:02:35,SELL,1844.154754,1845.044219,-0.0482,2.2576,4.2466,1842.420341
2025-05-01 22:02:47,SELL,1843.066355,1843.972102,-0.0491,1.1095,0.1685,1842.926381
2025-05-01 22:02:47,SELL,1843.602065,1844.004598,-0.0218,35.4893,11.3937,1843.306125
2025-05-01 22:03:11,SELL,1842.763922,1843.399472,-0.0345,19.5527,2.8080,1842.631601
2025-05-01 22:04:35,BUY,1844.358511,1843.473192,0.0480,2.5186,0.1387,1844.409297
2025-05-01 22:04:47,SELL,1842.430117,1843.230401,-0.0434,8.2909,0.4687,1842.378036
2025-05-01 22:04:59,SELL,1842.260774,1843.134330,-0.0474,3.2808,0.7984,1842.036610
2025-05-01 22:05:35,SELL,1842.209522,1843.127850,-0.0498,0.2213,0.7995,1838.881618
2025-05-01 22:05:35,SELL,1842.199680,1843.114634,-0.0496,0.4513,0.7995,1840.567987
2025-05-01 22:06:11,SELL,1842.192871,1843.114297,-0.0500,0.0115,0.7959,1778.557128
2025-05-01 22:06:11,BUY,1844.038145,1843.117955,0.0499,0.1250,0.1490,1845.137065
2025-05-01 22:06:23,SELL,1842.196345,1843.117852,-0.0500,0.0035,0.1795,1795.196510
2025-05-01 22:06:35,BUY,1844.138906,1843.252197,0.0481,2.4163,0.1323,1844.189381
2025-05-01 22:06:35,BUY,1844.071700,1843.181476,0.0483,2.1739,0.4341,1844.255820
2025-05-01 22:06:47,BUY,1845.094890,1844.173943,0.0499,0.1099,0.2741,1847.395330
2025-05-01 22:06:47,BUY,1844.633721,1844.170725,0.0251,31.3790,8.9159,1844.895783
2025-05-01 22:06:59,SELL,1843.249662,1844.171617,-0.0500,0.0089,0.1650,1826.262298
2025-05-01 22:06:59,SELL,1843.250815,1844.171879,-0.0499,0.0705,0.3047,1839.265426
2025-05-01 22:07:35,BUY,1845.117508,1844.218281,0.0488,1.5939,0.4710,1845.390092
2025-05-01 22:07:47,SELL,1843.295490,1844.216958,-0.0500,0.0452,0.4978,1833.137216
2025-05-01 22:07:59,SELL,1843.151196,1843.929519,-0.0422,9.8137,2.5655,1842.910281
2025-05-01 22:09:11,SELL,1842.586671,1843.087429,-0.0272,28.7547,9.5718,1842.279992
2025-05-01 22:09:35,SELL,1842.165878,1843.087414,-0.0500,0.0005,0.1881,1495.616655
2025-05-01 22:09:59,SELL,1842.138820,1843.033286,-0.0485,1.8485,0.1946,1842.041839
2025-05-01 22:10:47,BUY,1844.163166,1843.448906,0.0387,14.2002,4.7219,1844.469778
2025-05-01 22:10:59,BUY,1844.538923,1843.784417,0.0409,11.4620,1.6597,1844.672470
2025-05-01 22:11:11,BUY,1844.708429,1843.787722,0.0499,0.1129,0.7950,1851.202668
2025-05-01 22:11:23,BUY,1844.710397,1843.788278,0.0500,0.0190,0.3962,1863.964766
2025-05-01 22:11:35,BUY,1844.940226,1844.247261,0.0376,15.6785,4.5262,1845.206531
2025-05-01 22:11:47,BUY,1846.309840,1845.401329,0.0492,1.0000,0.8087,1847.056441
2025-05-01 22:11:47,SELL,1844.484312,1845.372042,-0.0481,2.3871,0.3105,1844.364358
2025-05-01 22:11:47,BUY,1845.767404,1845.441990,0.0176,40.8000,0.8088,1845.785698
2025-05-01 22:12:23,BUY,1846.360006,1845.472324,0.0481,2.4240,0.2241,1846.445339
2025-05-01 22:13:47,SELL,1844.548601,1845.471236,-0.0500,2.0701,0.8091,1844.188111
2025-05-01 22:13:47,SELL,1844.547578,1845.469398,-0.0500,0.0627,0.4770,1837.533072
2025-05-01 22:13:47,SELL,1844.549145,1845.471439,-0.0500,8.9996,0.8091,1844.466225
2025-05-01 22:14:47,BUY,1846.394786,1845.473771,0.0499,0.1493,0.2406,1847.882454
2025-05-01 22:14:59,BUY,1846.399104,1845.478028,0.0499,0.1454,0.1705,1847.482313
2025-05-01 22:16:23,BUY,1846.509950,1845.695368,0.0441,7.4205,0.2453,1846.540469
2025-05-01 22:18:11,SELL,1844.772534,1845.693916,-0.0499,0.1000,0.4740,1840.400145
2025-05-01 22:18:11,BUY,1846.619417,1845.696847,0.0500,0.0505,0.4740,1855.286294
2025-05-01 22:18:23,SELL,1844.770819,1845.693526,-0.0500,0.0133,0.4890,1810.888572
2025-05-01 22:19:11,SELL,1844.753118,1845.658388,-0.0490,1.1991,0.2628,1844.551001
2025-05-01 22:19:23,BUY,1846.581857,1845.658729,0.0500,0.0117,0.1931,1861.859096
2025-05-01 22:19:35,SELL,1844.735760,1845.658449,-0.0500,2.5000,0.3231,1844.616538
2025-05-01 22:19:59,BUY,1846.652510,1845.799922,0.0462,4.8300,0.1672,1846.684476
2025-05-01 22:20:11,SELL,1844.871588,1845.789050,-0.0497,0.3710,2.4653,1838.741600
2025-05-01 22:20:11,SELL,1844.859788,1845.776311,-0.0497,0.4347,0.1529,1844.535387
2025-05-01 22:20:23,BUY,1846.710659,1845.798295,0.0494,0.7506,0.8133,1847.711227
2025-05-01 22:21:23,SELL,1844.767327,1845.582056,-0.0441,7.3791,0.4633,1844.709415
2025-05-01 22:21:23,SELL,1844.658738,1845.581050,-0.0500,0.0343,0.1477,1840.687251
2025-05-01 22:21:59,SELL,1844.567261,1845.398966,-0.0451,6.2139,1.4245,1844.355831
2025-05-01 22:22:11,SELL,1844.449807,1845.346324,-0.0486,1.7863,0.1569,1844.368816
2025-05-01 22:22:11,SELL,1844.476041,1845.398664,-0.0500,0.0103,0.1715,1829.082719
2025-05-01 22:22:23,SELL,1844.420740,1845.340501,-0.0498,0.1987,0.2518,1843.251867
2025-05-01 22:22:35,SELL,1844.417464,1845.339824,-0.0500,0.0231,0.8119,1812.026266
2025-05-01 22:22:47,SELL,1844.352629,1845.210712,-0.0465,4.4064,0.1914,1844.312568
2025-05-01 22:22:47,SELL,1844.285405,1845.205308,-0.0499,0.1844,0.3095,1842.737806
2025-05-01 22:22:59,SELL,1844.228584,1845.097279,-0.0471,3.6779,0.1452,1844.192186
2025-05-01 22:22:59,SELL,1844.282559,1845.205042,-0.0500,0.0091,0.4773,1795.929561
2025-05-01 22:23:11,SELL,1844.173992,1845.095802,-0.0500,0.0504,0.1459,1841.506091
2025-05-01 22:23:35,BUY,1846.018958,1845.095907,0.0500,0.0036,0.1537,1885.562767
2025-05-01 22:23:47,SELL,1843.956007,1844.661012,-0.0382,14.8438,4.3059,1843.688559
2025-05-01 22:24:11,SELL,1843.644862,1844.472635,-0.0449,6.4528,0.4842,1843.575695
2025-05-01 22:24:11,BUY,1845.584154,1844.661663,0.0500,0.0223,0.2397,1855.518113
2025-05-01 22:24:11,SELL,1843.352668,1844.076996,-0.0393,13.5070,0.1533,1843.342208
2025-05-01 22:24:23,SELL,1843.154426,1844.075970,-0.0500,0.0350,0.3253,1834.593613
2025-05-01 22:24:35,SELL,1843.139658,1844.047409,-0.0492,0.9751,0.8103,1842.373907
2025-05-01 22:25:11,SELL,1843.122458,1844.041551,-0.0498,0.2000,0.1837,1842.276110
2025-05-01 22:25:23,SELL,1843.106623,1844.015724,-0.0493,0.8818,0.5036,1842.580287
2025-05-01 22:25:35,SELL,1842.983428,1843.812660,-0.0450,6.3317,0.1512,1842.961422
2025-05-01 22:25:35,SELL,1843.084910,1843.998105,-0.0495,0.6015,0.5008,1842.317776
2025-05-01 22:25:47,SELL,1842.890458,1843.812559,-0.0500,0.0034,0.1892,1792.292883
2025-05-01 22:25:59,SELL,1842.890422,1843.812097,-0.0500,0.0158,0.3104,1824.777276
2025-05-01 22:26:23,SELL,1842.890075,1843.811945,-0.0500,0.0052,0.1869,1809.703798
2025-05-01 22:26:35,SELL,1842.815218,1843.662231,-0.0459,5.1119,0.1379,1842.790356
2025-05-01 22:26:47,BUY,1844.585885,1843.664949,0.0500,0.0929,0.8189,1852.719515
2025-05-01 22:27:11,SELL,1842.518359,1843.215236,-0.0378,15.3566,0.1438,1842.509731
2025-05-01 22:28:11,SELL,1842.187208,1843.002296,-0.0442,7.2720,0.8713,1842.076841
2025-05-01 22:28:11,SELL,1842.055598,1842.951877,-0.0486,1.7219,0.8090,1841.622890
2025-05-01 22:28:59,BUY,1843.882642,1842.969525,0.0495,0.6030,0.8053,1845.113884
2025-05-01 22:29:11,SELL,1842.047751,1842.969056,-0.0500,0.0160,0.1845,1831.433504
2025-05-01 22:29:59,BUY,1843.898323,1842.983688,0.0496,0.5000,0.8026,1845.378329
2025-05-01 22:30:11,BUY,1843.921685,1843.015759,0.0492,1.0958,0.1934,1844.084400
2025-05-01 22:30:59,SELL,1842.094173,1843.015692,-0.0500,0.0023,0.1583,1778.226827
2025-05-01 22:31:11,BUY,1844.001202,1843.142713,0.0466,4.3400,0.4908,1844.105466
2025-05-01 22:31:23,SELL,1842.173731,1843.048941,-0.0475,3.1650,0.1567,1842.128140
2025-05-01 22:31:23,SELL,1842.220671,1843.141781,-0.0500,0.0318,0.3226,1832.888249
2025-05-01 22:31:23,SELL,1842.220129,1843.141619,-0.0500,0.0055,0.4884,1760.863357
2025-05-01 22:31:35,SELL,1842.065769,1842.925587,-0.0467,4.2127,0.1567,1842.031501
2025-05-01 22:31:47,SELL,1841.820865,1842.558921,-0.0401,12.5244,1.7877,1841.689414
2025-05-01 22:32:11,SELL,1841.637433,1842.558566,-0.0500,0.0121,0.1832,1827.719219
2025-05-01 22:33:35,SELL,1841.416901,1842.117600,-0.0380,15.0651,8.3906,1840.904105
2025-05-01 22:34:11,SELL,1841.130982,1841.986419,-0.0464,4.4820,0.9256,1840.940877
2025-05-01 22:34:11,SELL,1841.065217,1841.986295,-0.0500,0.0042,0.3193,1771.651434
2025-05-01 22:34:23,SELL,1840.684580,1841.224549,-0.0293,26.0293,7.8585,1840.406721
2025-05-01 22:34:23,SELL,1840.303199,1841.223077,-0.0500,0.0503,0.4809,1831.512345
2025-05-01 22:34:47,SELL,1840.109359,1840.836687,-0.0395,13.2050,3.7974,1839.844777
2025-05-01 22:35:11,BUY,1841.852650,1841.026762,0.0449,6.4992,0.8044,1841.966635
2025-05-01 22:35:23,SELL,1839.307015,1840.227056,-0.0500,0.0050,0.3248,1779.506038
2025-05-01 22:35:23,SELL,1839.706628,1840.227202,-0.0283,27.3273,6.8852,1839.474868
2025-05-01 22:35:47,SELL,1839.303440,1840.220054,-0.0498,0.2393,0.8151,1836.171299
2025-05-01 22:35:59,SELL,1839.299924,1840.220013,-0.0500,0.0014,0.1488,1741.582694
2025-05-01 22:36:23,SELL,1839.297049,1840.217085,-0.0500,0.0050,0.1736,1807.366096
2025-05-01 22:36:23,SELL,1839.298513,1840.217231,-0.0499,22.9912,0.8099,1839.266116
2025-05-01 22:37:11,SELL,1839.295555,1840.214242,-0.0499,23.4970,0.8087,1839.263903
2025-05-01 22:37:47,SELL,1839.290470,1840.206910,-0.0498,0.2506,0.8021,1836.347108
2025-05-01 22:38:35,SELL,1839.280082,1840.193457,-0.0496,0.4598,0.8005,1837.679134
2025-05-01 22:38:59,BUY,1841.254080,1840.473458,0.0424,9.5754,1.0371,1841.353793
2025-05-01 22:39:47,BUY,1841.401470,1840.488080,0.0496,0.5000,0.1740,1841.721886
2025-05-01 22:39:47,BUY,1841.471694,1840.613839,0.0466,4.3004,0.1409,1841.501859
2025-05-01 22:39:59,BUY,1841.574340,1840.731724,0.0458,5.3460,0.1840,1841.606033
2025-05-01 22:39:59,SELL,1839.674314,1840.575384,-0.0490,1.3143,0.8135,1839.104995
2025-05-01 22:40:11,SELL,1839.807870,1840.724750,-0.0498,0.2383,0.8084,1836.687645
2025-05-01 22:40:59,BUY,1841.645670,1840.724849,0.0500,0.0034,0.1497,1882.737878
2025-05-01 22:41:35,BUY,1841.646330,1840.726165,0.0500,0.0450,0.4965,1851.806040
2025-05-01 22:41:47,SELL,1839.805629,1840.726073,-0.0500,0.0031,0.1454,1797.148830
2025-05-01 22:42:23,BUY,1841.648966,1840.730205,0.0499,0.1413,0.1852,1842.855745
2025-05-01 22:42:47,SELL,1839.802882,1840.716285,-0.0496,0.4757,0.8136,1838.229799
2025-05-01 22:43:23,BUY,1841.637303,1840.716436,0.0500,0.0052,0.8070,1985.557424
2025-05-01 22:44:35,SELL,1839.795405,1840.715090,-0.0500,0.0460,0.1458,1836.879279
2025-05-01 22:44:59,SELL,1839.758948,1840.643486,-0.0481,2.4472,0.4760,1839.580023
2025-05-01 22:45:35,SELL,1839.699667,1840.597966,-0.0488,1.5045,0.8061,1839.206825
2025-05-01 22:45:35,SELL,1839.722406,1840.641987,-0.0500,0.0512,0.8061,1825.247735
2025-05-01 22:45:47,SELL,1839.677306,1840.597339,-0.0500,0.0197,0.2650,1827.301559
2025-05-01 22:45:47,SELL,1839.677642,1840.597915,-0.0500,0.0017,0.3255,1668.074703
2025-05-01 22:46:11,BUY,1841.518489,1840.598054,0.0500,0.0245,0.8104,1872.019263
2025-05-01 22:46:23,SELL,1839.675790,1840.594126,-0.0499,0.1343,0.4750,1836.422012
2025-05-01 22:47:23,SELL,1839.800816,1840.702008,-0.0490,1.3103,0.1610,1839.687816
2025-05-01 22:47:23,BUY,1841.588029,1840.740347,0.0461,5.0000,0.7941,1841.734277
2025-05-01 22:47:35,SELL,1839.765902,1840.670483,-0.0491,1.0774,0.1430,1839.643777
2025-05-01 22:47:47,SELL,1839.600426,1840.370902,-0.0419,10.2394,0.1390,1839.587938
2025-05-01 22:47:47,SELL,1839.450475,1840.370566,-0.0500,0.0115,0.8015,1775.215200
2025-05-01 22:48:11,SELL,1838.956659,1839.382762,-0.0232,33.7680,0.1252,1838.953250
2025-05-01 22:48:23,SELL,1837.960754,1838.421451,-0.0251,31.4016,0.2854,1837.952402
2025-05-01 22:48:23,SELL,1838.441304,1839.339207,-0.0488,1.4891,0.7822,1837.958495
2025-05-01 22:48:35,BUY,1839.342290,1838.424262,0.0499,0.1133,0.1188,1840.306558
2025-05-01 22:48:35,SELL,1837.501963,1838.420954,-0.0500,0.0170,0.7806,1795.286635
2025-05-01 22:49:11,SELL,1837.529346,1838.448413,-0.0500,0.0108,0.2871,1813.075482
2025-05-01 22:49:11,BUY,1839.634148,1838.980286,0.0356,18.2125,0.7837,1839.673730
2025-05-01 22:49:11,BUY,1839.356175,1838.448728,0.0494,0.8378,0.7835,1840.216241
2025-05-01 22:49:23,BUY,1839.900943,1838.981696,0.0500,0.0483,0.1609,1842.966889
2025-05-01 22:49:35,BUY,1839.901810,1838.982021,0.0500,1.7533,0.1732,1839.992673
2025-05-01 22:49:59,BUY,1839.903152,1838.983260,0.0500,0.0080,0.1328,1855.244471
2025-05-01 22:49:59,BUY,1839.902478,1838.983027,0.0500,0.0345,0.7949,1861.117769
2025-05-01 22:49:59,BUY,1839.908851,1838.994531,0.0497,0.3859,0.4638,1841.014547
2025-05-01 22:50:35,BUY,1840.006671,1839.178847,0.0450,6.3082,2.9924,1840.443086
2025-05-01 22:50:47,BUY,1840.112888,1839.206814,0.0493,0.9567,0.2051,1840.310163
2025-05-01 22:50:59,BUY,1840.127402,1839.207862,0.0500,0.0359,0.7938,1860.486379
2025-05-01 22:51:23,BUY,1840.128037,1839.208049,0.0500,0.0064,0.2916,1882.168486
2025-05-01 22:51:47,BUY,1840.138614,1839.229041,0.0495,0.7181,0.1495,1840.330138
2025-05-01 22:52:23,BUY,1840.212773,1839.356295,0.0466,4.3530,0.5447,1840.327903
2025-05-01 22:52:35,BUY,1840.473953,1839.751159,0.0393,13.5063,4.6645,1840.791762
2025-05-01 22:53:35,BUY,1840.671707,1839.751559,0.0500,0.0137,0.7901,1893.895156
2025-05-01 22:54:23,SELL,1838.825559,1839.739309,-0.0497,0.4188,0.2157,1838.352051
2025-05-01 22:54:59,BUY,1840.684580,1839.766413,0.0499,0.1492,0.7922,1845.571109
2025-05-01 22:54:59,BUY,1840.671015,1839.762050,0.0494,0.7778,0.1409,1840.837771
2025-05-01 22:55:23,BUY,1840.687023,1839.766524,0.0500,0.0038,0.1291,1871.855393
2025-05-01 22:55:23,SELL,1838.846526,1839.766295,-0.0500,1.9768,0.7914,1838.478441
2025-05-01 22:55:35,BUY,1840.687665,1839.768346,0.0500,0.0702,0.7892,1851.039220
2025-05-01 22:55:47,BUY,1841.010461,1840.411621,0.0325,22.0000,0.6263,1841.036664
2025-05-01 22:55:59,BUY,1841.461066,1840.669058,0.0430,8.8033,0.1649,1841.478307
2025-05-01 22:56:11,SELL,1839.748667,1840.668978,-0.0500,0.0028,0.7941,1575.054692
2025-05-01 22:56:59,SELL,1839.748562,1840.668816,-0.0500,0.0055,0.2372,1800.283825
2025-05-01 22:56:59,SELL,1839.748017,1840.667941,-0.0500,0.0299,0.1573,1834.909679
2025-05-01 22:57:11,SELL,1839.442010,1840.362133,-0.0500,0.0094,0.1656,1823.238743
2025-05-01 22:57:11,SELL,1839.450103,1840.362408,-0.0496,0.5388,0.7844,1838.111140
2025-05-01 22:57:11,SELL,1839.602789,1840.378171,-0.0421,9.9040,0.1218,1839.591473
2025-05-01 22:57:23,SELL,1839.396198,1840.317906,-0.0501,0.0002,0.1301,1249.804949
2025-05-01 22:57:23,SELL,1839.419852,1840.317912,-0.0488,1.5115,0.1627,1839.320845
2025-05-01 22:57:35,SELL,1839.392764,1840.307935,-0.0497,0.3408,0.1440,1839.004149
2025-05-01 22:57:47,BUY,1841.229509,1840.309827,0.0500,0.0647,0.1896,1843.926611
2025-05-01 22:58:59,SELL,1839.388000,1840.309814,-0.0501,0.0005,0.7830,273.373618
2025-05-01 22:58:59,SELL,1839.378902,1840.288292,-0.0494,0.7358,0.4517,1838.814220
2025-05-01 22:59:35,SELL,1839.105250,1840.025219,-0.0500,0.0043,0.1270,1812.188492
2025-05-01 22:59:35,SELL,1839.362128,1840.276246,-0.0497,0.4118,1.7352,1835.487207
2025-05-01 22:59:35,SELL,1839.237865,1840.039650,-0.0436,8.0887,0.1105,1839.225306
2025-05-01 22:59:35,SELL,1839.105074,1840.024959,-0.0500,0.0089,0.1270,1825.932029
2025-05-01 22:59:35,SELL,1839.112480,1840.025346,-0.0496,0.4891,0.1366,1838.855573
2025-05-01 23:00:11,SELL,1839.104670,1840.024457,-0.0500,0.0172,0.1598,1830.553649
2025-05-01 23:00:47,SELL,1839.102076,1840.019721,-0.0499,0.1619,0.7873,1834.631279
2025-05-01 23:00:59,BUY,1840.948921,1840.037170,0.0496,0.5969,0.8025,1842.186496
2025-05-01 23:00:59,SELL,1839.110174,1840.023210,-0.0496,0.4773,0.8025,1837.564016
2025-05-01 23:01:35,BUY,1840.969323,1840.074467,0.0486,1.7533,0.1919,1841.070059
2025-05-01 23:01:59,SELL,1839.153733,1840.073389,-0.0500,0.0276,0.1338,1834.694920
2025-05-01 23:01:59,SELL,1839.154279,1840.074196,-0.0500,0.0093,0.1790,1821.390670
2025-05-01 23:02:11,BUY,1840.994634,1840.074864,0.0500,0.0505,0.7886,1855.381247
2025-05-01 23:02:59,SELL,1839.154745,1840.074702,-0.0500,0.0055,0.2410,1799.086180
2025-05-01 23:03:35,SELL,1839.076449,1839.918196,-0.0457,5.3508,0.1684,1839.047512
2025-05-01 23:03:35,SELL,1838.982268,1839.886243,-0.0491,1.0925,0.1419,1838.862878
2025-05-01 23:03:47,SELL,1838.621803,1839.196969,-0.0313,23.5688,6.7186,1838.359740
2025-05-01 23:03:59,BUY,1839.709628,1838.790174,0.0500,0.0294,0.7946,1864.542760
2025-05-01 23:03:59,SELL,1838.073600,1838.789314,-0.0389,13.9501,0.1326,1838.064862
2025-05-01 23:04:11,BUY,1839.715184,1838.800474,0.0497,0.3527,0.1332,1840.062438
2025-05-01 23:04:23,SELL,1837.597355,1838.516563,-0.0500,0.0080,0.1461,1820.768152
2025-05-01 23:04:23,BUY,1839.724566,1838.808929,0.0498,0.2895,0.7915,1842.239186
2025-05-01 23:04:23,SELL,1837.743525,1838.516796,-0.0421,10.0000,0.1295,1837.731622
2025-05-01 23:04:47,SELL,1837.523496,1838.368874,-0.0460,5.0559,0.5291,1837.427346
2025-05-01 23:05:11,SELL,1837.303709,1838.076778,-0.0421,10.0000,0.1396,1837.290888
2025-05-01 23:05:35,SELL,1836.662564,1837.086140,-0.0231,33.9238,8.9734,1836.419651
2025-05-01 23:05:47,SELL,1836.007850,1836.753101,-0.0406,11.8711,3.7667,1835.716564
2025-05-01 23:05:47,BUY,1838.011847,1837.099541,0.0497,0.4594,0.1188,1838.249574
2025-05-01 23:05:47,BUY,1837.679993,1836.769206,0.0496,0.5521,0.7801,1838.978104
2025-05-01 23:06:11,BUY,1837.688433,1836.769959,0.0500,0.0258,0.2605,1846.965720
2025-05-01 23:06:23,SELL,1835.747900,1836.562514,-0.0444,7.1088,1.2007,1835.592868
2025-05-01 23:06:47,BUY,1837.490374,1836.580743,0.0495,0.6250,0.7802,1838.637227
2025-05-01 23:06:47,BUY,1837.500470,1836.582691,0.0500,0.0668,0.7802,1848.231178
2025-05-01 23:07:35,BUY,1837.501522,1836.582852,0.0500,0.0055,0.2989,1887.435037
2025-05-01 23:07:59,SELL,1835.666063,1836.584257,-0.0500,0.0067,0.1386,1816.670123
2025-05-01 23:07:59,BUY,1837.502415,1836.584452,0.0500,0.0549,0.4491,1845.021677
2025-05-01 23:08:23,BUY,1837.505924,1836.590078,0.0499,0.1996,0.1350,1838.127216
2025-05-01 23:09:23,BUY,1837.515332,1836.603072,0.0497,0.4455,0.7833,1839.130687
2025-05-01 23:09:35,BUY,1837.521943,1836.603292,0.0500,1.7533,0.1618,1837.606718
2025-05-01 23:11:47,SELL,1835.683312,1836.599944,-0.0499,0.1147,0.3604,1832.800026
2025-05-01 23:12:11,BUY,1837.531578,1836.625680,0.0493,0.8824,0.1653,1837.703696
2025-05-01 23:12:23,SELL,1835.707330,1836.625607,-0.0500,0.0025,0.2835,1731.605102
2025-05-01 23:12:47,BUY,1837.996708,1837.077296,0.0500,0.0005,0.3004,2392.620825
2025-05-01 23:12:47,BUY,1837.770315,1837.077281,0.0377,15.4851,0.1351,1837.778330
2025-05-01 23:13:23,BUY,1836.850455,1835.955970,0.0487,1.6420,0.1517,1836.935310
2025-05-01 23:13:23,SELL,1835.574352,1835.908088,-0.0182,40.0688,0.3155,1835.567126
2025-05-01 23:13:35,BUY,1836.922911,1836.006586,0.0499,0.1467,0.2511,1838.494982
2025-05-01 23:13:35,BUY,1836.897588,1836.002309,0.0488,1.5890,0.4797,1837.174846
2025-05-01 23:13:35,BUY,1836.950627,1836.057717,0.0486,1.7533,0.2080,1837.059613
2025-05-01 23:13:47,BUY,1836.976939,1836.058302,0.0500,0.0025,0.1463,1890.875998
2025-05-01 23:13:47,BUY,1836.976479,1836.058230,0.0500,0.0176,0.8047,1879.020334
2025-05-01 23:13:59,BUY,1837.012798,1836.127131,0.0482,2.2521,0.2097,1837.098321
2025-05-01 23:13:59,BUY,1836.978497,1836.061453,0.0499,0.1000,0.1413,1838.276365
2025-05-01 23:13:59,BUY,1836.976912,1836.058537,0.0500,0.0081,0.1413,1853.091517
2025-05-01 23:14:11,BUY,1837.046552,1836.128924,0.0500,0.0615,0.1359,1839.077519
2025-05-01 23:14:23,BUY,1837.050980,1836.134196,0.0499,0.1196,0.1406,1838.131085
2025-05-01 23:14:23,BUY,1837.048353,1836.130709,0.0500,0.0612,0.4652,1844.027629
2025-05-01 23:14:35,BUY,1837.060022,1836.148784,0.0496,0.5002,0.1440,1837.324355
2025-05-01 23:15:11,BUY,1837.116020,1836.246141,0.0474,3.3383,0.1302,1837.151851
2025-05-01 23:15:23,BUY,1837.289332,1836.495242,0.0432,8.5412,0.7357,1837.368459
2025-05-01 23:16:11,BUY,1837.419785,1836.506908,0.0497,0.4000,0.2135,1837.910243
2025-05-01 23:16:47,BUY,1837.536912,1836.729387,0.0440,7.6279,0.1428,1837.554109
2025-05-01 23:16:59,SELL,1835.809408,1836.726172,-0.0499,0.1101,0.3582,1832.824773
2025-05-01 23:16:59,BUY,1837.698433,1836.832996,0.0471,3.6624,0.3454,1837.785093
2025-05-01 23:16:59,BUY,1837.787456,1836.904129,0.0481,2.4387,0.1708,1837.851807
2025-05-01 23:17:23,BUY,1837.875565,1836.971299,0.0492,1.0060,0.7855,1838.593115
2025-05-01 23:17:23,SELL,1835.952400,1836.770379,-0.0445,6.8848,0.7854,1835.847676
2025-05-01 23:17:23,SELL,1835.851429,1836.769249,-0.0500,0.0387,0.2895,1828.988242
2025-05-01 23:17:23,BUY,1837.841964,1836.941955,0.0490,1.2968,0.1935,1837.979091
2025-05-01 23:17:35,BUY,1837.713676,1836.820390,0.0486,1.7533,0.1932,1837.814913
2025-05-01 23:17:47,BUY,1837.881427,1837.104593,0.0423,9.7433,0.8821,1837.964621
2025-05-01 23:17:47,BUY,1838.024917,1837.107210,0.0500,0.0897,0.8053,1846.273380
2025-05-01 23:17:59,BUY,1838.160739,1837.376153,0.0427,9.2171,0.1386,1838.174562
2025-05-01 23:18:23,BUY,1838.615729,1838.016744,0.0326,21.9449,3.9416,1838.780848
2025-05-01 23:18:35,BUY,1838.936988,1838.018262,0.0500,0.0520,0.1597,1841.762329
2025-05-01 23:19:11,BUY,1839.068353,1838.279385,0.0429,8.9443,0.1177,1839.080455
2025-05-01 23:19:47,BUY,1839.213499,1838.308399,0.0492,0.9938,0.1958,1839.394663
2025-05-01 23:19:59,BUY,1839.837413,1838.951518,0.0482,2.3303,0.2895,1839.951712
2025-05-01 23:19:59,BUY,1839.492302,1838.836752,0.0357,18.0956,2.3838,1839.613465
2025-05-01 23:19:59,BUY,1839.780001,1838.883472,0.0488,1.6000,0.7860,1840.231912
2025-05-01 23:20:11,BUY,1839.986927,1839.182404,0.0437,7.9039,2.3128,1840.256134
2025-05-01 23:20:35,SELL,1838.262240,1839.181262,-0.0500,0.0391,0.1655,1834.367329
2025-05-01 23:20:47,BUY,1840.121796,1839.222209,0.0489,1.4010,1.1129,1840.852708
2025-05-01 23:20:47,BUY,1919.188392,1839.222209,4.3478,0.0000,0.2380,19035373.409939
2025-05-01 23:20:59,SELL,1838.302540,1839.222092,-0.0500,0.0040,0.4512,1734.500526
2025-05-01 23:21:23,BUY,1840.231789,1839.401258,0.0452,6.1298,0.5962,1840.321280
2025-05-01 23:21:35,BUY,1840.323609,1839.405635,0.0499,0.1498,0.7953,1845.210322
2025-05-01 23:21:59,BUY,1840.339288,1839.432599,0.0493,0.9225,0.7890,1841.126282
2025-05-01 23:22:11,BUY,1840.486916,1839.700756,0.0427,9.1738,0.7427,1840.561413
2025-05-01 23:22:23,SELL,1838.927295,1839.846569,-0.0500,0.0450,0.2156,1834.518827
2025-05-01 23:22:23,BUY,1840.694666,1839.847884,0.0460,5.0331,0.3493,1840.758538
2025-05-01 23:23:47,SELL,1838.845818,1839.694113,-0.0461,4.8955,0.1288,1838.821623
2025-05-01 23:23:47,SELL,1838.922009,1839.837291,-0.0497,0.3172,0.7912,1836.628737
2025-05-01 23:23:47,BUY,1840.642018,1839.749281,0.0485,1.8872,0.2045,1840.741729
2025-05-01 23:23:59,SELL,1838.779725,1839.649870,-0.0473,3.3991,0.1680,1838.734291
2025-05-01 23:25:11,BUY,1840.715755,1839.940935,0.0421,9.9569,0.1297,1840.727743
2025-05-01 23:25:35,BUY,1841.539759,1840.644621,0.0486,1.7533,0.1538,1841.620517
2025-05-01 23:25:35,BUY,1841.187711,1840.593357,0.0323,22.3155,3.1517,1841.317732
2025-05-01 23:26:23,SELL,1839.723752,1840.643573,-0.0500,0.0358,0.3100,1831.767059
2025-05-01 23:26:35,BUY,1841.582639,1840.680122,0.0490,1.2500,0.3093,1841.810444
2025-05-01 23:27:23,SELL,1839.759153,1840.678881,-0.0500,0.0424,0.1952,1835.526288
2025-05-01 23:27:47,SELL,1839.757779,1840.678848,-0.0500,0.0011,0.1155,1744.977383
2025-05-01 23:28:35,SELL,1839.612920,1840.387537,-0.0421,9.9583,2.1046,1839.418531
2025-05-01 23:28:47,SELL,1839.466832,1840.386533,-0.0500,0.0343,0.4406,1827.659556
2025-05-01 23:28:47,BUY,1841.307719,1840.387562,0.0500,0.0352,0.4406,1852.835079
2025-05-01 23:28:59,SELL,1839.368686,1840.245781,-0.0477,2.9434,0.1251,1839.329607
2025-05-01 23:28:59,SELL,1839.439541,1840.331880,-0.0485,1.9036,0.1512,1839.366465
2025-05-01 23:29:23,SELL,1839.317871,1840.237654,-0.0500,0.0254,0.1413,1834.211752
2025-05-01 23:29:23,SELL,1839.321966,1840.238398,-0.0498,0.2524,0.3336,1838.106381
2025-05-01 23:29:35,BUY,1841.158538,1840.237758,0.0500,0.0036,0.1136,1870.601533
2025-05-01 23:29:59,SELL,1839.233528,1840.069457,-0.0454,5.7540,0.4534,1839.161059
2025-05-01 23:30:11,SELL,1839.077965,1839.926474,-0.0461,4.8886,0.4489,1838.993530
2025-05-01 23:30:35,SELL,1838.926447,1839.766270,-0.0456,5.4776,0.4400,1838.852582
2025-05-01 23:30:47,SELL,1838.726621,1839.526627,-0.0435,8.1942,1.4083,1838.568618
2025-05-01 23:30:59,SELL,1838.489167,1839.291124,-0.0436,8.0531,7.3722,1837.647652
2025-05-01 23:31:11,SELL,1838.089865,1838.727769,-0.0347,19.2770,5.1772,1837.843037
2025-05-01 23:31:23,SELL,1836.869142,1837.786983,-0.0499,0.0728,0.4444,1831.265518
2025-05-01 23:31:23,SELL,1836.869258,1837.788137,-0.0500,0.0010,0.4444,1436.748961
2025-05-01 23:31:23,BUY,1838.708002,1837.789110,0.0500,0.0333,0.1674,1843.327238
2025-05-01 23:31:23,SELL,1837.338779,1837.788167,-0.0245,32.1678,6.0537,1837.165895
2025-05-01 23:31:35,SELL,1836.676235,1837.594879,-0.0500,0.0105,0.2733,1812.837791
2025-05-01 23:31:35,SELL,1836.772236,1837.595186,-0.0448,6.5673,0.1080,1836.757139
2025-05-01 23:31:59,SELL,1836.653703,1837.550102,-0.0488,1.5332,0.1591,1836.558402
2025-05-01 23:32:23,SELL,1836.629585,1837.546617,-0.0499,0.1193,0.1074,1835.803427
2025-05-01 23:32:35,SELL,1836.444504,1837.179805,-0.0400,12.5624,3.8032,1836.166515
2025-05-01 23:32:59,SELL,1836.108536,1837.026606,-0.0500,0.0310,0.1837,1830.661538
2025-05-01 23:32:59,SELL,1836.183381,1837.027510,-0.0460,5.1002,0.4433,1836.103588
2025-05-01 23:32:59,SELL,1836.259489,1837.176357,-0.0499,0.1181,0.7740,1830.244205
2025-05-01 23:33:11,SELL,1835.900002,1836.818219,-0.0500,0.0132,0.2906,1815.626490
2025-05-01 23:33:11,SELL,1836.004140,1836.818603,-0.0443,7.1276,0.1253,1835.987998
2025-05-01 23:33:47,BUY,1837.751479,1836.846987,0.0492,0.9863,0.1063,1837.850514
2025-05-01 23:33:47,SELL,1835.928244,1836.846347,-0.0500,0.0219,0.2716,1824.545479
2025-05-01 23:33:59,BUY,1837.765504,1836.846890,0.0500,0.0186,0.1196,1843.668676
2025-05-01 23:36:35,SELL,1835.871844,1836.733590,-0.0469,3.8826,3.1551,1835.125905
2025-05-01 23:36:35,SELL,1835.739630,1836.582331,-0.0459,5.1835,0.4398,1835.661755
2025-05-01 23:36:35,SELL,1835.647020,1836.548275,-0.0491,1.1671,0.1544,1835.525628
2025-05-01 23:36:47,SELL,1835.628683,1836.545657,-0.0499,0.0897,0.4474,1831.051998
2025-05-01 23:37:35,BUY,1837.447193,1836.529232,0.0500,0.0523,0.1233,1839.612453
2025-05-01 23:37:35,SELL,1835.618412,1836.527706,-0.0495,0.6152,0.1928,1835.330790
2025-05-01 23:37:47,SELL,1835.503645,1836.314487,-0.0442,7.3596,0.1182,1835.488907
2025-05-01 23:37:47,BUY,1837.240398,1836.329069,0.0496,0.5000,0.1503,1837.516448
2025-05-01 23:37:59,SELL,1835.176420,1835.859896,-0.0372,16.0806,6.2847,1834.817803
2025-05-01 23:37:59,SELL,1834.940949,1835.857879,-0.0499,0.0692,0.7818,1824.569081
2025-05-01 23:38:11,SELL,1834.937757,1835.853492,-0.0499,0.1504,0.7965,1830.078028
2025-05-01 23:39:11,SELL,1834.914412,1835.811165,-0.0488,1.4508,0.7960,1834.411049
2025-05-01 23:40:35,BUY,1836.729639,1835.811328,0.0500,0.0056,0.1261,1857.490700
2025-05-01 23:40:47,SELL,1834.893094,1835.810672,-0.0500,0.0225,0.4532,1816.406512
2025-05-01 23:40:59,BUY,1836.736306,1835.825203,0.0496,0.4983,0.1706,1837.050770
2025-05-01 23:41:47,BUY,1836.809474,1835.956938,0.0464,4.5176,0.5688,1836.925108
2025-05-01 23:42:11,BUY,1836.964990,1836.136082,0.0451,6.1432,0.4570,1837.033321
2025-05-01 23:42:11,BUY,1837.058010,1836.142879,0.0498,0.2331,0.2918,1838.207923
2025-05-01 23:42:23,SELL,1835.479921,1836.303828,-0.0449,6.4632,0.7836,1835.368658
2025-05-01 23:42:23,BUY,1837.234758,1836.489419,0.0406,11.8826,0.1225,1837.244229
2025-05-01 23:42:23,BUY,1837.409636,1836.492417,0.0499,0.1028,0.7836,1844.413559
2025-05-01 23:42:35,SELL,1835.385356,1836.303256,-0.0500,0.0196,0.1224,1829.647722
2025-05-01 23:42:35,BUY,1837.351285,1836.482568,0.0473,3.4259,0.1555,1837.392985
2025-05-01 23:42:35,BUY,1837.261584,1836.382652,0.0479,2.7224,0.2187,1837.335388
2025-05-01 23:42:47,BUY,1837.402117,1836.484262,0.0500,0.0581,2.0789,1870.277011
2025-05-01 23:42:47,BUY,1837.493103,1836.664456,0.0451,6.1783,0.1377,1837.513575
2025-05-01 23:42:59,BUY,1837.781422,1837.060629,0.0392,13.5825,4.8460,1838.109268
2025-05-01 23:43:35,BUY,1837.980051,1837.060685,0.0500,0.0019,0.2986,1980.083811
2025-05-01 23:43:59,BUY,1837.978007,1837.059541,0.0500,0.0362,0.1257,1841.165490
2025-05-01 23:43:59,SELL,1836.141045,1837.058484,-0.0499,0.0754,0.2809,1832.722058
2025-05-01 23:45:11,BUY,1838.100068,1837.302523,0.0434,8.3288,2.1353,1838.335686
2025-05-01 23:45:35,BUY,1838.221792,1837.302837,0.0500,1.7533,0.1517,1838.301310
2025-05-01 23:45:47,SELL,1836.384030,1837.302607,-0.0500,0.0079,0.7851,1744.842273
2025-05-01 23:47:11,BUY,1838.222044,1837.303197,0.0500,0.0202,0.8004,1874.617421
2025-05-01 23:47:35,BUY,1838.266376,1837.391289,0.0476,3.0181,0.1780,1838.320586
2025-05-01 23:47:59,BUY,1838.371994,1837.514329,0.0467,4.2154,0.2670,1838.430205
2025-05-01 23:48:59,BUY,1838.433781,1837.514516,0.0500,0.0064,0.1207,1855.839749
2025-05-01 23:49:35,BUY,1838.434060,1837.514594,0.0500,0.0027,0.1413,1886.833467
2025-05-01 23:49:47,SELL,1836.594901,1837.512734,-0.0499,0.0637,0.3033,1832.221982
2025-05-01 23:51:23,BUY,1838.630767,1837.910192,0.0392,13.6160,1.7379,1838.748107
2025-05-01 23:51:35,BUY,1838.832883,1837.916736,0.0498,0.2242,0.7763,1842.016816
2025-05-01 23:52:11,BUY,1839.226036,1838.696193,0.0288,26.6981,9.5554,1839.555171
2025-05-01 23:52:23,SELL,1837.774504,1838.691510,-0.0499,0.1603,0.1228,1837.070689
2025-05-01 23:52:23,BUY,1839.612525,1838.691528,0.0501,0.0006,0.1189,2019.363013
2025-05-01 23:53:35,BUY,1839.702428,1838.873630,0.0451,6.2366,0.4841,1839.773828
2025-05-01 23:54:35,BUY,1839.793716,1838.873681,0.0500,0.0017,0.7750,2247.933505
2025-05-01 23:54:47,BUY,1839.794629,1838.875768,0.0500,0.0715,0.1602,1841.856058
2025-05-01 23:54:59,BUY,1839.930674,1839.145696,0.0427,9.2423,1.2150,1840.051609
2025-05-01 23:55:23,SELL,1838.188225,1839.069877,-0.0479,2.5935,0.2782,1838.089630
2025-05-01 23:55:35,BUY,1840.056548,1839.203180,0.0464,4.5616,0.2388,1840.104716
2025-05-01 23:56:23,BUY,1840.253617,1839.463809,0.0429,8.9170,1.7898,1840.438303
2025-05-01 23:57:11,BUY,1840.384536,1839.464852,0.0500,0.0357,0.1760,1844.922630
2025-05-01 23:57:59,SELL,1838.543929,1839.462477,-0.0499,0.0812,0.7881,1829.622675
2025-05-01 23:58:23,SELL,1838.516064,1839.409088,-0.0485,1.8256,0.4420,1838.293508
2025-05-01 23:58:59,SELL,1838.474769,1839.379845,-0.0492,1.0000,0.1485,1838.338287
2025-05-01 23:58:59,SELL,1838.459168,1839.377871,-0.0499,0.0675,0.2879,1834.539016
2025-05-01 23:59:59,SELL,1838.456630,1839.374781,-0.0499,0.1056,0.7776,1831.690945
